date,open,high,low,close,volume,Name,daily_return,MA20,MA50,volatility,RSI,BB_upper,BB_lower,target,stock,indexed_price,cumulative_return
2013-02-08,12.37,12.4699,12.29,12.37,7677336,NVDA,,,,,,,,1.0,NVDA,100.0,
2013-02-11,12.47,12.635,12.35,12.51,10207599,NVDA,0.011317704122878025,,,,,,,0.0,NVDA,101.1317704122878,0.011317704122878025
2013-02-12,12.395,12.565,12.38,12.43,6945065,NVDA,-0.006394884092725817,,,,,,,0.0,NVDA,100.48504446240906,0.004850444624090677
2013-02-13,12.44,12.665,12.33,12.37,21322573,NVDA,-0.00482703137570395,,,,,,,1.0,NVDA,100.0,2.220446049250313e-16
2013-02-14,12.2,12.74,12.05,12.73,22049335,NVDA,0.029102667744543398,,,,,,,1.0,NVDA,102.91026677445434,0.02910266774454362
2013-02-15,12.7,12.79,12.45,12.731,18346464,NVDA,7.855459544381382e-05,,,,,,,0.0,NVDA,102.91835084882781,0.02918350848827833
2013-02-19,12.74,12.75,12.48,12.555,10838622,NVDA,-0.013824522818317475,,,,,,,0.0,NVDA,101.49555375909458,0.014955537590946033
2013-02-20,12.6,12.8,12.34,12.38,17825217,NVDA,-0.013938669852648244,,,,,,,0.0,NVDA,100.08084074373484,0.0008084074373486683
2013-02-21,12.36,12.5,12.26,12.29,14510133,NVDA,-0.0072697899838450875,,,,,,,1.0,NVDA,99.35327405012127,-0.006467259498787348
2013-02-22,12.37,12.53,12.3,12.52,9253663,NVDA,0.018714401952807158,,,,,,,0.0,NVDA,101.21261115602265,0.012126111560226471
2013-02-25,12.55,12.65,12.28,12.3,16111033,NVDA,-0.01757188498402551,,,,,,,1.0,NVDA,99.43411479385612,-0.0056588520614387905
2013-02-26,12.25,12.435,12.2091,12.37,12187503,NVDA,0.005691056910569037,,,,,,,1.0,NVDA,100.0,0.0
2013-02-27,12.37,12.69,12.34,12.6,11924412,NVDA,0.01859337105901382,,,,,,,1.0,NVDA,101.85933710590137,0.01859337105901382
2013-02-28,12.56,12.85,12.51,12.66,14784738,NVDA,0.004761904761904745,,,,57.66384778012687,,,1.0,NVDA,102.34438156831042,0.023443815683104274
2013-03-01,12.57,12.75,12.455,12.71,9734824,NVDA,0.003949447077409296,,,,58.7538619979403,,,0.0,NVDA,102.74858528698465,0.027485852869846505
2013-03-04,12.62,12.775,12.52,12.655,8841914,NVDA,-0.0043273013375296765,,,,53.904146472805586,,,1.0,NVDA,102.303961196443,0.02303961196443005
2013-03-05,12.73,12.82,12.665,12.8,9152494,NVDA,0.011457921770051449,,,,59.62539021852238,,,0.0,NVDA,103.47615198059823,0.0347615198059823
2013-03-06,12.88,13.0,12.73,12.79,8572283,NVDA,-0.0007812500000000666,,,,61.21794871794868,,,0.0,NVDA,103.39531123686339,0.03395311236863385
2013-03-07,12.86,12.99,12.6871,12.76,7869650,NVDA,-0.0023455824863173325,,,,50.97276264591437,,,1.0,NVDA,103.15278900565885,0.03152789005658874
2013-03-08,12.79,12.88,12.73,12.82,6161582,NVDA,0.004702194357366851,12.56755,,,52.779512804497195,12.92896562311497,12.206134376885032,0.0,NVDA,103.63783346806792,0.036378334680679414
2013-03-11,12.69,12.75,12.59,12.695,7493637,NVDA,-0.00975039001560063,12.5838,,0.012115279895406771,54.51612903225807,12.936947412190497,12.230652587809503,1.0,NVDA,102.62732417138238,0.026273241713824058
2013-03-12,12.68,12.78,12.56,12.74,7771097,NVDA,0.0035447026388342184,12.5953,,0.011902063977961508,62.6760563380281,12.953275065288665,12.237324934711335,0.0,NVDA,102.99110751818918,0.029911075181892066
2013-03-13,12.74,12.9562,12.62,12.74,12145898,NVDA,0.0,12.610800000000001,,0.011778822667301334,66.9172932330827,12.965469067397235,12.256130932602767,1.0,NVDA,102.99110751818918,0.029911075181892066
2013-03-14,12.82,12.86,12.67,12.75,9582541,NVDA,0.0007849293563579884,12.6298,,0.011691754279084636,60.36036036036035,12.970596342950484,12.289003657049514,0.0,NVDA,103.071948261924,0.030719482619240512
2013-03-15,12.75,12.75,12.59,12.64,8894379,NVDA,-0.008627450980392082,12.6253,,0.009927779791223609,66.99999999999993,12.962887166131718,12.28771283386828,0.0,NVDA,102.18270008084076,0.021827000808407826
2013-03-18,12.56,12.67,12.46,12.55,7457792,NVDA,-0.007120253164557,12.61625,,0.010042862952055021,58.82352941176474,12.951603309369785,12.280896690630216,0.0,NVDA,101.45513338722718,0.014551333872272032
2013-03-19,12.56,12.62,12.38,12.47,8869010,NVDA,-0.0063745019920318224,12.612,,0.009660052439302933,42.528735632184,12.952732956093806,12.271267043906194,1.0,NVDA,100.80840743734845,0.008084074373484684
2013-03-20,12.59,12.66,12.475,12.62,8514701,NVDA,0.01202886928628688,12.624,,0.009473082574332247,47.91666666666662,12.946761114203847,12.301238885796154,0.0,NVDA,102.02101859337105,0.020210185933710934
2013-03-21,12.55,12.57,12.4,12.42,8475752,NVDA,-0.015847860538827252,12.630500000000001,,0.01004432334042263,36.93693693693691,12.929285259976043,12.33171474002396,1.0,NVDA,100.40420371867422,0.004042037186742453
2013-03-22,12.46,12.53,12.41,12.48,5764549,NVDA,0.004830917874396157,12.628499999999999,,0.00916599273145825,42.15246636771305,12.930913101916119,12.32608689808388,0.0,NVDA,100.88924818108327,0.008892481810832908
2013-03-25,12.55,12.56,12.32,12.41,9051901,NVDA,-0.005608974358974339,12.634,,0.008318335514743667,31.249999999999957,12.914462024824083,12.353537975175918,1.0,NVDA,100.32336297493939,0.003233629749394007
2013-03-26,12.44,12.51,12.39,12.5,5813496,NVDA,0.00725221595487513,12.6405,,0.00837694616607352,37.05357142857144,12.90047773183993,12.38052226816007,1.0,NVDA,101.05092966855295,0.010509296685529801
2013-03-27,12.45,12.72,12.42,12.65,6372811,NVDA,0.01200000000000001,12.642999999999999,,0.007734876539975163,45.56451612903227,12.902298649193717,12.38370135080628,1.0,NVDA,102.2635408245756,0.022635408245756272
2013-03-28,12.62,12.84,12.53,12.83,8731828,NVDA,0.014229249011857625,12.6515,,0.008296365650283256,50.367647058823515,12.923956660001092,12.379043339998908,0.0,NVDA,103.71867421180276,0.03718674211802786
2013-04-01,12.8,12.8,12.32,12.41,11070635,NVDA,-0.03273577552611062,12.6365,,0.01111626224838156,41.38972809667672,12.92777848855475,12.34522151144525,0.0,NVDA,100.32336297493939,0.003233629749394007
2013-04-02,12.42,12.45,12.2,12.275,9288074,NVDA,-0.010878323932312584,12.6175,,0.011310120893959151,36.67621776504297,12.950310994251602,12.284689005748398,0.0,NVDA,99.232012934519,-0.007679870654809684
2013-04-03,12.26,12.33,12.04,12.126,8812967,NVDA,-0.012138492871690554,12.5838,,0.011120590064035806,33.79091869060187,12.97087464260446,12.19672535739554,1.0,NVDA,98.02748585286984,-0.019725141471301333
2013-04-04,12.09,12.29,12.05,12.245,7366850,NVDA,0.009813623618670553,12.55655,,0.011461023358566962,37.39390913629553,12.958935766725364,12.154164233274635,1.0,NVDA,98.98949070331447,-0.010105092966855134
2013-04-05,12.07,12.46,12.04,12.46,13783274,NVDA,0.01755818701510825,12.541549999999999,,0.012274924301061878,45.73055028462999,12.934252632910372,12.148847367089626,0.0,NVDA,100.7275666936136,0.007275666936136016
2013-04-08,12.47,12.47,12.195,12.43,8166419,NVDA,-0.0024077046548957037,12.52205,,0.012200256609004766,47.07031249999998,12.894757575509415,12.149342424490586,1.0,NVDA,100.48504446240906,0.004850444624090677
2013-04-09,12.44,12.72,12.35,12.63,9514523,NVDA,0.016090104585679832,12.5188,,0.012637884478388076,53.690036900369,12.886254171865083,12.151345828134918,1.0,NVDA,102.10185933710592,0.021018593371059158
2013-04-10,12.64,12.85,12.61,12.83,9617104,NVDA,0.015835312747426666,12.5233,,0.013118244169926687,54.733994589720474,12.904121328460642,12.14247867153936,0.0,NVDA,103.71867421180276,0.03718674211802764
2013-04-11,12.65,12.85,12.3,12.77,24229958,NVDA,-0.004676539360872978,12.524799999999999,,0.013167975369881893,58.421559191530285,12.909432483506556,12.140167516493442,1.0,NVDA,103.2336297493937,0.03233629749393696
2013-04-12,12.83,13.23,12.72,13.09,19262936,NVDA,0.025058731401722767,12.541799999999999,,0.014295106191614363,63.04533789563725,12.99268946013758,12.090910539862417,0.0,NVDA,105.82053354890866,0.058205335489086574
2013-04-15,13.05,13.09,12.74,12.82,10760467,NVDA,-0.02062643239113826,12.550799999999999,,0.014974370920475358,58.077226162332536,13.016872774981492,12.084727225018506,1.0,NVDA,103.63783346806792,0.03637833468067919
2013-04-16,12.94,13.05,12.87,12.96,11721027,NVDA,0.010920436817472678,12.571299999999999,,0.015014578928300298,58.887171561051,13.072005228967893,12.070594771032106,0.0,NVDA,104.76960388035572,0.047696038803556995
2013-04-17,12.86,12.98,12.71,12.785,13323630,NVDA,-0.013503086419753174,12.58705,,0.015298675088257904,52.583237657864515,13.094115229894955,12.079984770105044,0.0,NVDA,103.35489086499597,0.03354890864995941
2013-04-18,12.82,12.9,12.54,12.54,10063689,NVDA,-0.019163081736409904,12.58305,,0.015737397072236155,44.58551157580284,13.090282937250315,12.075817062749685,1.0,NVDA,101.37429264349231,0.01374292643492292
2013-04-19,12.53,12.605,12.37,12.57,7575697,NVDA,0.0023923444976077235,12.59055,,0.015305438573967177,53.49650349650348,13.09203515221763,12.089064847782371,1.0,NVDA,101.61681487469684,0.01616814874696826
2013-04-22,12.56,12.7,12.46,12.59,6139119,NVDA,0.0015910898965791898,12.596050000000002,12.587539999999999,0.015276669377193939,57.248044178554956,13.094835672777823,12.097264327222181,1.0,NVDA,101.77849636216654,0.01778496362166515
2013-04-23,12.7,13.05,12.68,12.92,9422491,NVDA,0.026211278792692694,12.621550000000001,12.59854,0.016228773308106983,66.86491079014439,13.13229001007826,12.110809989921743,1.0,NVDA,104.44624090541635,0.04446240905416321
2013-04-24,12.96,13.47,12.95,13.36,13913473,NVDA,0.034055727554179516,12.66455,12.615540000000001,0.017712000189867752,70.84112149532706,13.268504851920158,12.060595148079843,1.0,NVDA,108.00323362974939,0.08003233629749373
2013-04-25,13.43,13.5,13.31,13.47,8830561,NVDA,0.00823353293413187,12.70555,12.63634,0.01763652081502133,69.64980544747077,13.408556318755766,12.002543681244235,0.0,NVDA,108.89248181083266,0.08892481810832664
2013-04-26,13.45,13.47,13.335,13.41,8108269,NVDA,-0.0044543429844098315,12.73455,12.657140000000002,0.017521200321014743,68.84615384615383,13.503893801047706,11.965206198952295,1.0,NVDA,108.40743734842361,0.08407437348423596
2013-04-29,13.43,13.62,13.37,13.57,6742210,NVDA,0.011931394481730084,12.79255,12.67394,0.015548060714631686,68.35937499999996,13.630698454379626,11.954401545620374,1.0,NVDA,109.70088924818108,0.09700889248181088
2013-04-30,13.6,13.77,13.51,13.77,6917579,NVDA,0.014738393515106862,12.8673,12.69472,0.015258991454602876,68.35937499999996,13.774886759663119,11.959713240336882,0.0,NVDA,111.31770412287794,0.11317704122877936
2013-05-01,13.77,13.86,13.6025,13.65,8532822,NVDA,-0.008714596949890963,12.9435,12.71662,0.015064243787145437,66.79389312977099,13.844914677633243,12.042085322366757,1.0,NVDA,110.34761519805983,0.10347615198059845
2013-05-02,13.64,13.85,13.56,13.81,8086750,NVDA,0.01172161172161168,13.02175,12.74522,0.015095380495832625,64.6341463414634,13.939420248079637,12.104079751920365,1.0,NVDA,111.64106709781731,0.11641067097817315
2013-05-03,13.9,13.97,13.82,13.87,7346592,NVDA,0.004344677769732019,13.092250000000002,12.77682,0.014856591637610972,73.33333333333329,14.044214589124715,12.140285410875288,0.0,NVDA,112.12611156022636,0.1212611156022636
2013-05-06,13.87,13.945,13.75,13.83,5427497,NVDA,-0.002883922134102268,13.16225,12.803020000000002,0.014870272267959516,70.23255813953486,14.115065633571872,12.209434366428129,0.0,NVDA,111.80274858528698,0.11802748585287004
2013-05-07,13.83,13.86,13.52,13.65,11201659,NVDA,-0.013015184381778733,13.213249999999999,12.83002,0.015195340329540324,70.0696055684455,14.155242708654326,12.271257291345671,1.0,NVDA,110.34761519805983,0.10347615198059845
2013-05-08,13.67,13.98,13.62,13.899,8348753,NVDA,0.01824175824175822,13.2667,12.8606,0.01530313543138955,81.47290412227888,14.23798760985233,12.29541239014767,1.0,NVDA,112.3605497170574,0.12360549717057423
2013-05-09,13.65,13.97,13.63,13.91,14147961,NVDA,0.0007914238434421073,13.323699999999999,12.886800000000001,0.015186102436403219,81.30841121495331,14.30599507840193,12.341404921598068,1.0,NVDA,112.44947453516573,0.12449474535165761
2013-05-10,14.2,14.6,14.2,14.54,21528101,NVDA,0.04529115744069001,13.396199999999999,12.924399999999999,0.01717837062509413,85.4545454545455,14.510975143718523,12.281424856281474,0.0,NVDA,117.5424413904608,0.17542441390460817
2013-05-13,14.44,14.5,14.18,14.24,7245247,NVDA,-0.02063273727647863,13.4672,12.955,0.017178873531051762,74.26470588235298,14.608031571128814,12.326368428871186,1.0,NVDA,115.11721907841552,0.15117219078415545
2013-05-14,14.41,14.57,14.265,14.45,11353420,NVDA,0.014747191011235783,13.541699999999997,12.9909,0.017264635774791447,71.88755020080325,14.736403063746945,12.34699693625305,1.0,NVDA,116.81487469684721,0.16814874696847215
2013-05-15,14.38,14.75,14.38,14.695,7829110,NVDA,0.01695501730103821,13.637200000000002,13.0288,0.01682907663383766,73.33333333333337,14.881542921088554,12.39285707891145,0.0,NVDA,118.79547291835087,0.18795472918350864
2013-05-16,14.68,14.83,14.58,14.63,7709115,NVDA,-0.004423273222184387,13.7417,13.065600000000002,0.015915480233846313,73.19391634980995,14.94854435834253,12.534855641657469,1.0,NVDA,118.27000808407439,0.18270008084074396
2013-05-17,14.7,14.97,14.59,14.87,7802832,NVDA,0.01640464798359531,13.8567,13.107800000000003,0.01597062231732996,73.98523985239858,15.031337968863077,12.682062031136923,0.0,NVDA,120.2101859337106,0.202101859337106
2013-05-20,14.81,14.895,14.76,14.84,5909473,NVDA,-0.0020174848688634395,13.9692,13.1482,0.016073511460766167,71.06299212598432,15.061098703611014,12.877301296388987,1.0,NVDA,119.96766370250607,0.1996766370250609
2013-05-21,14.85,14.98,14.675,14.92,8944627,NVDA,0.005390835579514919,14.0692,13.1927,0.015522395015217696,75.40000000000006,15.122151060991039,13.016248939008962,0.0,NVDA,120.6143896523848,0.20614389652384846
2013-05-22,14.98,14.98,14.34,14.4,12009887,NVDA,-0.034852546916890104,14.121199999999998,13.225900000000001,0.016868476780798697,60.314685314685335,15.128409506246705,13.113990493753292,1.0,NVDA,116.41067097817302,0.16410670978173036
2013-05-23,14.23,14.675,14.19,14.63,9847057,NVDA,0.015972222222222276,14.1792,13.263700000000002,0.017061014365865865,62.54125412541259,15.161814471702941,13.196585528297058,0.0,NVDA,118.27000808407439,0.18270008084074418
2013-05-24,14.55,14.67,14.38,14.54,7082532,NVDA,-0.0061517429938483525,14.2357,13.2995,0.01711088241997682,61.52597402597403,15.160326376890774,13.311073623109225,0.0,NVDA,117.5424413904608,0.17542441390460817
2013-05-28,14.65,14.69,14.39,14.53,6982413,NVDA,-0.0006877579092159358,14.2837,13.337299999999997,0.017043001103611996,65.12027491408935,15.161293863625847,13.406106136374152,0.0,NVDA,117.46160064672596,0.17461600646725972
2013-05-29,14.44,14.5301,14.38,14.44,8376206,NVDA,-0.00619408121128695,14.3172,13.3751,0.016963012790247443,59.8327880770629,15.162796544333958,13.471603455666042,1.0,NVDA,116.73403395311237,0.16734033953112393
2013-05-30,14.42,14.775,14.38,14.63,7112502,NVDA,0.013157894736842257,14.366199999999997,13.418299999999999,0.01690594303016766,62.28668941979524,15.161062080059079,13.571337919940916,0.0,NVDA,118.27000808407439,0.18270008084074418
2013-05-31,14.55,14.76,14.47,14.47,14437491,NVDA,-0.010936431989063577,14.399199999999999,13.4553,0.017091775616080666,48.57723577235775,15.150439425006617,13.64796057499338,0.0,NVDA,116.9765561843169,0.1697655618431695
2013-06-03,14.49,14.6,14.15,14.45,11111622,NVDA,-0.0013821700069109877,14.428199999999999,13.495899999999999,0.017106770372897304,54.816513761467874,15.137004954241966,13.71939504575803,1.0,NVDA,116.81487469684721,0.16814874696847237
2013-06-04,14.54,14.8,14.38,14.47,9091806,NVDA,0.0013840830449827202,14.4602,13.535699999999999,0.01706673438826757,50.502512562814104,15.110680826207219,13.809719173792782,0.0,NVDA,116.9765561843169,0.16976556184316927
2013-06-05,14.45,14.56,14.12,14.16,11612947,NVDA,-0.0214236351071182,14.4857,13.570699999999999,0.01756286994656836,36.9829683698297,15.034485491598986,13.936914508401014,1.0,NVDA,114.47049312853679,0.1447049312853681
2013-06-06,14.16,14.36,14.15,14.25,8393406,NVDA,0.006355932203389925,14.50325,13.605699999999999,0.017180642142915127,40.86538461538461,14.992226105325214,14.014273894674785,1.0,NVDA,115.19805982215037,0.15198059822150412
2013-06-07,14.35,14.54,14.29,14.445,6864547,NVDA,0.013684210526315743,14.529999999999998,13.6416,0.017397609163239812,39.557739557739616,14.933367404679608,14.126632595320388,0.0,NVDA,116.77445432497979,0.16774454324979837
2013-06-10,14.41,14.53,14.33,14.44,5603577,NVDA,-0.0003461405330564826,14.525,13.673799999999998,0.014106788327089396,40.049751243781124,14.930319886665318,14.119680113334683,0.0,NVDA,116.73403395311237,0.16734033953112415
2013-06-11,14.25,14.45,14.17,14.17,7407635,NVDA,-0.018698060941828243,14.5215,13.709000000000001,0.013965587605241227,32.95454545454551,14.938230381093561,14.104769618906438,0.0,NVDA,114.55133387227163,0.14551333872271677
2013-06-12,14.24,14.355,13.97,14.05,7814620,NVDA,-0.008468595624558817,14.501500000000002,13.7445,0.013622537265846188,40.27777777777782,14.968090093968511,14.034909906031492,1.0,NVDA,113.58124494745351,0.13581244947453586
2013-06-13,14.0,14.44,13.99,14.37,5905741,NVDA,0.022775800711743566,14.485249999999999,13.78938,0.014087625472931723,43.1216931216931,14.946067066113137,14.02443293388686,0.0,NVDA,116.16814874696848,0.16168148746968525
2013-06-14,14.42,14.441,14.25,14.35,5900263,NVDA,-0.0013917884481559062,14.471249999999998,13.831479999999999,0.014065403929708141,44.7802197802198,14.930561555769309,14.011938444230687,1.0,NVDA,116.00646725949879,0.16006467259498836
2013-06-17,14.46,14.62,14.38,14.49,6383306,NVDA,0.009756097560975618,14.452249999999998,13.87208,0.013709677713099423,48.974358974359,14.87182967689489,14.032670323105105,0.0,NVDA,117.1382376717866,0.17138237671786638
2013-06-18,14.56,14.72,14.28,14.4,12169286,NVDA,-0.006211180124223614,14.430250000000001,13.91148,0.013754776247471777,48.974358974359,14.80831258184266,14.052187418157342,1.0,NVDA,116.41067097817302,0.1641067097817306
2013-06-19,14.53,15.48,14.48,14.84,28989638,NVDA,0.030555555555555447,14.42625,13.95568,0.015455767933973782,54.77272727272725,14.783621618464972,14.068878381535027,0.0,NVDA,119.96766370250607,0.1996766370250611
2013-06-20,14.72,14.74,14.335,14.44,15717345,NVDA,-0.02695417789757415,14.42825,13.98788,0.014599735565175492,49.38524590163932,14.78545073967045,14.07104926032955,0.0,NVDA,116.73403395311237,0.16734033953112415
2013-06-21,14.52,14.57,14.18,14.415,17856555,NVDA,-0.0017313019390582385,14.4175,14.02078,0.014124630872068033,49.284253578732105,14.761845297935938,14.073154702064063,0.0,NVDA,116.53193209377525,0.16531932093775303
2013-06-24,14.21,14.39,13.91,14.12,14519268,NVDA,-0.020464793617759325,14.3965,14.041380000000002,0.01476632879736509,43.5661764705882,14.760080151157693,14.032919848842306,1.0,NVDA,114.1471301535974,0.14147130153597454
2013-06-25,14.27,14.3,14.07,14.22,11433991,NVDA,0.00708215297450443,14.381,14.069379999999999,0.01488669536466594,51.19521912350599,14.747039974808702,14.014960025191298,0.0,NVDA,114.95553759094585,0.149555375909459
2013-06-26,14.38,14.395,14.08,14.14,14493715,NVDA,-0.005625879043600568,14.366000000000003,14.09298,0.01487674483003778,47.80000000000002,14.746174475180817,13.98582552481919,0.0,NVDA,114.30881164106712,0.14308811641067165
2013-06-27,14.18,14.2,13.86,14.01,20200844,NVDA,-0.009193776520509234,14.335000000000003,14.11748,0.014598563895122211,41.06776180698151,14.725505744954111,13.944494255045894,1.0,NVDA,113.25788197251416,0.13257881972514207
2013-06-28,14.01,14.18,13.83,14.04,10788354,NVDA,0.0021413276231263545,14.3135,14.14748,0.014472472238976434,41.86991869918698,14.719742084943206,13.907257915056793,1.0,NVDA,113.50040420371867,0.1350040420371874
2013-07-01,14.14,14.17,14.0149,14.1,4988089,NVDA,0.004273504273504258,14.296000000000001,14.17808,0.01452814695014119,48.44444444444444,14.707602772227446,13.884397227772556,0.0,NVDA,113.98544866612774,0.13985448666127787
2013-07-02,14.02,14.3,13.96,14.09,6409772,NVDA,-0.0007092198581559739,14.276999999999997,14.20808,0.014516654976754018,50.93457943925231,14.689864193295223,13.864135806704772,1.0,NVDA,113.9046079223929,0.13904607922392942
2013-07-03,13.97,14.3,13.97,14.13,3509626,NVDA,0.002838892831795725,14.2755,14.232279999999998,0.013732897507155568,43.54838709677425,14.690367131551968,13.86063286844803,1.0,NVDA,114.22797089733227,0.1422797089733232
2013-07-05,14.17,14.27,14.075,14.24,4617003,NVDA,0.007784854918612805,14.275,14.249879999999997,0.013771458597361074,47.1794871794872,14.690020608239172,13.85997939176083,0.0,NVDA,115.11721907841552,0.1511721907841559
2013-07-08,14.28,14.35,14.09,14.165,6552091,NVDA,-0.005266853932584303,14.261000000000001,14.263780000000002,0.013432116270368081,41.37931034482757,14.670731619477987,13.851268380522015,1.0,NVDA,114.51091350040421,0.14510913500404277
2013-07-09,14.2,14.3275,14.16,14.241,3934067,NVDA,0.0053653370984823034,14.251050000000001,14.2804,0.013504865041570117,45.750935328701225,14.65205110250544,13.850048897494561,1.0,NVDA,115.12530315278902,0.15125303152789105
2013-07-10,14.24,14.47,14.2,14.43,5211631,NVDA,0.013271539919949449,14.264050000000001,14.2976,0.013137887275191065,37.345679012345705,14.670804277304267,13.857295722695735,1.0,NVDA,116.65319320937752,0.16653193209377637
2013-07-11,14.51,14.65,14.48,14.63,5995754,NVDA,0.013860013860014009,14.29305,14.3148,0.013240011227481415,56.69014084507044,14.717850869758317,13.868249130241681,1.0,NVDA,118.27000808407439,0.18270008084074507
2013-07-12,14.6,14.78,14.55,14.64,5408977,NVDA,0.0006835269993163973,14.306549999999998,14.334599999999998,0.012314132136233323,58.00711743772244,14.757974167438366,13.85512583256163,0.0,NVDA,118.35084882780922,0.1835084882780933
2013-07-15,14.67,14.67,14.38,14.61,5033274,NVDA,-0.002049180327868938,14.319549999999998,14.3506,0.012321736446044552,71.49122807017534,14.790782862315831,13.848317137684164,1.0,NVDA,118.10832659660468,0.18108326596604796
2013-07-16,14.67,14.77,14.595,14.69,4063924,NVDA,0.005475701574264136,14.329550000000001,14.367,0.012197650971939377,70.98214285714272,14.823932538867323,13.835167461132679,0.0,NVDA,118.75505254648344,0.1875505254648353
2013-07-17,14.69,14.74,14.57,14.61,4152447,NVDA,-0.005445881552076259,14.34005,14.3826,0.012175823941999064,70.98214285714272,14.849425458669531,13.830674541330469,0.0,NVDA,118.10832659660468,0.18108326596604796
2013-07-18,14.59,14.64,14.36,14.55,8611201,NVDA,-0.004106776180698102,14.325550000000002,14.400599999999999,0.009986822786358547,75.7142857142857,14.789486236544427,13.861613763455576,0.0,NVDA,117.62328213419563,0.1762328213419575
2013-07-19,14.46,14.53,14.09,14.24,12013213,NVDA,-0.02130584192439866,14.315550000000002,14.40742,0.009266278569697878,57.51879699248123,14.777717650146744,13.85338234985326,0.0,NVDA,115.11721907841552,0.15117219078415634
2013-07-22,14.35,14.48,14.17,14.23,7309515,NVDA,-0.000702247191011196,14.306299999999998,14.413820000000001,0.00926285065233682,55.07812500000002,14.767491180816819,13.845108819183178,0.0,NVDA,115.0363783346807,0.1503637833468079
2013-07-23,14.41,14.41,14.14,14.21,6169787,NVDA,-0.0014054813773717312,14.3108,14.407220000000002,0.008007437132065209,54.6511627906977,14.766055440153691,13.85554455984631,0.0,NVDA,114.87469684721101,0.148746968472111
2013-07-24,14.34,14.38,14.19,14.21,7106268,NVDA,0.0,14.310300000000002,14.40662,0.007849004057146997,53.19999999999999,14.76599708313638,13.854602916863623,1.0,NVDA,114.87469684721101,0.148746968472111
2013-07-25,14.2,14.445,14.1,14.26,6082933,NVDA,0.0035186488388458947,14.316299999999998,14.402819999999998,0.007770342273891486,50.84033613445376,14.765672006248781,13.866927993751215,0.0,NVDA,115.27890056588521,0.15278900565885323
2013-07-26,14.09,14.285,14.09,14.2,5683999,NVDA,-0.004207573632538653,14.325799999999997,14.392919999999998,0.007520566929344529,51.48936170212766,14.755510600288211,13.896089399711784,0.0,NVDA,114.79385610347614,0.14793856103476255
2013-07-29,14.17,14.35,14.13,14.17,4488482,NVDA,-0.0021126760563380254,14.3323,14.383719999999999,0.007537815492418989,46.85562444641277,14.747495629223591,13.917104370776409,1.0,NVDA,114.55133387227163,0.1455133387227172
2013-07-30,14.22,14.6,14.21,14.41,6651862,NVDA,0.016937191249117856,14.347800000000001,14.37452,0.008359619804502656,49.15254237288137,14.749404466320385,13.946195533679617,1.0,NVDA,116.49151172190786,0.16491511721907948
2013-07-31,14.34,14.58,14.33,14.435,6753993,NVDA,0.001734906315058904,14.365050000000002,14.36642,0.00834931178769504,40.298507462686544,14.749292508402206,13.980807491597798,1.0,NVDA,116.69361358124495,0.16693613581245037
2013-08-01,14.49,14.67,14.32,14.64,6940830,NVDA,0.014201593349497665,14.390550000000001,14.360819999999999,0.008835998896071348,50.0,14.776799156020282,14.00430084397972,1.0,NVDA,118.35084882780922,0.18350848827809307
2013-08-02,14.61,14.79,14.51,14.76,5228977,NVDA,0.008196721311475308,14.41655,14.36802,0.008851120121868245,55.81395348837212,14.829231334943309,14.003868665056693,1.0,NVDA,119.32093775262733,0.19320937752627398
2013-08-05,14.72,14.88,14.645,14.83,4629714,NVDA,0.004742547425474308,14.4498,14.37202,0.008710458636048031,55.468750000000036,14.883754933386628,14.015845066613371,0.0,NVDA,119.88682295877122,0.1988682295877131
2013-08-06,14.84,14.87,14.58,14.61,5165229,NVDA,-0.014834794335805812,14.468250000000001,14.373420000000001,0.009477645478824816,50.0,14.896161390237285,14.040338609762717,0.0,NVDA,118.10832659660468,0.18108326596604774
2013-08-07,14.53,14.75,14.52,14.6,6110689,NVDA,-0.000684462696783017,14.476750000000001,14.374820000000001,0.009055972328487552,51.824817518248146,14.908201345064498,14.045298654935504,1.0,NVDA,118.02748585286984,0.1802748585286993
2013-08-08,14.68,14.765,14.51,14.699,8623655,NVDA,0.006780821917808266,14.4802,14.38,0.008640242406202682,69.80155306298533,14.917869714450791,14.042530285549208,0.0,NVDA,118.8278092158448,0.18827809215844882
2013-08-09,14.12,14.71,14.11,14.49,22655840,NVDA,-0.01421865433022651,14.4727,14.3772,0.009225517497959168,59.57290132547865,14.903933286480171,14.041466713519828,0.0,NVDA,117.1382376717866,0.17138237671786682
2013-08-12,13.9,14.58,13.11,14.37,6439163,NVDA,-0.008281573498964856,14.4607,14.3752,0.009385388348809852,55.486968449931354,14.889194598627217,14.032205401372781,1.0,NVDA,116.16814874696848,0.1616814874696857
2013-08-13,14.39,14.48,14.3,14.42,4936666,NVDA,0.003479471120389821,14.4472,14.374600000000001,0.009325717972070572,56.962864721485374,14.862073271709585,14.032326728290416,1.0,NVDA,116.57235246564268,0.16572352465642792
2013-08-14,14.39,15.12,14.38,15.03,20717958,NVDA,0.0423023578363384,14.4682,14.3858,0.013343301012514354,68.61702127659572,14.954193545549586,13.982206454450413,1.0,NVDA,121.50363783346808,0.2150363783346818
2013-08-15,14.87,15.25,14.81,15.125,18090389,NVDA,0.00632069194943452,14.496949999999998,14.4051,0.013316315367376246,71.9923918212078,15.064505228010608,13.929394771989388,1.0,NVDA,122.27162489894907,0.22271624898949183
2013-08-16,15.1,15.4,15.07,15.189,16511365,NVDA,0.004231404958677798,14.5444,14.423880000000002,0.012133449368962206,73.8418343472157,15.176513380902401,13.912286619097598,0.0,NVDA,122.78900565885206,0.2278900565885218
2013-08-19,15.1,15.15,14.94,14.95,9835807,NVDA,-0.015735071433274128,14.580400000000001,14.433979999999998,0.012839507872901407,62.64044943820221,15.219097490374438,13.941702509625564,0.0,NVDA,120.85691188358933,0.20856911883589446
2013-08-20,14.87,15.05,14.85,14.95,5855371,NVDA,0.0,14.617399999999998,14.444180000000001,0.01282056110332396,62.1980104216011,15.251470691725569,13.983329308274428,0.0,NVDA,120.85691188358933,0.20856911883589446
2013-08-21,14.86,15.05,14.82,14.88,6538524,NVDA,-0.004682274247491569,14.650899999999998,14.45838,0.012913310669963861,56.07287449392713,15.264818527082234,14.036981472917763,1.0,NVDA,120.29102667744544,0.20291026677445556
2013-08-22,14.87,15.1,14.87,14.96,3225090,NVDA,0.005376344086021501,14.6859,14.476580000000002,0.012928570314322952,55.16528925619838,15.285636047204,14.086163952796001,0.0,NVDA,120.93775262732419,0.2093775262732429
2013-08-23,14.98,15.1,14.93,14.96,6131533,NVDA,0.0,14.7239,14.48838,0.012848048314642282,53.48338692390141,15.289333750598495,14.158466249401506,1.0,NVDA,120.93775262732419,0.2093775262732429
2013-08-26,14.97,15.03,14.93,14.995,7508270,NVDA,0.0023395721925132396,14.76515,14.50128,0.012798973599400323,61.45151695419393,15.278407204425646,14.251892795574355,0.0,NVDA,121.22069523039612,0.21220695230396225
2013-08-27,14.85,14.95,14.75,14.805,6936522,NVDA,-0.012670890296765602,14.784899999999999,14.50758,0.012803476122347359,55.5077915099409,15.270256472361552,14.299543527638445,0.0,NVDA,119.68472109943411,0.19684721099434221
2013-08-28,14.83,14.94,14.74,14.8,7970607,NVDA,-0.00033772374197904576,14.803149999999999,14.51558,0.012809264406468051,52.85795132993778,15.25970426840639,14.346595731593608,0.0,NVDA,119.64430072756672,0.196443007275668
2013-08-29,14.75,14.91,14.71,14.77,6905449,NVDA,-0.002027027027027062,14.80965,14.51418,0.012459980543578197,58.81612090680099,15.260084772426177,14.359215227573822,0.0,NVDA,119.40177849636217,0.19401778496362265
2013-08-30,14.78,14.82,14.68,14.75,9497289,NVDA,-0.0013540961408259333,14.809149999999999,14.52038,0.012332440180668248,62.768817204301115,15.259838957976784,14.358461042023213,1.0,NVDA,119.24009700889249,0.19240097008892598
2013-09-03,14.79,14.97,14.67,14.76,7116950,NVDA,0.0006779661016949046,14.80565,14.527279999999998,0.012284217207650184,61.74033149171272,15.2567442368579,14.3545557631421,1.0,NVDA,119.32093775262733,0.19320937752627443
2013-09-04,14.76,14.99,14.74,14.9,5551997,NVDA,0.009485094850948617,14.820150000000002,14.54288,0.011955025576092604,43.35378323108388,15.263338578135281,14.376961421864722,1.0,NVDA,120.45270816491514,0.20452708164915245
2013-09-05,14.84,15.0,14.83,14.94,4343331,NVDA,0.0026845637583892135,14.83715,14.55728,0.011953033874617013,39.97833152762723,15.270762621199216,14.403537378800783,0.0,NVDA,120.7760711398545,0.20776071139854602
2013-09-06,14.95,15.03,14.765,14.88,5669014,NVDA,-0.004016064257028051,14.846200000000001,14.572079999999998,0.011932395122065297,33.18824809575621,15.275203054829136,14.417196945170867,1.0,NVDA,120.29102667744544,0.20291026677445556
2013-09-09,15.0,15.13,14.96,15.125,6160150,NVDA,0.016465053763440762,14.877950000000002,14.59438,0.011888654551146733,59.459459459459566,15.289595465751521,14.466304534248483,1.0,NVDA,122.27162489894907,0.22271624898949183
2013-09-10,15.24,15.46,15.17,15.45,7303331,NVDA,0.02148760330578514,14.93195,14.622580000000001,0.01235980890730527,70.00000000000011,15.346375398022875,14.517524601977126,1.0,NVDA,124.89894907033145,0.24898949070331566
2013-09-11,15.43,15.75,15.323,15.71,9904141,NVDA,0.016828478964401317,14.99645,14.654779999999999,0.012702869885776107,78.81944444444453,15.472368823241839,14.52053117675816,0.0,NVDA,127.00080840743738,0.2700080840743748
2013-09-12,15.63,15.9,15.63,15.7,7595431,NVDA,-0.0006365372374285139,15.029950000000003,14.68698,0.00906063275520129,77.00729927007299,15.600689308173925,14.459210691826081,1.0,NVDA,126.91996766370251,0.26919967663702615
2013-09-13,15.75,15.87,15.64,15.8,3992418,NVDA,0.006369426751592355,15.0637,14.72038,0.00906179958008035,78.57142857142858,15.729945126377046,14.397454873622955,1.0,NVDA,127.72837510105094,0.2772837510105104
2013-09-16,15.93,16.04,15.75,15.81,5889358,NVDA,0.0006329113924050667,15.09475,14.751780000000002,0.00905557271676079,78.20069204152253,15.838909540053573,14.350590459946426,1.0,NVDA,127.8092158447858,0.27809215844785884
2013-09-17,15.87,15.99,15.8,15.86,4215183,NVDA,0.003162555344718543,15.14025,14.78568,0.008030699202813862,90.42145593869732,15.955069805717553,14.325430194282447,1.0,NVDA,128.21341956346,0.28213419563460107
2013-09-18,15.87,16.04,15.79,15.999,6704142,NVDA,0.00876418663303924,15.192700000000002,14.82084,0.008097836717016884,91.66087560806109,16.087116622574158,14.298283377425845,0.0,NVDA,129.33710590137431,0.2933710590137444
2013-09-19,16.07,16.1,15.86,15.925,5689280,NVDA,-0.004625289080567474,15.24495,14.85074,0.008094842563912456,88.94133513149025,16.183458441484127,14.306441558515873,0.0,NVDA,128.73888439773646,0.2873888439773662
2013-09-20,15.97,16.069,15.76,15.795,8881511,NVDA,-0.008163265306122547,15.2867,14.87404,0.008480506562287228,82.79974890144378,16.245897932485438,14.327502067514564,0.0,NVDA,127.6879547291835,0.2768795472918366
2013-09-23,15.78,15.91,15.55,15.64,6781230,NVDA,-0.009813232035454256,15.320699999999999,14.89404,0.008920654448867058,75.31645569620252,16.27934555768192,14.362054442318076,1.0,NVDA,126.43492320129346,0.26434923201293614
2013-09-24,15.65,15.76,15.56,15.7,5710758,NVDA,0.0038363171355497716,15.355950000000002,14.915840000000001,0.008927609145341414,74.12545235223158,16.316015014245952,14.395884985754051,1.0,NVDA,126.91996766370251,0.2691996766370266
2013-09-25,15.67,15.84,15.6,15.725,5828944,NVDA,0.0015923566878981443,15.40195,14.93654,0.00820613793905173,73.88922702373706,16.338744641316936,14.465155358683061,0.0,NVDA,127.12206952303961,0.2712206952303977
2013-09-26,15.76,15.79,15.58,15.67,3720367,NVDA,-0.0034976152623211743,15.44545,14.95774,0.008304636757046664,74.11477411477406,16.3445942656918,14.546305734308199,0.0,NVDA,126.67744543249799,0.26677445432498126
2013-09-27,15.55,15.68,15.49,15.58,3797976,NVDA,-0.00574345883854499,15.485949999999999,14.978340000000001,0.008460625665985858,65.34052596089006,16.328159243909404,14.643740756090594,0.0,NVDA,125.94987873888441,0.25949878738884546
2013-09-30,15.42,15.67,15.33,15.56,5667976,NVDA,-0.0012836970474967568,15.52645,15.00474,0.008458861691562932,54.6689303904924,16.294264252482932,14.758635747517067,0.0,NVDA,125.78819725141473,0.25788197251414857
2013-10-01,15.58,15.655,15.465,15.55,5674359,NVDA,-0.0006426735218508783,15.56595,15.03114,0.008480688608353536,41.379310344827594,16.2437503043904,14.888149695609602,0.0,NVDA,125.70735650767988,0.2570735650768001
2013-10-02,15.39,15.6,15.39,15.54,4050894,NVDA,-0.0006430868167203174,15.59795,15.057739999999999,0.00835212442574622,41.379310344827594,16.199512343096472,14.996387656903527,0.0,NVDA,125.62651576394504,0.2562651576394517
2013-10-03,15.55,15.692,15.305,15.38,10919158,NVDA,-0.010296010296010238,15.61995,15.08114,0.008799763389405744,28.744939271255006,16.1478736288469,15.092026371153102,1.0,NVDA,124.33306386418757,0.24333063864187698
2013-10-04,15.36,15.72,15.32,15.59,6143372,NVDA,0.013654096228868706,15.655449999999998,15.107740000000002,0.00909990337688433,40.74074074074069,16.053341005969877,15.25755899403012,0.0,NVDA,126.03071948261926,0.2603071948261939
2013-10-07,15.53,15.7,15.45,15.59,4248798,NVDA,0.0,15.678700000000001,15.13554,0.008481643580284477,38.13708260105448,15.991279152081411,15.366120847918591,0.0,NVDA,126.03071948261926,0.2603071948261939
2013-10-08,15.55,15.77,15.34,15.46,7269775,NVDA,-0.008338678640153918,15.6792,15.161340000000001,0.007336191320512372,26.12931798051366,15.990267161474033,15.368132838525966,0.0,NVDA,124.9797898140663,0.24979789814066433
2013-10-09,15.56,15.57,15.14,15.22,6896549,NVDA,-0.015523932729624823,15.654700000000002,15.177539999999999,0.007002923049046139,22.7799227799227,16.026759474589376,15.282640525410628,1.0,NVDA,123.0396119644301,0.23039611964430207
2013-10-10,15.33,15.43,15.22,15.385,5587344,NVDA,0.010840998685939462,15.63895,15.19654,0.007532798345047612,34.58646616541347,16.029161535074763,15.248738464925236,0.0,NVDA,124.37348423605499,0.24373484236055099
2013-10-11,15.15,15.34,15.1,15.26,5342613,NVDA,-0.008124796880077945,15.611950000000002,15.20894,0.007484991041232204,35.3846153846153,16.02904394372836,15.194856056271643,1.0,NVDA,123.36297493936945,0.23362974939369585
2013-10-14,15.22,15.49,15.22,15.49,4165705,NVDA,0.015072083879423381,15.595950000000002,15.22354,0.008367289469288329,42.85714285714287,16.00553848411049,15.186361515889514,0.0,NVDA,125.22231204527084,0.25222312045270967
2013-10-15,15.49,15.5799,15.4,15.41,5221695,NVDA,-0.005164622336991664,15.57345,15.23514,0.008357027155897107,39.67213114754098,15.971234112302309,15.17566588769769,1.0,NVDA,124.57558609539208,0.2457558609539221
2013-10-16,15.5,15.66,15.48,15.6,5251781,NVDA,0.012329656067488592,15.5535,15.25494,0.008619290056963401,47.891566265060234,15.897854468535163,15.209145531464836,1.0,NVDA,126.11156022635409,0.26111560226354213
2013-10-17,15.48,15.67,15.48,15.63,5333061,NVDA,0.0019230769230769162,15.538750000000002,15.27554,0.008607763476796709,51.56250000000002,15.838484531667305,15.239015468332699,1.0,NVDA,126.35408245755862,0.2635408245755875
2013-10-18,15.6,15.86,15.54,15.81,6376653,NVDA,0.011516314779270509,15.5395,15.29776,0.008854963540694271,57.102272727272734,15.841996628950554,15.237003371049447,1.0,NVDA,127.8092158447858,0.27809215844785906
2013-10-21,16.0,16.01,15.8,15.85,4875242,NVDA,0.0025300442757747454,15.55,15.324959999999999,0.008553826934343672,58.37988826815641,15.880470159493902,15.2195298405061,0.0,NVDA,128.13257881972515,0.2813257881972526
2013-10-22,15.85,15.86,15.63,15.77,4486650,NVDA,-0.0050473186119873725,15.5535,15.352960000000001,0.008612942213535221,56.18279569892475,15.892043319159459,15.21495668084054,0.0,NVDA,127.48585286984641,0.2748585286984653
2013-10-23,15.74,15.74,15.45,15.501,6305779,NVDA,-0.01705770450221944,15.542300000000001,15.374580000000002,0.009431528946296931,53.07262569832399,15.871650301431114,15.212949698568888,0.0,NVDA,125.31123686337915,0.2531123686337926
2013-10-24,15.54,15.64,15.364,15.385,5910900,NVDA,-0.007483388168505245,15.528049999999999,15.381680000000001,0.009535845853296901,44.533333333333324,15.858795553337854,15.197304446662143,0.0,NVDA,124.37348423605499,0.24373484236055099
2013-10-25,15.47,15.48,15.19,15.24,8262549,NVDA,-0.00942476438089046,15.511050000000001,15.383980000000001,0.009669376423339513,41.336633663366335,15.864710244332302,15.1573897556677,0.0,NVDA,123.20129345189976,0.23201293451899896
2013-10-28,15.22,15.29,15.0,15.21,9850566,NVDA,-0.0019685039370078705,15.493550000000003,15.384400000000001,0.009671429156405092,43.48958333333333,15.87085873858242,15.116241261417585,1.0,NVDA,122.95877122069525,0.22958771220695362
2013-10-29,15.19,15.26,15.05,15.23,9698815,NVDA,0.0013149243918475495,15.477549999999999,15.39,0.009686115621500924,50.29411764705881,15.871549986641893,15.083550013358105,0.0,NVDA,123.12045270816492,0.2312045270816505
2013-10-30,15.28,15.35,15.09,15.22,5100763,NVDA,-0.0006565988181220783,15.461549999999999,15.3954,0.009686090285898574,44.6601941747573,15.870575272671918,15.05252472732808,0.0,NVDA,123.0396119644301,0.23039611964430207
2013-10-31,15.24,15.35,15.16,15.189,7334228,NVDA,-0.002036793692509864,15.451999999999998,15.40158,0.009441667438070806,47.55341144038595,15.877624494744417,15.02637550525558,1.0,NVDA,122.78900565885206,0.22789005658852202
2013-11-01,15.27,15.33,15.15,15.255,5153427,NVDA,0.004345249851866573,15.435250000000002,15.40748,0.008917840549510149,40.870240870240885,15.864360646999753,15.00613935300025,0.0,NVDA,123.32255456750202,0.23322554567502163
2013-11-04,15.31,15.31,14.79,14.82,10257119,NVDA,-0.02851524090462143,15.39675,15.40468,0.010818453414920414,32.03410475030451,15.899287927345963,14.894212072654039,0.0,NVDA,119.80598221503638,0.1980598221503651
2013-11-05,14.73,14.865,14.57,14.8,10559379,NVDA,-0.0013495276653171517,15.36375,15.40078,0.010731557815044809,22.826086956521763,15.931277555556475,14.796222444443524,1.0,NVDA,119.64430072756672,0.1964430072756682
2013-11-06,14.8,14.91,14.65,14.9,4951107,NVDA,0.006756756756756799,15.34775,15.40268,0.010419239281290517,26.32944228274964,15.949361126366973,14.746138873633026,0.0,NVDA,120.45270816491514,0.20452708164915245
2013-11-07,14.85,14.89,14.52,14.545,13826909,NVDA,-0.02382550335570477,15.30575,15.39758,0.011198361175416512,13.162492719860168,16.00566514523293,14.605834854767071,1.0,NVDA,117.58286176232822,0.17582861762328328
2013-11-08,15.0,15.61,14.935,15.56,18364379,NVDA,0.0697834307322105,15.32075,15.413380000000002,0.0196151783953852,44.61367013372959,16.029341746464784,14.612158253535217,1.0,NVDA,125.78819725141473,0.25788197251414857
2013-11-11,15.5,15.73,15.47,15.69,7442225,NVDA,0.00835475578406153,15.33075,15.43218,0.019420831372108312,48.541210795040115,16.054873535549675,14.606626464450326,1.0,NVDA,126.83912691996765,0.26839126919967793
2013-11-12,15.76,15.85,15.54,15.715,7901138,NVDA,0.0015933715742511012,15.346,15.451280000000002,0.019370019161323544,54.28342674139313,16.089731983417423,14.602268016582578,1.0,NVDA,127.04122877930477,0.27041228779304904
2013-11-13,15.68,16.15,15.65,16.15,8319942,NVDA,0.027680559974546437,15.373499999999998,15.47628,0.020125569429991462,63.57827476038337,16.193535557637343,14.553464442362651,1.0,NVDA,130.5578011317704,0.30557801131770534
2013-11-14,16.1,16.315,16.09,16.22,7699506,NVDA,0.004334365325077361,15.403,15.501880000000002,0.02013279962799877,67.87016776075855,16.30066269599978,14.50533730400022,0.0,NVDA,131.1236863379143,0.31123686337914425
2013-11-15,16.28,16.3,16.01,16.17,11258291,NVDA,-0.0030826140567199456,15.421000000000001,15.52768,0.020035641735561716,67.37871107892835,16.366204182898354,14.475795817101648,0.0,NVDA,130.71948261924013,0.30719482619240224
2013-11-18,15.82,15.96,15.74,15.78,7924864,NVDA,-0.024118738404452778,15.4175,15.54078,0.02082111460783299,58.78033205619411,16.35651370428883,14.478486295711171,0.0,NVDA,127.56669361358124,0.2756669361358135
2013-11-19,15.62,15.76,15.42,15.44,5167934,NVDA,-0.021546261089987362,15.401,15.54058,0.021350887163314135,53.17735413056035,16.325417540656712,14.476582459343287,0.0,NVDA,124.81810832659662,0.248181083265967
2013-11-20,15.45,15.49,15.18,15.21,5119353,NVDA,-0.01489637305699476,15.386450000000002,15.53058,0.02126982478485136,50.28680688336521,16.313397332859243,14.459502667140763,1.0,NVDA,122.95877122069525,0.2295877122069534
2013-11-21,15.23,15.36,15.16,15.33,5339156,NVDA,0.007889546351084853,15.383700000000001,15.52318,0.021290956873315166,51.00942126514131,16.310991721543026,14.456408278456976,0.0,NVDA,123.92886014551334,0.23928860145513453
2013-11-22,15.35,15.35,15.15,15.18,3966684,NVDA,-0.009784735812133127,15.380700000000001,15.510780000000002,0.0212995220987113,55.24781341107872,16.31033447259216,14.451065527407843,1.0,NVDA,122.71624898949072,0.22716248989490806
2013-11-25,15.18,15.53,15.18,15.51,6205194,NVDA,0.021739130434782705,15.3957,15.50478,0.021836341468061782,59.49197860962567,16.323416630964726,14.467983369035274,1.0,NVDA,125.3839935327405,0.2538399353274061
2013-11-26,15.68,15.805,15.575,15.64,18830379,NVDA,0.008381689232753065,15.4162,15.50038,0.021895410721163158,59.81432360742706,16.34661554949225,14.48578445050775,1.0,NVDA,126.43492320129346,0.2643492320129357
2013-11-27,15.63,15.745,15.53,15.7,4531837,NVDA,0.0038363171355497716,15.440199999999999,15.494399999999999,0.02189460300853847,66.61870503597123,16.374062967520068,14.506337032479932,0.0,NVDA,126.91996766370251,0.26919967663702615
2013-11-29,15.7,15.74,15.5,15.6,2924092,NVDA,-0.006369426751592355,15.46075,15.4879,0.02195567253371882,50.781249999999986,16.389412167342226,14.532087832657778,1.0,NVDA,126.11156022635409,0.2611156022635419
2013-12-02,15.54,15.86,15.51,15.75,9346848,NVDA,0.009615384615384581,15.485500000000002,15.487,0.022022379648019993,51.16279069767444,16.417452675554834,14.553547324445171,0.0,NVDA,127.32417138237673,0.27324171382376816
2013-12-03,15.8,15.955,15.64,15.74,7264021,NVDA,-0.0006349206349206549,15.5315,15.489,0.02085215970213135,50.48732943469786,16.414688601185095,14.648311398814904,1.0,NVDA,127.24333063864188,0.2724333063864197
2013-12-04,15.7,15.99,15.655,15.96,12329427,NVDA,0.013977128335451061,15.589500000000001,15.494200000000001,0.020956840631184907,45.95744680851068,16.421282486749565,14.757717513250437,0.0,NVDA,129.02182700080843,0.2902182700080851
2013-12-05,15.99,15.99,15.68,15.7,6795314,NVDA,-0.01629072681704269,15.629499999999998,15.493699999999999,0.02142480137050353,39.763779527559066,16.39605689526893,14.862943104731068,0.0,NVDA,126.91996766370251,0.26919967663702593
2013-12-06,15.89,15.89,15.43,15.47,7025014,NVDA,-0.014649681528662306,15.675749999999999,15.489700000000001,0.020916123725410758,37.13235294117645,16.255707121827147,15.095792878172851,0.0,NVDA,125.06063055780115,0.25060630557801233
2013-12-09,15.47,15.52,15.18,15.205,9632780,NVDA,-0.017129928894634827,15.657999999999998,15.4822,0.01438238507716016,38.92100192678229,16.273513478410827,15.04248652158917,1.0,NVDA,122.9183508488278,0.22918350848827895
2013-12-10,15.21,15.63,15.19,15.56,13106821,NVDA,0.023347583031897434,15.651499999999999,15.4822,0.015262461789272314,52.298850574712674,16.26833487511491,15.034665124885088,0.0,NVDA,125.78819725141473,0.25788197251414813
2013-12-11,15.59,15.61,15.38,15.41,10353895,NVDA,-0.009640102827763508,15.63625,15.4794,0.015395032489455705,53.952569169960455,16.261498371701936,15.011001628298065,0.0,NVDA,124.57558609539208,0.24575586095392166
2013-12-12,15.36,15.44,15.08,15.11,6468071,NVDA,-0.0194678780012979,15.58425,15.470799999999999,0.01436920261322319,45.940959409594086,16.202543704693237,14.965956295306764,0.0,NVDA,122.1503637833468,0.22150363783346894
2013-12-13,15.14,15.25,15.0,15.02,4614824,NVDA,-0.0059563203176704604,15.52425,15.463600000000001,0.0142681775608721,46.9811320754717,16.115068121448306,14.933431878551692,1.0,NVDA,121.42279708973322,0.21422797089733314
2013-12-16,15.03,15.17,15.02,15.04,5944503,NVDA,0.0013315579227695107,15.467749999999999,15.4526,0.014312936376786876,39.957264957264954,16.012915112603626,14.922584887396372,1.0,NVDA,121.58447857720292,0.2158447857720298
2013-12-17,15.03,15.15,14.9,15.11,6856787,NVDA,0.00465425531914887,15.43425,15.443,0.013559543783525514,38.37719298245613,15.980965311271845,14.887534688728156,1.0,NVDA,122.1503637833468,0.22150363783346871
2013-12-18,15.14,15.35,14.95,15.32,10655787,NVDA,0.013898080741231,15.42825,15.440199999999999,0.013192681173377092,42.181069958847765,15.977328414494032,14.879171585505969,1.0,NVDA,123.8480194017785,0.23848019401778564
2013-12-19,15.3,15.4,15.2,15.38,6465532,NVDA,0.003916449086161844,15.43675,15.443399999999999,0.012761371030504799,45.39748953974899,15.976791665059395,14.896708334940605,1.0,NVDA,124.33306386418757,0.2433306386418761
2013-12-20,15.41,15.7,15.37,15.685,9552017,NVDA,0.01983094928478546,15.4545,15.4494,0.013382960684082928,48.72298624754421,16.003037769174238,14.90596223082576,1.0,NVDA,126.79870654810026,0.26798706548100304
2013-12-23,15.78,15.91,15.65,15.78,4214188,NVDA,0.006056742110296387,15.4845,15.4598,0.013163719879939115,50.760456273764234,16.035450375069843,14.933549624930158,1.0,NVDA,127.56669361358124,0.27566693613581306
2013-12-24,15.87,15.87,15.66,15.82,1990034,NVDA,0.0025348542458809575,15.5,15.4664,0.012323397812573928,47.14285714285714,16.071047053089526,14.928952946910474,0.0,NVDA,127.89005658852062,0.27890056588520684
2013-12-26,15.88,15.925,15.63,15.67,4223004,NVDA,-0.009481668773704155,15.501500000000002,15.4716,0.012411998109197025,49.35897435897438,16.074250519768306,14.928749480231698,1.0,NVDA,126.67744543249799,0.2667744543249806
2013-12-27,15.75,15.79,15.66,15.76,5274425,NVDA,0.00574345883854499,15.504500000000002,15.4748,0.012448927282195212,56.59090909090906,16.082235142376653,14.926764857623352,1.0,NVDA,127.40501212611157,0.2740501212611164
2013-12-30,15.77,15.98,15.75,15.97,6205267,NVDA,0.01332487309644681,15.523,15.4816,0.012673468767299568,67.83216783216781,16.13621757107393,14.909782428926068,1.0,NVDA,129.10266774454325,0.29102667744543353
2013-12-31,16.0,16.1,15.9,16.02,5894631,NVDA,0.003130870381966133,15.5365,15.4858,0.012530304438864404,62.499999999999964,16.18180776011395,14.891192239886049,0.0,NVDA,129.50687146321746,0.29506871463217554
2014-01-02,15.92,15.98,15.72,15.86,6502296,NVDA,-0.009987515605493158,15.542499999999999,15.486,0.012763917092215677,62.16216216216213,16.197926739251947,14.887073260748048,0.0,NVDA,128.21341956346,0.2821341956346006
2014-01-03,15.89,15.9201,15.62,15.67,6483288,NVDA,-0.011979823455233296,15.528,15.483999999999998,0.01263586017638392,66.09195402298852,16.156828484690397,14.899171515309602,1.0,NVDA,126.67744543249799,0.2667744543249806
2014-01-06,15.83,16.0,15.68,15.88,10237417,NVDA,0.013401403956605051,15.537,15.491579999999999,0.01246824865906019,73.1182795698925,16.181159182680577,14.892840817319426,1.0,NVDA,128.3751010509297,0.2837510105092975
2014-01-07,16.04,16.2,15.925,16.14,8332170,NVDA,0.016372795969773257,15.5705,15.50668,0.01239497267094195,76.1904761904762,16.267507890916686,14.873492109083312,1.0,NVDA,130.4769603880356,0.30476960388035645
2014-01-08,16.2,16.44,16.14,16.36,7704980,NVDA,0.013630731102850069,15.62825,15.529079999999999,0.011763193723463888,77.77777777777777,16.386456158605625,14.870043841394374,0.0,NVDA,132.25545675020211,0.3225545675020218
2014-01-09,16.11,16.14,15.7,15.75,7305079,NVDA,-0.037286063569682115,15.63775,15.539879999999998,0.01403585524613338,58.113207547169814,16.397115905836905,14.878384094163097,0.0,NVDA,127.32417138237673,0.27324171382376794
2014-01-10,15.8,15.91,15.59,15.73,5462334,NVDA,-0.0012698412698411987,15.653749999999999,15.54988,0.013834616686091677,56.70498084291188,16.40636561447928,14.901134385520717,0.0,NVDA,127.16248989490704,0.27162489894907127
2014-01-13,15.73,15.825,15.33,15.36,6083299,NVDA,-0.023521932612841745,15.666250000000002,15.55268,0.01417759029644695,43.925233644859794,16.388533476934622,14.94396652306538,1.0,NVDA,124.17138237671787,0.24171382376717943
2014-01-14,15.44,15.87,15.37,15.84,6045663,NVDA,0.03125,15.707249999999998,15.565700000000001,0.015598069651920416,50.98039215686275,16.365313146866082,15.049186853133914,1.0,NVDA,128.0517380759903,0.28051738075990373
2014-01-15,15.91,16.065,15.84,16.01,4376071,NVDA,0.010732323232323315,15.75575,15.5808,0.015693554390973752,52.978056426332316,16.346265163137137,15.165234836862867,1.0,NVDA,129.42603071948264,0.2942603071948271
2014-01-16,16.01,16.09,15.9401,16.06,5516399,NVDA,0.0031230480949404615,15.80325,15.605599999999999,0.01569006521278752,56.310679611650464,16.323738384015318,15.28276161598468,0.0,NVDA,129.83023443815682,0.2983023443815689
2014-01-17,16.06,16.25,15.89,15.99,8510019,NVDA,-0.004358655043586457,15.83675,15.6294,0.015563696491230143,53.745928338762226,16.31041738274218,15.363082617257819,1.0,NVDA,129.26434923201296,0.29264349232013
2014-01-21,16.01,16.15,15.88,16.05,6151916,NVDA,0.0037523452157599557,15.870250000000002,15.6524,0.015562819454198863,51.36986301369863,16.30070233246721,15.439797667532792,0.0,NVDA,129.749393694422,0.29749393694422066
2014-01-22,16.08,16.1,15.84,16.03,8448495,NVDA,-0.0012461059190030932,15.8875,15.6821,0.015013580125237905,50.17301038062286,16.31433042361863,15.460669576381365,0.0,NVDA,129.58771220695235,0.29587712206952377
2014-01-23,15.98,16.15,15.85,15.97,4625672,NVDA,-0.0037429819089207506,15.897,15.6903,0.015006509074395425,51.971326164874576,16.3222107836432,15.471789216356802,0.0,NVDA,129.10266774454325,0.2910266774454333
2014-01-24,15.84,15.9,15.56,15.56,6206187,NVDA,-0.025673137132122714,15.884,15.6877,0.01611054995181305,48.17275747508306,16.33428178312105,15.43371821687895,0.0,NVDA,125.78819725141473,0.2578819725141479
2014-01-27,15.56,15.78,15.37,15.46,5845310,NVDA,-0.006426735218509005,15.873499999999998,15.6826,0.01603726576064309,42.75862068965517,16.35359977033303,15.393400229666966,1.0,NVDA,124.9797898140663,0.24979789814066367
2014-01-28,15.43,15.62,15.37,15.61,4199851,NVDA,0.009702457956015431,15.866,15.671800000000001,0.016143139009683463,40.50179211469531,16.35810182942808,15.373898170571922,0.0,NVDA,126.19240097008893,0.2619240097008899
2014-01-29,15.55,15.64,15.45,15.46,3963038,NVDA,-0.009609224855861576,15.8405,15.6566,0.015933554892540017,33.455882352941174,16.361893880811344,15.319106119188657,1.0,NVDA,124.9797898140663,0.24979789814066367
2014-01-30,15.55,15.75,15.5,15.72,5072356,NVDA,0.01681759379042691,15.8255,15.6476,0.0164291404912838,49.36708860759495,16.342392536932955,15.308607463067045,0.0,NVDA,127.0816491511722,0.2708164915117226
2014-01-31,15.5,15.79,15.49,15.7,8383660,NVDA,-0.0012722646310433516,15.8175,15.646,0.01628804791425553,49.367088607594916,16.337089919273527,15.297910080726474,0.0,NVDA,126.91996766370251,0.2691996766370257
2014-02-03,15.81,15.83,15.43,15.49,10793190,NVDA,-0.013375796178343946,15.8085,15.647,0.016343269018104876,52.94117647058825,16.344813930062507,15.272186069937495,1.0,NVDA,125.22231204527084,0.2522231204527088
2014-02-04,15.48,15.61,15.4,15.58,7017337,NVDA,0.005810200129115595,15.7935,15.6544,0.016090850239962467,42.85714285714284,16.338110918575566,15.248889081424435,0.0,NVDA,125.94987873888441,0.2594987873888446
2014-02-05,15.47,15.52,15.32,15.44,5366932,NVDA,-0.00898587933247752,15.758500000000002,15.656600000000001,0.015657258334115166,34.07821229050268,16.299309335017664,15.21769066498234,1.0,NVDA,124.81810832659662,0.24818108326596655
2014-02-06,15.46,15.68,15.44,15.64,4209541,NVDA,0.012953367875647714,15.7225,15.665799999999999,0.015622139261428393,39.1752577319588,16.184890812147078,15.260109187852922,1.0,NVDA,126.43492320129346,0.26434923201293503
2014-02-07,15.68,15.89,15.54,15.87,3934156,NVDA,0.014705882352941124,15.7285,15.673,0.013667971233208084,47.14285714285711,16.19548472870346,15.26151527129654,1.0,NVDA,128.2942603071948,0.28294260307194863
2014-02-10,15.85,16.13,15.835,15.92,8109337,NVDA,0.003150598613736566,15.738,15.6786,0.013674125550171883,46.88995215311002,16.212778618771154,15.263221381228846,1.0,NVDA,128.69846402586904,0.28698464025869064
2014-02-11,16.01,16.29,15.9301,16.25,5887273,NVDA,0.020728643216080478,15.782499999999999,15.6896,0.013119174924857896,54.583333333333314,16.27462215000593,15.290377849994071,1.0,NVDA,131.36620856911884,0.3136620856911887
2014-02-12,16.3,16.95,16.3,16.83,18640751,NVDA,0.03569230769230769,15.831999999999999,15.7142,0.013651205175461987,64.72602739726025,16.51183279678101,15.152167203218989,1.0,NVDA,136.0549717057397,0.36054971705739725
2014-02-13,17.25,17.46,16.95,17.36,22572405,NVDA,0.031491384432561054,15.8995,15.746400000000001,0.01498425808180069,79.60526315789474,16.86275052761341,14.936249472386589,1.0,NVDA,140.33953112368633,0.403395311236864
2014-02-14,17.2,17.95,17.19,17.91,20442453,NVDA,0.03168202764976957,15.992,15.7898,0.01619215530894028,85.1002865329513,17.310094318165092,14.67390568183491,0.0,NVDA,144.78577202910267,0.4478577202910272
2014-02-18,17.92,17.98,17.75,17.9,10727375,NVDA,-0.0005583472920157595,16.0875,15.8286,0.016091249349518402,84.17910447761192,17.657654199601577,14.517345800398422,1.0,NVDA,144.70493128536782,0.44704931285367855
2014-02-19,17.9,18.3,17.82,18.14,11261515,NVDA,0.013407821229050487,16.192,15.8774,0.016171860235722892,88.95348837209296,18.010242065987494,14.373757934012506,1.0,NVDA,146.64510913500405,0.46645109135004104
2014-02-20,18.18,18.815,18.15,18.78,9952295,NVDA,0.03528114663726578,16.329500000000003,15.943600000000002,0.017302321515341744,90.05235602094236,18.481458471522643,14.177541528477363,0.0,NVDA,151.818916734034,0.5181891673403403
2014-02-21,18.75,18.99,18.52,18.64,11276326,NVDA,-0.007454739084132078,16.463,16.0123,0.01745514415399968,87.30964467005073,18.840509532882578,14.085490467117422,1.0,NVDA,150.68714632174618,0.5068714632174622
2014-02-24,18.6,19.05,18.43,18.91,10081460,NVDA,0.014484978540772575,16.6305,16.0793,0.015600710996664043,92.74999999999994,19.204086275178987,14.056913724821015,0.0,NVDA,152.86984640258692,0.5286984640258698
2014-02-25,18.8,18.88,18.54,18.74,6063033,NVDA,-0.008989952406134427,16.7945,16.145899999999997,0.01575178984694717,88.72549019607834,19.47003811606684,14.11896188393316,0.0,NVDA,151.49555375909458,0.5149555375909465
2014-02-26,18.7,18.98,18.65,18.71,9022436,NVDA,-0.0016008537886871288,16.9495,16.2179,0.015956286791693763,91.18387909319897,19.694389797423604,14.204610202576399,0.0,NVDA,151.25303152789007,0.5125303152789014
2014-02-27,18.71,18.9,18.45,18.5,9721168,NVDA,-0.011223944414751497,17.1015,16.2875,0.016060308751414076,85.92964824120598,19.835760411884756,14.367239588115249,0.0,NVDA,149.55537590945838,0.49555375909458443
2014-02-28,18.4,18.58,18.1144,18.38,8042268,NVDA,-0.006486486486486531,17.2345,16.354300000000002,0.016317079133122,82.4289405684754,19.944485239812238,14.524514760187763,0.0,NVDA,148.58528698464028,0.4858528698464033
2014-03-03,17.97,18.29,17.81,18.29,9398673,NVDA,-0.004896626768226331,17.363999999999997,16.4179,0.016444776354952242,80.30690537084394,20.012061058287973,14.715938941712022,1.0,NVDA,147.85772029102668,0.4785772029102675
2014-03-04,18.38,18.6,18.35,18.48,6512928,NVDA,0.010388190267905939,17.5135,16.4811,0.01567543946024719,79.57559681697609,20.051408587794327,14.975591412205674,1.0,NVDA,149.3936944219887,0.49393694421988754
2014-03-05,18.46,18.65,18.38,18.64,6037348,NVDA,0.008658008658008587,17.6665,16.546300000000002,0.01565806495626858,77.01492537313429,20.079493554640592,15.253506445359408,0.0,NVDA,150.68714632174618,0.5068714632174622
2014-03-06,18.67,18.77,18.35,18.38,7253593,NVDA,-0.013948497854077369,17.813499999999998,16.6002,0.015995788876625495,66.5584415584415,20.003268312666453,15.623731687333544,0.0,NVDA,148.58528698464028,0.4858528698464031
2014-03-07,18.46,18.49,18.215,18.36,6711381,NVDA,-0.0010881392818280489,17.9495,16.6518,0.016114987408965054,58.82352941176467,19.895145340105408,16.003854659894593,0.0,NVDA,148.42360549717057,0.4842360549717062
2014-03-10,18.3,18.38,18.01,18.09,7522349,NVDA,-0.014705882352941124,18.0605,16.6972,0.016814104408170556,53.380782918149485,19.74199651391729,16.379003486082713,1.0,NVDA,146.24090541632984,0.4624090541632988
2014-03-11,18.18,18.43,18.12,18.27,7433477,NVDA,0.00995024875621886,18.178,16.749200000000002,0.016807288872621857,52.363636363636346,19.52483410458132,16.831165895418682,1.0,NVDA,147.696038803557,0.4769603880355704
2014-03-12,18.18,18.43,18.11,18.32,5988435,NVDA,0.002736726874657869,18.2815,16.8004,0.016515046230039666,39.351851851851855,19.276757702676573,17.28624229732343,0.0,NVDA,148.1002425222312,0.4810024252223124
2014-03-13,18.36,18.43,17.65,17.74,9629303,NVDA,-0.031659388646288256,18.327,16.8358,0.01703087149973278,32.69230769230768,19.1015993871199,17.552400612880103,1.0,NVDA,143.41147938561033,0.43411479385610385
2014-03-14,17.56,17.98,17.56,17.82,11501151,NVDA,0.004509582863585271,18.35,16.8718,0.01564886247630224,27.385892116182646,19.024560285628777,17.675439714371226,0.0,NVDA,144.0582053354891,0.4405820533548914
2014-03-17,17.87,18.0,17.8,17.82,7492810,NVDA,0.0,18.345499999999998,16.910999999999998,0.013934360486836063,29.464285714285808,19.033486382974328,17.657513617025668,1.0,NVDA,144.0582053354891,0.4405820533548914
2014-03-18,17.89,18.36,17.81,18.24,7347616,NVDA,0.023569023569023573,18.3625,16.9624,0.014908411156548639,41.06463878326994,19.02027535759014,17.70472464240986,1.0,NVDA,147.45351657235247,0.4745351657235253
2014-03-19,18.38,18.91,18.33,18.555,9154164,NVDA,0.01726973684210531,18.38325,17.015900000000002,0.015100712257179918,51.005484460694696,19.037646266557516,17.728853733442484,1.0,NVDA,150.0,0.5000000000000007
2014-03-20,18.46,18.73,18.38,18.57,4795035,NVDA,0.0008084074373484462,18.37275,17.0645,0.012803254411609061,53.61216730038024,19.0067637388518,17.7387362611482,0.0,NVDA,150.12126111560227,0.5012126111560233
2014-03-21,18.73,18.88,18.44,18.54,14152926,NVDA,-0.001615508885298933,18.36775,17.1081,0.012702107567002355,54.86381322957197,18.994424388717054,17.741075611282948,0.0,NVDA,149.87873888439773,0.498787388843978
2014-03-24,18.55,18.7,18.18,18.45,7652386,NVDA,-0.004854368932038833,18.34475,17.1621,0.01225421502978955,49.392712550607264,18.919219778418324,17.77028022158168,0.0,NVDA,149.15117219078417,0.4915117219078422
2014-03-25,18.65,18.67,18.31,18.45,7610605,NVDA,0.0,18.33025,17.2165,0.012115949013592718,45.88744588744587,18.876668723190228,17.78383127680977,0.0,NVDA,149.15117219078417,0.4915117219078422
2014-03-26,18.62,18.97,17.87,18.03,13944439,NVDA,-0.02276422764227637,18.296249999999997,17.2699,0.013083438208746205,42.914979757085064,18.827592638981855,17.76490736101814,0.0,NVDA,145.7558609539208,0.45755860953920857
2014-03-27,17.99,18.14,17.585,17.79,13518378,NVDA,-0.013311148086522562,18.260749999999998,17.308899999999998,0.013170868461283137,39.40520446096655,18.828407003554446,17.69309299644555,1.0,NVDA,143.81568310428457,0.4381568310428463
2014-03-28,17.76,18.01,17.71,17.9,9970737,NVDA,0.006183249016301184,18.236749999999997,17.3467,0.013241743462841018,46.24505928853754,18.82344704367146,17.650052956328533,1.0,NVDA,144.70493128536782,0.44704931285367877
2014-03-31,17.93,18.09,17.805,17.91,6835058,NVDA,0.0005586592178772332,18.217750000000002,17.3837,0.013218591067457855,42.372881355932236,18.821549156220705,17.6139508437793,1.0,NVDA,144.78577202910267,0.44785772029102744
2014-04-01,18.48,18.87,18.26,18.65,16408058,NVDA,0.04131769960915688,18.22625,17.4369,0.01610988464992265,55.409836065573735,18.850048845783,17.602451154217,0.0,NVDA,150.767987065481,0.5076798706548107
2014-04-02,18.65,18.69,18.45,18.53,5998666,NVDA,-0.006434316353887248,18.220750000000002,17.4865,0.016065029336770908,65.25096525096531,18.830980974390407,17.610519025609598,1.0,NVDA,149.7978981406629,0.4979789814066298
2014-04-03,18.57,19.185,18.56,18.73,14991601,NVDA,0.010793308148947522,18.23825,17.540499999999998,0.015900266135590025,66.78966789667899,18.88659424741652,17.58990575258348,0.0,NVDA,151.41471301535975,0.514147130153598
2014-04-04,18.83,18.94,18.065,18.15,9200826,NVDA,-0.030966364121729928,18.22775,17.5841,0.017441902196161888,55.015197568389034,18.874592330093048,17.580907669906953,1.0,NVDA,146.72594987873887,0.46725949878738926
2014-04-07,18.16,18.56,18.06,18.21,10714407,NVDA,0.0033057851239670644,18.233749999999997,17.6371,0.01712821554488216,49.48805460750857,18.877430821525852,17.590069178474142,1.0,NVDA,147.21099434114794,0.47210994341147994
2014-04-08,18.21,18.91,18.1803,18.86,11767342,NVDA,0.03569467325645248,18.26325,17.7051,0.01876714761258301,54.67075038284838,18.965354168309872,17.561145831690126,0.0,NVDA,152.4656426839127,0.5246564268391274
2014-04-09,18.95,19.11,18.69,18.84,10549192,NVDA,-0.0010604453870625141,18.28925,17.769699999999997,0.018775920398403208,54.12844036697247,19.03721759710297,17.54128240289703,0.0,NVDA,152.303961196443,0.5230396119644307
2014-04-10,18.76,19.02,18.32,18.38,9321880,NVDA,-0.02441613588110403,18.32125,17.8281,0.01816108129988597,47.83783783783783,19.023650957618482,17.618849042381516,0.0,NVDA,148.58528698464028,0.4858528698464033
2014-04-11,18.24,18.52,17.88,18.12,8827791,NVDA,-0.014145810663764857,18.33625,17.876099999999997,0.0184975471298353,45.73643410852715,19.005616353942052,17.666883646057947,1.0,NVDA,146.48342764753437,0.46483427647534437
2014-04-14,18.24,18.39,18.12,18.32,7254648,NVDA,0.011037527593819041,18.361250000000002,17.9285,0.018630423862311514,48.40294840294841,18.98524287276648,17.737257127233523,1.0,NVDA,148.1002425222312,0.48100242522231285
2014-04-15,18.34,18.55,18.16,18.45,7615921,NVDA,0.007096069868995469,18.37175,17.9877,0.01795764741592601,55.555555555555536,18.994217712119898,17.7492822878801,1.0,NVDA,149.15117219078417,0.4915117219078422
2014-04-16,18.54,18.56,18.255,18.49,5878433,NVDA,0.0021680216802166807,18.3685,18.045900000000003,0.017537945283428467,59.77653631284917,18.987608867222793,17.74939113277721,1.0,NVDA,149.47453516572352,0.49474535165723577
2014-04-17,18.42,18.73,18.38,18.56,3838325,NVDA,0.0037858301784747805,18.368000000000002,18.1083,0.017558064300333028,59.3220338983051,18.986439462212154,17.74956053778785,1.0,NVDA,150.0404203718674,0.5004042037186747
2014-04-21,18.57,18.76,18.45,18.71,2925085,NVDA,0.0080818965517242,18.3765,18.1697,0.017641355881732646,60.869565217391326,19.009397264466063,17.743602735533937,1.0,NVDA,151.25303152789007,0.5125303152789011
2014-04-22,18.74,18.99,18.64,18.87,6379060,NVDA,0.0085515766969535,18.3975,18.2297,0.017677712790200487,53.54838709677423,19.06745286558494,17.72754713441506,1.0,NVDA,152.54648342764756,0.5254648342764758
2014-04-23,18.9,19.14,18.87,19.09,6539608,NVDA,0.011658717541070507,18.429499999999997,18.2931,0.01782511075893165,58.74999999999998,19.167676273342973,17.69132372665702,1.0,NVDA,154.32497978981408,0.5432497978981412
2014-04-24,19.22,19.46,19.22,19.26,9787503,NVDA,0.00890518596123635,18.491,18.3533,0.016905773838802107,58.35962145110411,19.29136570588582,17.69063429411418,0.0,NVDA,155.69927243330642,0.5569927243330646
2014-04-25,19.22,19.4,18.69,18.73,7840012,NVDA,-0.027518172377985484,18.538,18.391299999999998,0.017915033006446906,59.294871794871824,19.27274950976879,17.80325049023121,0.0,NVDA,151.41471301535975,0.514147130153598
2014-04-28,18.88,18.98,18.42,18.65,5669699,NVDA,-0.004271222637480032,18.575499999999998,18.4171,0.01796142643628514,57.00636942675156,19.246978337621513,17.904021662378483,1.0,NVDA,150.767987065481,0.5076798706548105
2014-04-29,18.72,18.757,18.48,18.69,4282994,NVDA,0.002144772117962601,18.6145,18.4327,0.017957265962590327,46.64031620553364,19.20947810662968,18.01952189337032,0.0,NVDA,151.0913500404204,0.5109135004042045
2014-04-30,18.66,18.68,18.43,18.47,7644474,NVDA,-0.01177100053504565,18.6055,18.444100000000002,0.015660973018003344,43.22344322344322,19.20365417832934,18.007345821670658,1.0,NVDA,149.31285367825384,0.4931285367825389
2014-05-01,18.75,18.79,18.42,18.57,4952689,NVDA,0.005414185165132812,18.607499999999998,18.4527,0.01564351166261645,54.00843881856542,19.204858219249957,18.01014178075004,0.0,NVDA,150.12126111560227,0.5012126111560233
2014-05-02,18.66,18.66,18.32,18.43,3909378,NVDA,-0.007539041464728058,18.592499999999998,18.4457,0.015528303305779959,56.88888888888883,19.19196906333434,17.993030936665654,1.0,NVDA,148.9894907033145,0.4898949070331453
2014-05-05,18.41,18.77,18.39,18.63,5981457,NVDA,0.01085187194791093,18.6165,18.4455,0.013975049203420933,56.88888888888883,19.178649071819553,18.054350928180444,0.0,NVDA,150.6063055780113,0.5060630557801136
2014-05-06,18.81,18.97,18.2,18.25,10404742,NVDA,-0.020397208803005884,18.6185,18.4323,0.014786323250785731,46.000000000000036,19.17481399691012,18.06218600308988,1.0,NVDA,147.53435731608732,0.4753435731608735
2014-05-07,18.25,18.42,18.07,18.275,7350440,NVDA,0.001369863013698458,18.58925,18.423,0.012220754716105016,45.67404426559358,19.153559312345823,18.024940687654176,1.0,NVDA,147.73645917542441,0.4773645917542444
2014-05-08,18.2,18.79,18.11,18.5,10818490,NVDA,0.012311901504788114,18.572250000000004,18.418799999999997,0.012605963648597767,48.86363636363639,19.125122641658958,18.01937735834105,0.0,NVDA,149.55537590945838,0.4955537590945842
2014-05-09,17.94,18.11,17.71,18.05,13488260,NVDA,-0.024324324324324298,18.55575,18.409799999999997,0.012596937522834816,38.77551020408166,19.150864097861827,17.960635902138172,1.0,NVDA,145.91754244139048,0.45917542441390524
2014-05-12,18.09,18.62,18.08,18.58,7496353,NVDA,0.029362880886426357,18.578750000000003,18.4138,0.013868890794893698,45.61933534743199,19.13739379951545,18.020106200484555,0.0,NVDA,150.20210185933712,0.5020210185933713
2014-05-13,18.33,18.63,18.22,18.28,5527597,NVDA,-0.016146393972012785,18.576749999999997,18.4136,0.014197265389270113,38.05309734513278,19.139565057966553,18.01393494203344,0.0,NVDA,147.77687954729186,0.47776879547291884
2014-05-14,18.29,18.36,18.09,18.1,5358034,NVDA,-0.009846827133479175,18.55925,18.406,0.014256095577897906,32.941176470588246,19.159199778600104,17.959300221399893,0.0,NVDA,146.3217461600647,0.46321746160064725
2014-05-15,18.06,18.16,17.82,18.0,8147862,NVDA,-0.005524861878453136,18.53475,18.3932,0.014273855745716138,37.71043771043771,19.184555436468,17.884944563532,0.0,NVDA,145.51333872271627,0.4551333872271628
2014-05-16,17.86,18.09,17.86,17.96,7098958,NVDA,-0.0022222222222221255,18.504749999999998,18.3848,0.014225545687820976,38.22525597269629,19.203225595776214,17.80627440422378,1.0,NVDA,145.1899757477769,0.4518997574777692
2014-05-19,18.15,18.64,18.07,18.54,9002026,NVDA,0.03229398663697092,18.49625,18.3884,0.01600668587688862,47.83861671469737,19.188316889070393,17.804183110929607,0.0,NVDA,149.87873888439773,0.49878738884397755
2014-05-20,18.46,18.51,18.15,18.24,6405005,NVDA,-0.016181229773462813,18.46475,18.391399999999997,0.016237742091977217,46.76056338028168,19.14238889623044,17.787111103769558,0.0,NVDA,147.45351657235247,0.47453516572352483
2014-05-21,18.31,18.465,18.125,18.24,5417775,NVDA,0.0,18.42225,18.3908,0.015944404678100748,45.21739130434779,19.038627148727855,17.80587285127214,1.0,NVDA,147.45351657235247,0.47453516572352483
2014-05-22,18.2,18.42,18.2,18.32,3259588,NVDA,0.004385964912280826,18.37525,18.3908,0.015810884988168343,48.37758112094396,18.849663488314707,17.900836511685295,1.0,NVDA,148.1002425222312,0.4810024252223124
2014-05-23,18.42,18.58,18.31,18.49,4566438,NVDA,0.009279475982532759,18.36325,18.4058,0.01484310219089012,47.91666666666665,18.81128988309334,17.91521011690666,1.0,NVDA,149.47453516572352,0.49474535165723554
2014-05-27,18.6,18.82,18.54,18.82,5242005,NVDA,0.017847485127095775,18.37175,18.4258,0.015365327603374649,58.61027190332327,18.84824239238438,17.89525760761562,1.0,NVDA,152.14227970897335,0.5214227970897336
2014-05-28,18.89,19.1,18.71,18.98,5617852,NVDA,0.008501594048884176,18.386249999999997,18.449,0.015465139139328943,60.23222060957914,18.917968910703944,17.85453108929605,0.0,NVDA,153.4357316087308,0.5343573160873083
2014-05-29,18.97,19.13,18.91,18.95,4297080,NVDA,-0.0015806111696523573,18.410249999999998,18.4632,0.015191734727910668,56.92307692307692,18.99823921400793,17.822260785992064,1.0,NVDA,153.19320937752627,0.531932093775263
2014-05-30,18.95,19.05,18.85,19.0,5977913,NVDA,0.0026385224274407815,18.43175,18.472099999999998,0.015165720492274206,66.66666666666666,19.073337463783705,17.790162536216297,0.0,NVDA,153.59741309620048,0.5359741309620054
2014-06-02,19.06,19.18,18.78,18.94,4537471,NVDA,-0.0031578947368420263,18.45725,18.4795,0.015063321846214424,57.563025210084106,19.137895784685927,17.77660421531407,0.0,NVDA,153.11236863379145,0.531123686337915
2014-06-03,18.98,19.0,18.61,18.86,6080259,NVDA,-0.004223864836325308,18.46875,18.4859,0.014946042862013228,63.42592592592587,19.169169986790024,17.768330013209976,1.0,NVDA,152.4656426839127,0.5246564268391274
2014-06-04,18.81,19.02,18.8,18.88,4030858,NVDA,0.0010604453870626251,18.50025,18.494500000000002,0.014096448099981704,69.4999999999999,19.21575111258157,17.78474888741843,1.0,NVDA,152.62732417138238,0.5262732417138243
2014-06-05,18.91,19.02,18.8,18.96,4717374,NVDA,0.004237288135593209,18.5345,18.5047,0.014106504927961396,74.24242424242422,19.26990465051576,17.799095349484244,1.0,NVDA,153.27405012126115,0.5327405012126116
2014-06-06,19.05,19.2,18.98,19.03,4026269,NVDA,0.003691983122362963,18.561,18.5247,0.013903005455116961,76.61691542288551,19.32865946397591,17.79334053602409,1.0,NVDA,153.83993532740504,0.5383993532740508
2014-06-09,19.01,19.23,18.88,19.05,6186356,NVDA,0.0010509721492379942,18.611,18.5499,0.012509904175301805,67.5862068965517,19.36872234881581,17.853277651184193,1.0,NVDA,154.00161681487472,0.5400161681487474
2014-06-10,18.98,19.24,18.9,19.15,5440162,NVDA,0.005249343832020914,18.639499999999998,18.5749,0.010866437624271395,86.3999999999999,19.434284975886523,17.844715024113473,1.0,NVDA,154.81002425222312,0.5481002425222314
2014-06-11,19.08,19.445,19.08,19.4,6655773,NVDA,0.01305483028720622,18.695500000000003,18.6047,0.010308508985924595,88.66666666666659,19.53991134899763,17.851088651002375,1.0,NVDA,156.83104284559417,0.5683104284559419
2014-06-12,19.4,19.61,19.23,19.52,8429047,NVDA,0.006185567010309256,18.7665,18.6221,0.00986863179094764,88.96103896103887,19.638431310669898,17.894568689330104,1.0,NVDA,157.8011317704123,0.5780113177041231
2014-06-13,19.72,19.73,19.35,19.54,5696281,NVDA,0.0010245901639343025,18.8435,18.6423,0.00964809431572421,87.76978417266179,19.702318650056238,17.98468134994376,0.0,NVDA,157.96281325788198,0.5796281325788197
2014-06-16,19.45,19.61,19.31,19.48,4965472,NVDA,-0.003070624360286489,18.9195,18.6573,0.009679431591768347,79.4642857142857,19.71587269772665,18.12312730227335,1.0,NVDA,157.47776879547294,0.5747776879547293
2014-06-17,19.5,19.69,19.4,19.61,3940353,NVDA,0.006673511293634471,18.973,18.686500000000002,0.0071073556506937,78.8990825688073,19.804994433179886,18.141005566820112,0.0,NVDA,158.52869846402587,0.5852869846402586
2014-06-18,19.56,19.68,19.38,19.59,5388381,NVDA,-0.0010198878123406363,19.0405,18.7141,0.0056268853523533625,79.6296296296297,19.840538814847992,18.24046118515201,0.0,NVDA,158.3670169765562,0.5836701697655617
2014-06-19,19.23,19.33,19.0,19.138,11864822,NVDA,-0.023072996426748205,19.0854,18.719659999999998,0.008185514340977855,54.6558704453442,19.79156544952687,18.37923455047313,0.0,NVDA,154.71301535974135,0.5471301535974131
2014-06-20,19.19,19.255,18.78,18.93,8828658,NVDA,-0.010868429302957616,19.115900000000003,18.72146,0.008689604661014547,49.693251533742284,19.729498154118044,18.502301845881963,0.0,NVDA,153.0315278900566,0.5303152789005656
2014-06-23,18.68,18.72,18.46,18.71,10355032,NVDA,-0.011621764395139955,19.1269,18.72806,0.00897895453974424,45.7627118644068,19.6997914290456,18.554008570954398,0.0,NVDA,151.25303152789007,0.5125303152789003
2014-06-24,18.68,18.83,18.34,18.42,6894480,NVDA,-0.015499732763228136,19.106900000000003,18.734060000000003,0.008705520649103652,38.72549019607847,19.748688914306367,18.46511108569364,1.0,NVDA,148.90864995957963,0.4890864995957962
2014-06-25,18.47,18.62,18.3,18.61,5385489,NVDA,0.010314875135721824,19.0884,18.73986,0.008818798393076453,41.860465116279,19.76592689595105,18.41087310404895,0.0,NVDA,150.44462409054165,0.504446240905416
2014-06-26,18.61,18.62,18.3,18.36,6422671,NVDA,-0.013433637829124101,19.0589,18.738059999999997,0.009251315991007873,35.62231759656643,19.80926269125089,18.308537308749113,1.0,NVDA,148.42360549717057,0.4842360549717055
2014-06-27,18.34,18.49,18.23,18.38,7570516,NVDA,0.0010893246187364536,19.0279,18.73586,0.009220929940057918,35.62231759656643,19.83740612624073,18.21839387375927,1.0,NVDA,148.58528698464028,0.4858528698464024
2014-06-30,18.31,18.59,18.31,18.54,4514184,NVDA,0.008705114254624613,19.0079,18.73546,0.009494086642164244,37.23849372384935,19.84581668974164,18.16998331025836,1.0,NVDA,149.87873888439773,0.49878738884397733
2014-07-01,18.52,18.855,18.46,18.75,8029625,NVDA,0.011326860841424091,19.0024,18.73626,0.009848373029908888,36.17021276595744,19.845830189292954,18.15896981070705,0.0,NVDA,151.57639450282943,0.5157639450282945
2014-07-02,18.68,18.76,18.57,18.6825,4482096,NVDA,-0.0035999999999999366,18.992525,18.73251,0.009870940874769783,31.773667029379737,19.846547400482876,18.138502599517125,1.0,NVDA,151.03071948261925,0.5103071948261928
2014-07-03,18.51,18.9,18.51,18.85,3422256,NVDA,0.008965609527632923,18.987025,18.727710000000002,0.01004493785872758,35.88957055214725,19.843343096024583,18.130706903975415,0.0,NVDA,152.38480194017788,0.5238480194017792
2014-07-07,18.88,18.89,18.67,18.7,3187483,NVDA,-0.007957559681697757,18.970525000000002,18.71651,0.01014205916961038,34.61538461538457,19.83602451959621,18.105025480403793,0.0,NVDA,151.17219078415522,0.5117219078415527
2014-07-08,18.65,18.73,18.37,18.55,5550035,NVDA,-0.008021390374331472,18.945525,18.71291,0.01025597549910432,29.25636007827788,19.8300349431176,18.0610150568824,1.0,NVDA,149.9595796281326,0.49959579628132644
2014-07-09,18.71,19.19,18.57,19.11,9691765,NVDA,0.030188679245283012,18.943525,18.722109999999997,0.012386333063615895,42.24555735056541,19.82626734632775,18.060782653672252,0.0,NVDA,154.48666127728376,0.5448666127728381
2014-07-10,18.75,19.09,18.6,19.005,6657739,NVDA,-0.005494505494505475,18.923775,18.72841,0.012044608069392494,47.580058224162975,19.78081645173977,18.066733548260228,1.0,NVDA,153.6378334680679,0.5363783346806796
2014-07-11,19.03,19.11,18.96,19.05,4780418,NVDA,0.0023677979479086453,18.900275,18.740009999999998,0.011955334911711534,52.32108317214703,19.71311585805681,18.08743414194319,1.0,NVDA,154.00161681487472,0.5400161681487479
2014-07-14,19.13,19.34,19.06,19.29,6815867,NVDA,0.012598425196850283,18.887775,18.75441,0.01234006763458165,61.132437619961586,19.6661520210138,18.109397978986202,1.0,NVDA,155.94179466451092,0.5594179466451099
2014-07-15,19.32,19.42,19.19,19.37,9885981,NVDA,0.004147226542249971,18.882275,18.77321,0.01236864508340821,69.83298538622128,19.644417649653768,18.120132350346232,0.0,NVDA,156.5885206143897,0.5658852061438975
2014-07-16,19.45,19.6,19.24,19.35,7993210,NVDA,-0.0010325245224573898,18.869275,18.78761,0.012262478704351145,66.6292134831461,19.586711186416018,18.15183881358398,0.0,NVDA,156.42683912692,0.5642683912692006
2014-07-17,19.13,19.5,19.13,19.3,8122920,NVDA,-0.0025839793281654533,18.854775,18.808609999999998,0.012270309886617443,73.20987654320989,19.5207557548193,18.1887942451807,0.0,NVDA,156.02263540824578,0.5602263540824584
2014-07-18,18.9,19.05,18.41,18.44,14196417,NVDA,-0.04455958549222794,18.819875,18.81191,0.014976806430021758,51.047120418848216,19.496434553141903,18.143315446858097,1.0,NVDA,149.07033144704934,0.490703314470494
2014-07-21,18.37,18.68,18.37,18.55,6084223,NVDA,0.005965292841648484,18.800874999999998,18.81291,0.014910168398588265,50.17761989342809,19.48570551111028,18.116044488889717,0.0,NVDA,149.9595796281326,0.49959579628132644
2014-07-22,18.69,18.79,18.43,18.47,7470420,NVDA,-0.004312668463612002,18.788875,18.82131,0.014722105221650749,44.78584729981377,19.488657814051837,18.089092185948164,0.0,NVDA,149.31285367825384,0.4931285367825389
2014-07-23,18.48,18.49,18.06,18.08,7433795,NVDA,-0.021115322144017346,18.771875,18.811310000000002,0.015071803550583336,39.98337489609307,19.523954354365852,18.01979564563415,1.0,NVDA,146.16006467259498,0.46160064672595036
2014-07-24,18.18,18.23,17.98,18.11,6364433,NVDA,0.0016592920353983853,18.746875,18.807910000000003,0.014857932750605471,37.10801393728221,19.55291612961546,17.940833870384537,0.0,NVDA,146.40258690379952,0.4640258690379959
2014-07-25,18.05,18.09,17.76,17.79,6653367,NVDA,-0.017669795692987322,18.718375,18.80171,0.015069375063259735,35.03289473684211,19.617003011265936,17.819746988734067,0.0,NVDA,143.81568310428457,0.4381568310428463
2014-07-28,17.87,17.87,17.415,17.72,8258849,NVDA,-0.00393479482855541,18.685375,18.796110000000002,0.015066399561519311,35.979729729729726,19.67970137207846,17.691048627921543,1.0,NVDA,143.24979789814066,0.4324979789814072
2014-07-29,17.73,18.02,17.72,17.78,5449327,NVDA,0.003386004514672747,18.647375,18.79251,0.014918952234319379,22.967479674796877,19.72009347854444,17.57465652145556,1.0,NVDA,143.73484236054975,0.43734842360549786
2014-07-30,17.89,18.13,17.84,18.08,6155073,NVDA,0.01687289088863886,18.613875,18.78331,0.015227729685716772,32.58003766478345,19.714581083193472,17.513168916806528,0.0,NVDA,146.16006467259498,0.4616006467259506
2014-07-31,17.86,18.0,17.465,17.5,10047917,NVDA,-0.03207964601769897,18.55475,18.76851,0.01667676738402059,25.70532915360502,19.761832062356703,17.347667937643294,1.0,NVDA,141.47130153597413,0.41471301535974225
2014-08-01,17.5,17.79,17.44,17.69,5497060,NVDA,0.010857142857142899,18.49675,18.75751,0.016754161044773824,24.522292993630643,19.754510227338194,17.238989772661803,0.0,NVDA,143.00727566693615,0.4300727566693623
2014-08-04,17.67,17.82,17.56,17.65,6043554,NVDA,-0.002261164499717472,18.44425,18.74411,0.016714462615785113,22.25806451612904,19.75291454629786,17.13558545370214,1.0,NVDA,142.68391269199677,0.4268391269199685
2014-08-05,17.6,17.92,17.45,17.66,7458434,NVDA,0.0005665722379604166,18.399749999999997,18.72751,0.01668222473501023,22.65372168284793,19.753040240001877,17.04645975999812,0.0,NVDA,142.76475343573162,0.42764753435731695
2014-08-06,17.54,17.86,17.41,17.64,5586470,NVDA,-0.0011325028312570984,18.32625,18.70391,0.014837846976326377,22.8758169934641,19.676793263010588,16.975706736989416,0.0,NVDA,142.60307194826194,0.42603071948262006
2014-08-07,17.79,17.95,17.34,17.46,10200345,NVDA,-0.010204081632653073,18.249000000000002,18.67351,0.014901920282585107,29.411764705882405,19.6127548784225,16.885245121577505,1.0,NVDA,141.14793856103478,0.41147938561034847
2014-08-08,18.22,19.1,18.22,19.0,22366081,NVDA,0.0882016036655211,18.2465,18.67451,0.025477186630122956,55.9055118110236,19.604242321107517,16.888757678892485,0.0,NVDA,153.59741309620048,0.5359741309620056
2014-08-11,19.02,19.1,18.85,18.9,8615557,NVDA,-0.0052631578947369695,18.226999999999997,18.67251,0.025331173751176335,55.61357702349868,19.531810532727217,16.922189467272776,0.0,NVDA,152.78900565885206,0.5278900565885212
2014-08-12,18.89,19.0,18.69,18.9,7403784,NVDA,0.0,18.2035,18.67171,0.025306155678011984,61.918604651162774,19.43659238993084,16.970407610069156,1.0,NVDA,152.78900565885206,0.5278900565885212
2014-08-13,18.93,19.17,18.81,19.01,6414874,NVDA,0.0058201058201059475,18.186500000000002,18.67471,0.02535107386934781,62.78409090909091,19.361023867696854,17.01197613230315,0.0,NVDA,153.67825383993534,0.5367825383993541
2014-08-14,19.08,19.08,18.72,18.8,6399781,NVDA,-0.011046817464492431,18.1615,18.673109999999998,0.02545652682979169,64.80938416422286,19.25469955321889,17.06830044678111,1.0,NVDA,151.98059822150364,0.5198059822150372
2014-08-15,18.86,19.145,18.68,19.04,9249383,NVDA,0.012765957446808418,18.191499999999998,18.67471,0.02344293224330327,68.4357541899441,19.34797877537585,17.035021224624145,1.0,NVDA,153.92077607113984,0.5392077607113992
2014-08-18,19.12,19.32,18.93,19.3,7102895,NVDA,0.013655462184874123,18.229,18.68011,0.023576604293702213,70.10582010582007,19.479261446342576,16.978738553657422,1.0,NVDA,156.02263540824578,0.5602263540824586
2014-08-19,19.22,19.47,19.15,19.37,6206499,NVDA,0.0036269430051814044,18.273999999999997,18.686510000000002,0.023527286656343703,68.16901408450704,19.621768526120157,16.926231473879838,0.0,NVDA,156.5885206143897,0.5658852061438977
2014-08-20,19.3,19.39,19.205,19.25,5536746,NVDA,-0.00619514713474445,18.3325,18.68851,0.022964374292325836,78.31715210355978,19.74483475978053,16.920165240219468,0.0,NVDA,155.61843168957154,0.5561843168957166
2014-08-21,19.2,19.3,19.04,19.07,6819882,NVDA,-0.009350649350649332,18.380499999999998,18.68191,0.023139124171084564,72.40259740259732,19.825862456818037,16.93513754318196,1.0,NVDA,154.1632983023444,0.541632983023445
2014-08-22,19.05,19.24,18.93,19.08,6280582,NVDA,0.000524383848977239,18.445,18.673109999999998,0.022643063256714002,73.44262295081964,19.89453713120326,16.99546286879674,1.0,NVDA,154.2441390460792,0.542441390460793
2014-08-25,19.16,19.29,19.07,19.11,3834454,NVDA,0.0015723270440253234,18.514499999999998,18.66451,0.022578206604446503,73.61563517915306,19.95090596812437,17.078094031875626,1.0,NVDA,154.48666127728376,0.5448666127728385
2014-08-26,19.16,19.49,19.09,19.455,6740958,NVDA,0.01805337519623218,18.59825,18.66401,0.02279385052157449,76.73048600883646,20.04958432254241,17.14691567745759,0.0,NVDA,157.27566693613582,0.5727566693613588
2014-08-27,19.33,19.475,19.2,19.23,4574336,NVDA,-0.011565150346954378,18.65575,18.656409999999997,0.022884572719364286,75.72674418604649,20.111747668448167,17.199752331551835,1.0,NVDA,155.4567502021019,0.5545675020210195
2014-08-28,19.19,19.43,19.13,19.39,4492628,NVDA,0.00832033281331257,18.75025,18.65241,0.021324611592100296,59.466019417475735,20.13394632734787,17.36655367265213,1.0,NVDA,156.75020210185934,0.5675020210185944
2014-08-29,19.46,19.49,19.25,19.45,5198761,NVDA,0.003094378545642096,18.83825,18.65865,0.02128966395103301,63.61386138613863,20.160533809809536,17.51596619019046,1.0,NVDA,157.23524656426838,0.5723524656426848
2014-09-02,19.5,19.5,19.315,19.495,4815883,NVDA,0.002313624678663251,18.930500000000002,18.66995,0.021232504332894468,64.406779661017,20.157755817711003,17.703244182289,1.0,NVDA,157.5990299110752,0.5759902991107528
2014-09-03,19.6,19.75,19.47,19.685,6486429,NVDA,0.009746088740702596,19.031750000000002,18.68945,0.021226563803137703,65.7342657342657,20.146655117511298,17.916844882488707,1.0,NVDA,159.13500404203717,0.5913500404203726
2014-09-04,19.65,20.15,19.64,20.03,12295805,NVDA,0.017526035052070288,19.151249999999997,18.72165,0.021322734871183847,76.97368421052636,20.143667966913586,18.15883203308641,0.0,NVDA,161.92400970088926,0.6192400970088936
2014-09-05,20.01,20.1,19.84,19.97,6344896,NVDA,-0.0029955067398902413,19.27675,18.74885,0.021083682069251125,72.14285714285712,19.953159055621377,18.600340944378623,0.0,NVDA,161.4389652384802,0.6143896523848029
2014-09-08,19.95,19.99,19.71,19.79,7982245,NVDA,-0.009013520280420573,19.31625,18.77745,0.009246563030585957,62.1287128712871,20.016459555099704,18.616040444900296,0.0,NVDA,159.98383185125306,0.5998383185125313
2014-09-09,19.7,19.83,19.52,19.54,4964806,NVDA,-0.01263264274886311,19.34825,18.80065,0.00969073348677121,53.863636363636324,20.02651617194159,18.66998382805841,1.0,NVDA,157.96281325788198,0.5796281325788206
2014-09-10,19.65,19.685,19.425,19.61,4309435,NVDA,0.003582395087001089,19.38375,18.82205,0.009690551735728992,58.3720930232558,20.037096647734238,18.73040335226576,0.0,NVDA,158.52869846402587,0.5852869846402597
2014-09-11,19.47,19.54,19.2,19.41,6267986,NVDA,-0.010198878123406363,19.40375,18.83525,0.010005517110959586,57.834101382488484,20.032967350114024,18.774532649885973,0.0,NVDA,156.91188358932905,0.5691188358932913
2014-09-12,19.53,19.53,19.095,19.12,6563409,NVDA,-0.014940752189592899,19.41975,18.843999999999998,0.01028799760245735,50.81632653061231,19.998582536458922,18.84091746354108,0.0,NVDA,154.5675020210186,0.5456750202101872
2014-09-15,19.18,19.21,18.78,18.86,7353902,NVDA,-0.013598326359832713,19.41075,18.844199999999997,0.01037550062909256,45.33582089552239,20.019279504539465,18.802220495460535,1.0,NVDA,152.4656426839127,0.524656426839128
2014-09-16,18.81,19.24,18.75,19.135,5498477,NVDA,0.014581124072110319,19.4025,18.852899999999998,0.010443452901164852,43.86973180076635,20.021731272160377,18.783268727839623,1.0,NVDA,154.68876313662088,0.5468876313662097
2014-09-17,19.09,19.33,19.0,19.15,4339601,NVDA,0.0007839038411285859,19.3915,18.8649,0.010405357265452025,48.33333333333329,20.02089486392657,18.76210513607343,1.0,NVDA,154.81002425222312,0.5481002425222319
2014-09-18,19.27,19.46,19.21,19.44,5490120,NVDA,0.015143603133159322,19.401,18.8715,0.01087613517412579,50.98814229249013,20.02712929554298,18.77487070445702,0.0,NVDA,157.15440582053358,0.5715440582053362
2014-09-19,19.5,19.52,19.05,19.08,15033424,NVDA,-0.018518518518518712,19.401500000000002,18.873,0.011491071332817016,43.46289752650178,20.026531367634156,18.776468632365848,0.0,NVDA,154.2441390460792,0.5424413904607925
2014-09-22,19.47,19.47,18.87,18.89,5536598,NVDA,-0.009958071278825864,19.392,18.8698,0.011707190479760897,39.83193277310926,20.04284883846145,18.74115116153855,0.0,NVDA,152.70816491511724,0.5270816491511727
2014-09-23,18.79,19.02,18.72,18.81,4903604,NVDA,-0.004235044997353166,19.377000000000002,18.8602,0.011726780292932596,34.7294938917976,20.067814926849586,18.68618507315042,1.0,NVDA,152.06143896523847,0.5206143896523852
2014-09-24,18.8,18.98,18.78,18.92,3989961,NVDA,0.005847953216374435,19.35025,18.851200000000002,0.01099268601256246,28.897338403041914,20.069207395707423,18.631292604292575,0.0,NVDA,152.95068714632177,0.5295068714632181
2014-09-25,18.9,18.95,18.47,18.51,7460994,NVDA,-0.021670190274841405,19.31425,18.834400000000002,0.01169724442305008,25.503355704698095,20.124826630359216,18.503673369640786,1.0,NVDA,149.63621665319323,0.49636216653193266
2014-09-26,18.57,18.69,18.49,18.545,6029702,NVDA,0.0018908698001081081,19.272,18.819300000000002,0.011489791782429438,28.04232804232815,20.151140728810187,18.39285927118981,0.0,NVDA,149.91915925626517,0.4991915925626522
2014-09-29,18.4,18.65,18.2236,18.515,5213585,NVDA,-0.0016176867080076596,19.22525,18.8208,0.01142444785077817,30.401529636711373,20.16208383349408,18.288416166505918,0.0,NVDA,149.67663702506064,0.4967663702506069
2014-09-30,18.44,18.58,18.2301,18.45,6930130,NVDA,-0.0035106670267351925,19.173,18.8188,0.011372132617584072,27.77777777777787,20.161621581586807,18.18437841841319,0.0,NVDA,149.15117219078417,0.491511721907842
2014-10-01,18.48,18.61,18.22,18.27,8775121,NVDA,-0.009756097560975618,19.102249999999998,18.8148,0.011082140689277691,27.992277992278062,20.137997759376223,18.066502240623773,0.0,NVDA,147.696038803557,0.4769603880355704
2014-10-02,18.24,18.33,17.77,18.19,7224861,NVDA,-0.004378762999452612,19.01025,18.816999999999997,0.00989668564691403,30.462184873949667,20.02569636283247,17.99480363716753,1.0,NVDA,147.0493128536783,0.47049312853678305
2014-10-03,18.3,18.55,18.23,18.23,5978474,NVDA,0.0021990104452995762,18.92325,18.819399999999998,0.010012901929799289,35.41666666666674,19.889432259149345,17.957067740850654,0.0,NVDA,147.37267582861764,0.4737267582861766
2014-10-06,18.3,18.45,18.0,18.12,4975777,NVDA,-0.0060340098738342896,18.839750000000002,18.826,0.009964260957478249,24.561403508771974,19.77880593690246,17.900694063097543,0.0,NVDA,146.48342764753437,0.4648342764753439
2014-10-07,18.04,18.215,17.905,17.925,7547439,NVDA,-0.010761589403973537,18.759,18.8301,0.009890927761389895,21.839080459770273,19.721964720346357,17.796035279653644,1.0,NVDA,144.90703314470494,0.44907033144704966
2014-10-08,17.91,18.35,17.77,18.26,6504284,NVDA,0.018688981868898225,18.691499999999998,18.8397,0.011032117741484476,23.4234234234235,19.590429773031374,17.79257022696862,0.0,NVDA,147.61519805982218,0.47615198059822195
2014-10-09,18.18,18.195,17.76,17.91,7674982,NVDA,-0.0191675794085433,18.616500000000002,18.8363,0.01149137505550049,23.52941176470597,19.513319526525834,17.71968047347417,0.0,NVDA,144.78577202910267,0.447857720291027
2014-10-10,17.77,17.83,16.84,16.845,17284422,NVDA,-0.05946398659966501,18.50275,18.8232,0.016812933157805646,16.855753646677528,19.667700755679395,17.337799244320603,0.0,NVDA,136.17623282134196,0.3617623282134199
2014-10-13,16.96,17.3,16.77,16.785,9940730,NVDA,-0.003561887800534236,18.399,18.8051,0.016729332881686838,16.96574225122356,19.779619998025325,17.018380001974677,1.0,NVDA,135.6911883589329,0.35691188358932946
2014-10-14,17.02,17.65,16.92,17.175,9415488,NVDA,0.02323503127792681,18.301,18.7956,0.01738007731730467,23.91629297458894,19.73871968573046,16.863280314269538,1.0,NVDA,138.84397736459178,0.3884397736459182
2014-10-15,16.93,17.53,16.815,17.44,10110978,NVDA,0.015429403202328995,18.215500000000002,18.7912,0.017946635023309086,33.281250000000014,19.64398797500605,16.787012024993956,1.0,NVDA,140.9862570735651,0.4098625707356516
2014-10-16,17.13,17.65,17.09,17.45,8777944,NVDA,0.0005733944954127157,18.116000000000003,18.7874,0.017394064031466292,32.755905511810994,19.460096644394923,16.771903355605083,0.0,NVDA,141.06709781729992,0.4106709781729998
2014-10-17,17.66,17.865,17.35,17.42,7268519,NVDA,-0.0017191977077362086,18.032999999999998,18.7866,0.017122516136104663,32.75590551181102,19.330663487317018,16.735336512682977,1.0,NVDA,140.82457558609542,0.4082457558609547
2014-10-20,17.42,17.725,17.3,17.57,5008404,NVDA,0.008610792192881744,17.967000000000002,18.758000000000003,0.01730762468159628,36.50306748466257,19.21443695125982,16.719563048740184,1.0,NVDA,142.03718674211805,0.42037186742118093
2014-10-21,17.7,18.34,17.65,18.32,8778272,NVDA,0.042686397268070664,17.942500000000003,18.7464,0.020145883905302225,50.65274151436032,19.13840749510239,16.746592504897617,0.0,NVDA,148.1002425222312,0.48100242522231285
2014-10-22,18.29,18.35,17.89,17.89,5987921,NVDA,-0.02347161572052403,17.891,18.7262,0.020671748572528598,46.4114832535885,18.994833511473797,16.7871664885262,1.0,NVDA,144.624090541633,0.44624090541633055
2014-10-23,18.2,18.42,18.07,18.285,5367494,NVDA,0.022079373951928494,17.87975,18.7117,0.020860341442981427,50.606394707827995,18.961383632885656,16.798116367114346,1.0,NVDA,147.81729991915927,0.4781729991915933
2014-10-24,18.4,18.59,18.285,18.48,5254152,NVDA,0.01066447908121404,17.8765,18.7053,0.021002872704264663,53.89610389610389,18.95007788431215,16.80292211568785,1.0,NVDA,149.3936944219887,0.49393694421988754
2014-10-27,18.47,18.56,18.27,18.49,3627782,NVDA,0.0005411255411253979,17.87525,18.694300000000002,0.02099947268347221,56.369785794813964,18.945751481107138,16.804748518892865,1.0,NVDA,149.47453516572352,0.49474535165723577
2014-10-28,18.44,18.955,18.42,18.93,4814453,NVDA,0.0237966468361277,17.899250000000002,18.6869,0.021627685426925464,57.37885462555065,19.043021577305794,16.75547842269421,0.0,NVDA,153.0315278900566,0.5303152789005665
2014-10-29,18.85,18.96,18.64,18.805,4208504,NVDA,-0.006603275224511318,17.926000000000002,18.6756,0.02155261030626628,60.37079953650059,19.129733665244128,16.722266334755876,0.0,NVDA,152.02101859337108,0.5202101859337114
2014-10-30,18.76,18.84,18.45,18.69,4256451,NVDA,-0.00611539484179735,17.951,18.6644,0.02158172875901907,77.4145616641903,19.19781742216352,16.70418257783648,1.0,NVDA,151.0913500404204,0.5109135004042045
2014-10-31,19.12,19.55,19.02,19.54,6408266,NVDA,0.045478865703584725,18.0165,18.6738,0.02371174797881538,83.15282791817094,19.448863155951134,16.584136844048867,1.0,NVDA,157.96281325788198,0.5796281325788204
2014-11-03,19.99,20.06,19.77,19.87,7719851,NVDA,0.016888433981576245,18.104,18.6896,0.023768149794087444,82.90598290598297,19.75942362204393,16.44857637795607,1.0,NVDA,160.63055780113177,0.6063055780113185
2014-11-04,20.0,20.2,19.67,20.13,9004886,NVDA,0.013085052843482492,18.21425,18.71,0.023538666334015045,82.88508557457219,20.097503833130315,16.330996166869685,0.0,NVDA,162.73241713823768,0.6273241713823772
2014-11-05,20.25,20.255,19.98,20.13,8391257,NVDA,0.0,18.30775,18.723499999999998,0.023382321687973977,82.84313725490203,20.377060780251046,16.23843921974895,1.0,NVDA,162.73241713823768,0.6273241713823772
2014-11-06,20.17,20.25,19.86,20.22,9852201,NVDA,0.0044709388971684305,18.42325,18.7433,0.022675263698934505,83.81642512077296,20.650895145604864,16.195604854395135,0.0,NVDA,163.45998383185125,0.634599838318513
2014-11-07,20.45,20.6859,19.59,19.79,11269962,NVDA,-0.021266073194856516,18.570500000000003,18.7513,0.017960346910191327,75.11312217194572,20.747649029060014,16.39335097093999,1.0,NVDA,159.98383185125306,0.5998383185125309
2014-11-10,19.77,20.1501,19.72,20.02,7334724,NVDA,0.011622031328954119,18.73225,18.7627,0.01775495392665691,71.79487179487181,20.830102222481024,16.634397777518977,0.0,NVDA,161.8431689571544,0.6184316895715447
2014-11-11,19.9,20.01,19.605,19.78,5325270,NVDA,-0.011988011988011915,18.8625,18.7684,0.018013604382699278,75.4716981132076,20.874993870536645,16.850006129463356,0.0,NVDA,159.9029911075182,0.5990299110751827
2014-11-12,19.71,19.76,19.38,19.645,5114569,NVDA,-0.00682507583417602,18.972749999999998,18.7676,0.01816767564747202,69.71014492753625,20.896771213910895,17.0487287860891,0.0,NVDA,158.8116410670978,0.5881164106709789
2014-11-13,19.72,19.749,19.39,19.55,5633239,NVDA,-0.004835836090608225,19.07775,18.758,0.01829449982496368,65.97014925373136,20.877034872562383,17.27846512743762,1.0,NVDA,158.04365400161683,0.5804365400161688
2014-11-14,19.57,19.79,19.375,19.785,4006181,NVDA,0.012020460358056262,19.196,18.754299999999997,0.018253033986633006,68.11188811188816,20.840779940488048,17.551220059511955,0.0,NVDA,159.94341147938562,0.5994341147938569
2014-11-17,19.7,19.91,19.57,19.695,3968295,NVDA,-0.004548900682335044,19.302249999999997,18.7524,0.018411038085437342,61.860465116279094,20.76975943689256,17.834740563107434,1.0,NVDA,159.21584478577205,0.5921584478577211
2014-11-18,19.71,20.22,19.66,20.17,5194312,NVDA,0.024117796395024094,19.39475,18.765,0.01686037815984933,69.09090909090915,20.834528765900224,17.954971234099773,0.0,NVDA,163.05578011317706,0.6305578011317712
2014-11-19,20.1,20.16,19.8,20.01,6007542,NVDA,-0.00793257312840856,19.50075,18.773,0.015806563466257563,68.23204419889504,20.77693788832842,18.22456211167158,1.0,NVDA,161.76232821341958,0.6176232821341963
2014-11-20,19.87,20.36,19.81,20.34,5524226,NVDA,0.01649175412293835,19.603500000000004,18.791600000000003,0.015549719486184393,62.90322580645163,20.79568993541535,18.411310064584658,1.0,NVDA,164.43007275666938,0.6443007275666939
2014-11-21,20.52,20.55,20.28,20.455,4974441,NVDA,0.005653883972468021,19.70225,18.8183,0.015501627261801177,60.138648180242605,20.827933301260728,18.57656669873927,1.0,NVDA,165.35974130962003,0.6535974130962008
2014-11-24,20.5,20.67,20.42,20.58,3400125,NVDA,0.0061109753116597165,19.80675,18.8527,0.015463459870002503,58.18181818181818,20.8430911092576,18.770408890742402,0.0,NVDA,166.37025060630558,0.6637025060630561
2014-11-25,20.54,20.72,20.5,20.57,4756021,NVDA,-0.0004859086491738607,19.888749999999998,18.8814,0.014892450068244845,57.97101449275365,20.891996703143782,18.885503296856214,1.0,NVDA,166.28940986257075,0.6628940986257079
2014-11-26,20.45,20.94,20.44,20.915,5481634,NVDA,0.0167719980554204,19.99425,18.916700000000002,0.014911687816390021,61.52570480928693,20.960737264054437,19.027762735945565,1.0,NVDA,169.0784155214228,0.6907841552142284
2014-11-28,20.99,21.09,20.8028,20.97,3120781,NVDA,0.0026296916088930367,20.108249999999998,18.9473,0.01468158878725882,72.3484848484849,20.957777887464243,19.258722112535754,0.0,NVDA,169.5230396119644,0.6952303961196447
2014-12-01,20.88,21.0,20.55,20.58,4751507,NVDA,-0.01859799713876975,20.16025,18.9773,0.012397668791368784,60.0,20.990421035009625,19.330078964990378,1.0,NVDA,166.37025060630558,0.6637025060630559
2014-12-02,20.56,20.7,20.37,20.61,6148798,NVDA,0.001457725947521915,20.19725,19.011699999999998,0.01193781090809116,66.02316602316601,21.03883669065954,19.35566330934046,1.0,NVDA,166.6127728375101,0.6661277283751013
2014-12-03,20.71,21.15,20.65,21.14,7111426,NVDA,0.025715672003881584,20.247750000000003,19.058300000000003,0.012859320125731951,75.04187604690122,21.187797451210244,19.307702548789763,0.0,NVDA,170.89733225545675,0.7089733225545676
2014-12-04,21.11,21.19,20.81,20.95,4665777,NVDA,-0.00898770104068125,20.28875,19.0989,0.013107013157313692,72.72727272727272,21.27744331629418,19.300056683705822,1.0,NVDA,169.36135812449476,0.6936135812449473
2014-12-05,20.96,21.18,20.95,21.07,4142028,NVDA,0.005727923627685039,20.33125,19.1501,0.013122087624711986,71.66947723440136,21.378823009640328,19.283676990359673,0.0,NVDA,170.33144704931286,0.7033144704931285
2014-12-08,21.04,21.25,20.63,20.8,5676710,NVDA,-0.012814428096820096,20.38175,19.1952,0.01244729905589012,67.56756756756758,21.416764746907685,19.346735253092316,0.0,NVDA,168.14874696847212,0.6814874696847211
2014-12-09,20.67,20.78,20.36,20.73,5986188,NVDA,-0.0033653846153846034,20.41725,19.2395,0.012323882571428283,60.21897810218976,21.448720462878153,19.385779537121845,0.0,NVDA,167.5828617623282,0.6758286176232822
2014-12-10,20.67,20.75,20.245,20.27,5117856,NVDA,-0.022190062711046843,20.441750000000003,19.2759,0.0131112963421088,54.27631578947366,21.431940173122307,19.4515598268777,0.0,NVDA,163.8641875505255,0.6386418755052545
2014-12-11,20.39,20.53,20.22,20.26,3391302,NVDA,-0.0004933399111987091,20.4725,19.3157,0.012980427006383835,48.52941176470591,21.39434882879923,19.55065117120077,0.0,NVDA,163.78334680679066,0.6378334680679063
2014-12-12,19.99,20.17,19.61,19.63,8103662,NVDA,-0.031095755182625973,20.476499999999998,19.3445,0.014860087850367675,37.248840803709456,21.382044907195652,19.570955092804343,0.0,NVDA,158.69037995149554,0.5869037995149555
2014-12-15,19.86,20.22,19.511,19.57,6367418,NVDA,-0.0030565461029036234,20.46575,19.3713,0.014615121204137271,34.06940063091487,21.410131028142988,19.52136897185701,0.0,NVDA,158.2053354890865,0.5820533548908651
2014-12-16,19.55,19.86,19.34,19.345,4632726,NVDA,-0.011497189575881528,20.44825,19.3958,0.014799243716675643,31.905465288035458,21.46310946654831,19.433390533451693,1.0,NVDA,156.38641875505255,0.5638641875505255
2014-12-17,19.74,20.17,19.1,20.14,8639935,NVDA,0.04109589041095907,20.44675,19.4401,0.01667178264045079,39.89569752281621,21.463428156392094,19.43007184360791,1.0,NVDA,162.81325788197253,0.6281325788197254
2014-12-18,20.39,20.63,20.03,20.22,5653939,NVDA,0.003972194637537063,20.45725,19.4793,0.016583805225752778,40.28497409326427,21.459166453077792,19.455333546922205,1.0,NVDA,163.45998383185125,0.6345998383185125
2014-12-19,20.36,20.5,20.17,20.42,8138230,NVDA,0.009891196834817206,20.46125,19.5295,0.016315504639508285,47.82016348773847,21.461833382464338,19.46066661753566,1.0,NVDA,165.07679870654812,0.6507679870654812
2014-12-22,20.4,20.78,20.33,20.78,3724357,NVDA,0.01762977473065619,20.4775,19.6082,0.016735832535131105,52.125000000000014,21.488161586341285,19.466838413658714,0.0,NVDA,167.98706548100245,0.6798706548100244
2014-12-23,20.94,21.04,20.625,20.65,2731983,NVDA,-0.006256015399422665,20.481,19.6855,0.016762424669404193,43.194444444444436,21.493639074269538,19.468360925730465,0.0,NVDA,166.9361358124495,0.6693613581244946
2014-12-24,20.7,20.725,20.55,20.57,1141128,NVDA,-0.0038740920096851372,20.481,19.753400000000003,0.016787914932437746,44.55587392550145,21.493639074269538,19.468360925730465,1.0,NVDA,166.28940986257075,0.6628940986257075
2014-12-26,20.57,20.7,20.52,20.59,1316100,NVDA,0.000972289742343202,20.464750000000002,19.8164,0.016329211632325955,42.92035398230089,21.458316012428593,19.47118398757141,0.0,NVDA,166.45109135004043,0.6645109135004044
2014-12-29,20.53,20.7,20.43,20.56,2083128,NVDA,-0.0014570179698883967,20.44425,19.8786,0.0163114814227043,46.19047619047617,21.41046494285179,19.47803505714821,0.0,NVDA,166.2085691188359,0.662085691188359
2014-12-30,20.42,20.52,20.34,20.37,2803010,NVDA,-0.009241245136186627,20.433749999999996,19.9376,0.015905108044495218,44.495412844036714,21.39831630559819,19.469183694401803,0.0,NVDA,164.6725949878739,0.6467259498787392
2014-12-31,20.4,20.51,19.99,20.05,4157958,NVDA,-0.015709376534118857,20.40575,19.987199999999998,0.01625924355829515,46.48562300319491,21.381224378524877,19.430275621475126,1.0,NVDA,162.08569118835894,0.6208569118835896
2015-01-02,20.13,20.28,19.811,20.13,2842012,NVDA,0.003990024937655878,20.355249999999998,20.0234,0.015042982403956096,47.968749999999964,21.27357499120642,19.436925008793576,0.0,NVDA,162.73241713823768,0.627324171382377
2015-01-05,20.13,20.19,19.7,19.79,4948799,NVDA,-0.016890213611525096,20.29725,20.061400000000003,0.015327927531343434,52.74914089347079,21.20386588802625,19.390634111973746,0.0,NVDA,159.98383185125306,0.5998383185125304
2015-01-06,19.82,19.84,19.17,19.19,4944121,NVDA,-0.030318342597271286,20.20325,20.0795,0.016364843853340232,44.49275362318841,21.16092412873203,19.24557587126797,0.0,NVDA,155.1333872271625,0.5513338722716252
2015-01-07,19.33,19.5,19.08,19.135,8045186,NVDA,-0.0028660760812923014,20.119999999999997,20.0926,0.01625074842534816,46.79878048780492,21.146270714260076,19.09372928573992,1.0,NVDA,154.68876313662088,0.546887631366209
2015-01-08,19.36,19.98,19.35,19.86,7094534,NVDA,0.037888685654559495,20.076500000000003,20.12,0.01876439287752381,45.638629283489074,21.067034677519644,19.085965322480362,1.0,NVDA,160.54971705739695,0.6054971705739693
2015-01-09,19.93,20.09,19.655,19.94,5238601,NVDA,0.004028197381671816,20.06,20.1402,0.01818469541092181,45.63862928348913,21.047953759838716,19.07204624016128,0.0,NVDA,161.1964430072757,0.6119644300727569
2015-01-12,19.99,19.995,19.51,19.69,4768307,NVDA,-0.01253761283851551,20.0315,20.157899999999998,0.01837714792357508,38.803680981595065,21.02801022653029,19.03498977346971,0.0,NVDA,159.1754244139046,0.5917542441390464
2015-01-13,19.84,20.24,19.525,19.655,5917960,NVDA,-0.0017775520568816816,20.03275,20.1772,0.01698943047646341,30.834752981260607,21.027200258077283,19.038299741922717,1.0,NVDA,158.8924818108327,0.5889248181083269
2015-01-14,19.45,19.8,19.4,19.74,3881531,NVDA,0.004324599338590529,20.041249999999998,20.1812,0.016995149441952646,34.25605536332175,21.021856015632803,19.060643984367193,0.0,NVDA,159.57962813257882,0.5957962813257882
2015-01-15,19.88,20.0,19.59,19.6,4723757,NVDA,-0.007092198581560183,20.054,20.1758,0.016858549377667086,33.55932203389827,21.00259785722789,19.105402142772107,1.0,NVDA,158.44785772029104,0.5844785772029104
2015-01-16,19.57,19.98,19.51,19.96,4537800,NVDA,0.01836734693877551,20.044999999999998,20.1724,0.014615260462445122,40.425531914893604,20.99357788293872,19.096422117061277,1.0,NVDA,161.35812449474537,0.6135812449474536
2015-01-20,20.1,20.21,19.77,20.02,3507719,NVDA,0.0030060120240480437,20.035000000000004,20.1702,0.014601820380599602,41.867469879518055,20.980020189146902,19.089979810853105,1.0,NVDA,161.8431689571544,0.618431689571544
2015-01-21,19.91,20.35,19.77,20.3,3619494,NVDA,0.013986013986013957,20.029000000000003,20.171799999999998,0.01478126161328592,48.97360703812316,20.965210727516137,19.09278927248387,1.0,NVDA,164.10670978173002,0.6410670978172999
2015-01-22,20.34,20.705,20.13,20.65,3992810,NVDA,0.01724137931034475,20.0225,20.189,0.014756850741911492,58.72093023255814,20.93834013773979,19.106659862260212,1.0,NVDA,166.9361358124495,0.6693613581244946
2015-01-23,20.67,20.745,20.5,20.71,3010389,NVDA,0.0029055690072641305,20.0255,20.2028,0.014701410402808592,58.47953216374273,20.950343656773505,19.100656343226497,0.0,NVDA,167.42118027485856,0.6742118027485855
2015-01-26,20.62,20.72,20.49,20.615,3331008,NVDA,-0.004587155963302836,20.02775,20.2195,0.01471279175989717,62.99212598425198,20.958372174450755,19.097127825549247,0.0,NVDA,166.65319320937752,0.6665319320937753
2015-01-27,20.3,20.32,19.59,19.63,8948721,NVDA,-0.04778074217802564,19.97975,20.219199999999997,0.01820455178490452,56.17977528089886,20.887004243946194,19.072495756053804,0.0,NVDA,158.69037995149554,0.5869037995149557
2015-01-28,19.87,19.95,19.3,19.31,6818214,NVDA,-0.016301579215486472,19.91725,20.2144,0.01847220015536268,52.28758169934636,20.82841163566969,19.00608836433031,1.0,NVDA,156.1034761519806,0.5610347615198061
2015-01-29,19.32,19.89,19.23,19.78,5883531,NVDA,0.024339720352149374,19.887750000000004,20.2143,0.019376069944670605,48.87955182072832,20.775084714038236,19.000415285961772,0.0,NVDA,159.9029911075182,0.5990299110751824
2015-01-30,19.64,19.869,19.17,19.205,7454968,NVDA,-0.029069767441860628,19.8455,20.2045,0.02011559229164099,40.959409594095916,20.779545530277854,18.91145446972215,1.0,NVDA,155.25464834276474,0.5525464834276479
2015-02-02,19.32,19.7,18.94,19.62,6490149,NVDA,0.021608956001041513,19.82,20.1935,0.02076507233938221,49.1725768321513,20.74917620559993,18.89082379440007,1.0,NVDA,158.60953920776072,0.5860953920776077
2015-02-03,19.76,20.13,19.66,20.11,4586670,NVDA,0.02497451580020371,19.836000000000002,20.195500000000003,0.02119272905206229,54.85592315901812,20.773979912252887,18.898020087747117,1.0,NVDA,162.57073565076797,0.6257073565076803
2015-02-04,20.05,20.385,19.985,20.16,4537872,NVDA,0.0024863252113376255,19.8845,20.1919,0.019867921169580773,54.51612903225808,20.78124205644095,18.98775794355905,1.0,NVDA,162.9749393694422,0.6297493936944223
2015-02-05,20.18,20.5,20.16,20.485,3511195,NVDA,0.016121031746031633,19.952,20.1925,0.020042970949323814,59.15201654601858,20.813750971477603,19.0902490285224,0.0,NVDA,165.6022635408246,0.6560226354082459
2015-02-06,20.47,20.71,20.31,20.4,5263073,NVDA,-0.004149377593361092,19.979,20.1889,0.018395116320402968,54.82456140350873,20.86218562154609,19.09581437845391,0.0,NVDA,164.9151172190784,0.6491511721907841
2015-02-09,20.28,20.44,20.15,20.38,6849193,NVDA,-0.0009803921568627416,20.000999999999998,20.1851,0.018393046412416594,53.98230088495574,20.901839374665574,19.10016062533442,1.0,NVDA,164.75343573160873,0.6475343573160872
2015-02-10,20.4,20.96,20.31,20.95,5655113,NVDA,0.027968596663395573,20.064,20.1858,0.019014096966448634,56.75675675675672,21.045854314416022,19.082145685583978,0.0,NVDA,169.36135812449476,0.6936135812449475
2015-02-11,21.0,21.0,20.67,20.81,8020778,NVDA,-0.006682577565632508,20.12175,20.1826,0.01911412907267984,51.7391304347826,21.137594346759204,19.105905653240793,1.0,NVDA,168.22958771220695,0.6822958771220695
2015-02-12,22.0,22.5,21.87,22.3,16922588,NVDA,0.07160019221528113,20.24975,20.217,0.024510967740894955,63.18407960199002,21.639416658250532,18.860083341749466,1.0,NVDA,180.2748585286985,0.8027485852869847
2015-02-13,22.25,22.34,21.91,22.31,7752149,NVDA,0.0004484304932734773,20.38525,20.251,0.02435000346752409,64.25567703952899,22.015769694356624,18.754730305643374,1.0,NVDA,180.3556992724333,0.8035569927243329
2015-02-17,22.27,22.49,22.13,22.375,5083466,NVDA,0.0029134917077544564,20.506,20.2757,0.02420756974364548,77.31343283582086,22.34790862108349,18.66409137891651,0.0,NVDA,180.8811641067098,0.8088116410670978
2015-02-18,22.35,22.39,22.08,22.12,4273997,NVDA,-0.011396648044692648,20.610999999999997,20.2991,0.024513690966600825,78.32661290322578,22.57184192443762,18.650158075562373,1.0,NVDA,178.81972514147134,0.7881972514147131
2015-02-19,22.4,22.44,22.08,22.175,4235760,NVDA,0.0024864376130198096,20.704749999999997,20.321199999999997,0.0244335296236207,76.34763476347631,22.778996787834753,18.63050321216524,1.0,NVDA,179.26434923201296,0.7926434923201293
2015-02-20,22.16,22.35,22.0,22.335,3943820,NVDA,0.0072153325817361225,20.788999999999998,20.3519,0.02426510537370241,87.89346246973366,22.987067572353563,18.590932427646433,0.0,NVDA,180.55780113177042,0.805578011317704
2015-02-23,22.33,22.33,22.05,22.16,3125918,NVDA,-0.007835236176404803,20.8615,20.380499999999998,0.02441380522538277,82.64781491002569,23.14267721224918,18.58032278775082,1.0,NVDA,179.1430881164107,0.7914308811641064
2015-02-24,22.16,22.31,21.96,22.31,3733318,NVDA,0.006768953068591932,20.94625,20.421300000000002,0.024343638388295327,80.98591549295773,23.313199791565133,18.579300208434866,0.0,NVDA,180.3556992724333,0.8035569927243325
2015-02-25,22.22,22.32,22.035,22.14,3095526,NVDA,-0.007619901389511297,21.07175,20.4589,0.021292147353660744,76.97547683923707,23.410853010715353,18.73264698928465,1.0,NVDA,178.981406628941,0.7898140662894095
2015-02-26,22.16,22.325,22.02,22.2,3821597,NVDA,0.0027100271002709064,21.21625,20.5103,0.02064720909739708,75.18355359765053,23.451882195999666,18.98061780400033,0.0,NVDA,179.46645109135005,0.7946645109135
2015-02-27,22.14,22.19,21.981,22.06,3937273,NVDA,-0.006306306306306353,21.33025,20.5601,0.02044407953127875,73.9884393063584,23.48870577109894,19.17179422890106,1.0,NVDA,178.33468067906225,0.783346806790622
2015-03-02,22.0,22.72,21.971,22.595,7537781,NVDA,0.024252039891205834,21.49975,20.625099999999996,0.01910946689201433,77.8616352201258,23.480617632869052,19.518882367130946,0.0,NVDA,182.65966046887633,0.8265966046887627
2015-03-03,22.43,22.54,22.11,22.18,4008638,NVDA,-0.01836689533082536,21.62775,20.6659,0.019728003725305695,66.09947643979059,23.41894623362973,19.83655376637027,1.0,NVDA,179.30476960388035,0.7930476960388033
2015-03-04,22.1,22.48,22.01,22.43,5670997,NVDA,0.011271415689810604,21.74375,20.7101,0.019279263986467177,70.6106870229008,23.41774577123307,20.06975422876693,1.0,NVDA,181.32578819725143,0.8132578819725138
2015-03-05,22.43,22.9,22.37,22.86,8076425,NVDA,0.019170753455193923,21.87875,20.758899999999997,0.01949514434689632,59.75609756097561,23.447121179885585,20.310378820114416,0.0,NVDA,184.80194017784964,0.8480194017784959
2015-03-06,22.73,22.84,22.525,22.55,6434807,NVDA,-0.01356080489938749,21.982,20.7943,0.019849107956680444,53.78548895899057,23.43141512705205,20.53258487294795,1.0,NVDA,182.29587712206953,0.8229587712206949
2015-03-09,22.56,22.78,22.51,22.61,5559693,NVDA,0.002660753880266098,22.0925,20.8335,0.019742099934917316,53.712480252764614,23.35959572603982,20.82540427396018,1.0,NVDA,182.7809215844786,0.8278092158447856
2015-03-10,22.71,23.149,22.67,22.995,13180267,NVDA,0.017027863777089758,22.22325,20.881999999999998,0.019849236895083992,63.27769347496209,23.266142107252453,21.180357892747548,0.0,NVDA,185.89329021827004,0.8589329021826999
2015-03-11,23.0,23.3,22.815,22.88,6552965,NVDA,-0.00500108719286807,22.319750000000003,20.927799999999998,0.01931114728807192,60.506706408345735,23.213014120781057,21.426485879218948,0.0,NVDA,184.96362166531932,0.849636216653193
2015-03-12,22.66,22.83,22.24,22.67,10174260,NVDA,-0.009178321678321555,22.41275,20.97,0.01939568739266992,54.919236417033794,22.96724811351872,21.858251886481277,1.0,NVDA,183.26596604688766,0.8326596604688763
2015-03-13,22.56,22.76,22.25,22.7,8982188,NVDA,0.0013233348037051673,22.432750000000002,21.016600000000004,0.011246467587237853,58.28220858895706,22.99885836790461,21.866641632095394,1.0,NVDA,183.50848827809216,0.8350848827809212
2015-03-16,22.88,23.11,22.73,22.97,5923864,NVDA,0.011894273127753374,22.46575,21.075,0.01150782694889805,59.76331360946748,23.0768859139048,21.8546140860952,1.0,NVDA,185.6911883589329,0.8569118835893288
2015-03-17,22.92,23.26,22.76,23.25,7498556,NVDA,0.012189812799303423,22.5095,21.137400000000003,0.011751248035460555,65.90257879656161,23.211766256300237,21.80723374369976,0.0,NVDA,187.9547291835085,0.8795472918350846
2015-03-18,23.25,23.37,22.66,22.87,10346084,NVDA,-0.01634408602150539,22.547,21.199,0.012094824204479963,58.79265091863521,23.241750239106086,21.852249760893915,1.0,NVDA,184.8827809215845,0.8488278092158446
2015-03-19,22.95,23.3,22.78,23.215,7768859,NVDA,0.015085264538696963,22.599,21.2795,0.012458490099752426,64.38356164383566,23.331189219145372,21.866810780854628,1.0,NVDA,187.67178658043656,0.8767178658043651
2015-03-20,23.41,23.605,23.19,23.47,11552119,NVDA,0.01098427740684893,22.65575,21.3662,0.012563732165020837,61.71352074966535,23.47280681693895,21.838693183061054,0.0,NVDA,189.73322554567503,0.8973322554567498
2015-03-23,22.77,23.07,22.7,22.71,10650277,NVDA,-0.03238176395398373,22.683249999999997,21.423199999999998,0.014656879039267724,56.49509803921571,23.466369773054232,21.900130226945763,0.0,NVDA,183.58932902182704,0.8358932902182696
2015-03-24,22.64,22.8,22.3,22.4,8262025,NVDA,-0.013650374284456257,22.68775,21.472400000000004,0.014965923164635214,49.637681159420275,23.462832168819673,21.91266783118033,0.0,NVDA,181.0832659660469,0.8108326596604685
2015-03-25,22.39,22.39,20.97,21.04,13563840,NVDA,-0.06071428571428572,22.632749999999998,21.4994,0.02022962494192295,32.05128205128203,23.67986370216624,21.585636297833755,0.0,NVDA,170.08892481810832,0.7008892481810829
2015-03-26,20.61,21.055,20.46,20.965,7797997,NVDA,-0.0035646387832699578,22.571,21.5256,0.020195701765870506,33.60910031023782,23.84635175746313,21.295648242536874,1.0,NVDA,169.48261924009702,0.6948261924009698
2015-03-27,21.09,21.46,20.75,21.38,7957152,NVDA,0.01979489625566422,22.537,21.558400000000002,0.0207825168264463,38.15028901734102,23.902763330041235,21.171236669958763,1.0,NVDA,172.83751010509297,0.7283751010509294
2015-03-30,21.48,21.58,21.2,21.47,6331256,NVDA,0.004209541627689495,22.480749999999997,21.5958,0.0199492652222501,34.42288049029618,23.92676548728732,21.034734512712674,0.0,NVDA,173.56507679870654,0.7356507679870654
2015-03-31,21.41,21.43,20.91,20.925,8931942,NVDA,-0.025384257102934238,22.418,21.6151,0.02030421146524521,31.643192488262883,24.01952690300654,20.81647309699346,1.0,NVDA,169.15925626515767,0.6915925626515764
2015-04-01,21.01,21.08,20.65,21.01,8269223,NVDA,0.004062126642771835,22.347,21.6349,0.020105989631852995,34.03846153846152,24.067753812784268,20.626246187215735,1.0,NVDA,169.84640258690382,0.698464025869038
2015-04-02,21.13,21.19,20.88,21.06,4805086,NVDA,0.002379819133745631,22.256999999999998,21.6501,0.019468945974901786,34.29118773946358,24.051489811676724,20.46251018832327,1.0,NVDA,170.25060630557803,0.7025060630557798
2015-04-06,20.97,21.74,20.75,21.665,12896584,NVDA,0.028727445394111983,22.21275,21.6704,0.02062735857321631,38.25382538253824,24.020416349628707,20.405083650371292,1.0,NVDA,175.141471301536,0.7514147130153592
2015-04-07,21.67,22.1,21.55,21.86,10349069,NVDA,0.009000692360950913,22.17525,21.6934,0.0207477848474956,37.29433272394879,23.979331556681654,20.371168443318343,1.0,NVDA,176.7178658043654,0.7671786580436537
2015-04-08,21.88,22.1,21.67,22.02,9160786,NVDA,0.007319304666056681,22.1265,21.721500000000002,0.020402752200118203,41.90476190476188,23.88953894335618,20.36346105664382,1.0,NVDA,178.0113177041229,0.7801131770412284
2015-04-09,21.85,22.6,21.84,22.525,9485827,NVDA,0.022933696639418688,22.108749999999997,21.779399999999995,0.021127106712322267,43.62292051756005,23.84681872555081,20.370681274449183,1.0,NVDA,182.09377526273244,0.8209377526273238
2015-04-10,22.55,22.77,22.47,22.76,6468219,NVDA,0.01043285238623759,22.11325,21.8484,0.021161406817481576,43.413729128014865,23.85789074118154,20.368609258818463,0.0,NVDA,183.99353274050122,0.8399353274050119
2015-04-13,22.71,22.84,22.45,22.55,5918106,NVDA,-0.009226713532513253,22.105749999999997,21.9038,0.021268790876113365,48.34710743801653,23.841034824186973,20.37046517581302,0.0,NVDA,182.29587712206953,0.8229587712206949
2015-04-14,22.46,22.55,22.1438,22.36,5506852,NVDA,-0.00842572062084268,22.07525,21.9669,0.021150047243453544,49.576271186440685,23.767484508447318,20.383015491552683,1.0,NVDA,180.75990299110754,0.8075990299110747
2015-04-15,22.42,22.795,22.31,22.63,6088960,NVDA,0.012075134168157309,22.044249999999998,22.0271,0.021146261691862612,71.900826446281,23.66716899139561,20.421331008604387,0.0,NVDA,182.94260307194827,0.8294260307194818
2015-04-16,22.5,22.69,22.33,22.49,3882058,NVDA,-0.0061864781263809565,22.02525,22.074700000000004,0.020882065021388674,70.6359945872801,23.616044157844613,20.434455842155387,0.0,NVDA,181.81083265966046,0.8181083265966038
2015-04-17,22.02,22.42,22.01,22.2,7340917,NVDA,-0.012894619831036014,21.9745,22.115499999999997,0.02071061000173029,61.484593837535016,23.46721881936457,20.481781180635426,0.0,NVDA,179.46645109135005,0.7946645109134995
2015-04-20,22.3,22.44,22.05,22.09,5790646,NVDA,-0.004954954954954904,21.9055,22.1476,0.02048912920739061,58.63509749303623,23.224638075850603,20.586361924149397,0.0,NVDA,178.57720291026678,0.7857720291026671
2015-04-21,22.36,22.36,21.95,22.055,5761365,NVDA,-0.0015844273426890432,21.872750000000003,22.180699999999998,0.019271792307746165,68.34415584415582,23.13926396817401,20.606236031825997,1.0,NVDA,178.29426030719483,0.7829426030719475
2015-04-22,22.19,22.34,21.85,22.31,5185481,NVDA,0.011562004080707178,21.868249999999996,22.219300000000004,0.019244785744774597,69.99999999999996,23.12749486561584,20.60900513438415,0.0,NVDA,180.3556992724333,0.803556992724332
2015-04-23,21.9,22.43,21.65,22.22,6484469,NVDA,-0.004034065441506085,21.92725,22.2447,0.012995498230066224,67.62917933130697,23.132516840950863,20.721983159049138,0.0,NVDA,179.62813257881973,0.7962813257881962
2015-04-24,22.21,22.22,21.78,22.03,6023972,NVDA,-0.008550855085508458,21.9805,22.2691,0.013170915252394107,56.34782608695656,23.097648154902004,20.863351845097995,1.0,NVDA,178.09215844785774,0.7809215844785764
2015-04-27,22.1,22.59,21.91,22.2,6211356,NVDA,0.00771674988651827,22.0215,22.2671,0.012603905913540254,55.96491228070176,23.105552338997143,20.937447661002857,1.0,NVDA,179.46645109135005,0.7946645109134993
2015-04-28,22.16,22.385,21.95,22.305,5862106,NVDA,0.004729729729729737,22.06325,22.267,0.012609330419341022,55.09838998211092,23.12189001634716,21.00460998365284,0.0,NVDA,180.3152789005659,0.8031527890056578
2015-04-29,22.15,22.37,22.05,22.14,4878919,NVDA,-0.007397444519166019,22.124000000000002,22.2623,0.011106402566621168,42.15885947046847,23.037049257909686,21.21095074209032,1.0,NVDA,178.981406628941,0.7898140662894089
2015-04-30,22.03,22.305,21.98,22.195,5471083,NVDA,0.0024841915085818123,22.18325,22.2638,0.011103198748704506,37.58241758241753,22.930696706426883,21.43580329357312,1.0,NVDA,179.42603071948264,0.7942603071948253
2015-05-01,22.38,22.82,22.28,22.75,6424185,NVDA,0.02500563189907634,22.26775,22.275299999999998,0.012159934185461563,53.81679389312977,22.842741761955633,21.692758238044366,0.0,NVDA,183.9126919967664,0.8391269199676628
2015-05-04,22.73,22.88,22.54,22.61,5018024,NVDA,-0.006153846153846176,22.315,22.280800000000003,0.010847780239425507,54.863813229571996,22.83402743057114,21.795972569428862,0.0,NVDA,182.7809215844786,0.8278092158447847
2015-05-05,22.53,22.56,21.93,22.03,7323195,NVDA,-0.02565236620964173,22.3235,22.278200000000002,0.01236454766457579,39.58333333333334,22.816045482806054,21.830954517193945,1.0,NVDA,178.09215844785774,0.7809215844785762
2015-05-06,22.15,22.36,21.81,22.1,7912111,NVDA,0.003177485247390033,22.3275,22.274,0.012277996498460222,43.0604982206406,22.810881727765867,21.844118272234134,1.0,NVDA,178.65804365400163,0.7865804365400153
2015-05-07,22.01,22.56,21.9401,22.49,13364077,NVDA,0.01764705882352935,22.325750000000003,22.281,0.011812068971556578,54.98281786941581,22.806366654332876,21.84513334566713,0.0,NVDA,181.81083265966046,0.8181083265966036
2015-05-08,21.01,21.84,20.49,20.825,28663778,NVDA,-0.07403290351267222,22.229,22.2535,0.020084465658316158,35.83426651735719,23.020225565017892,21.437774434982106,0.0,NVDA,168.35084882780922,0.6835084882780913
2015-05-11,20.54,20.84,20.38,20.63,13603644,NVDA,-0.009363745498199294,22.133000000000003,22.224899999999998,0.02008628150795939,34.594594594594554,23.183625878628128,21.082374121371878,1.0,NVDA,166.77445432497979,0.667744543249797
2015-05-12,20.48,21.0,20.47,20.83,9719994,NVDA,0.009694619486185108,22.0565,22.1896,0.020295205573715284,33.80743982494525,23.250551484388097,20.862448515611902,1.0,NVDA,168.39126919967663,0.6839126919967653
2015-05-13,20.98,21.14,20.75,20.95,7713070,NVDA,0.005760921747479664,21.9725,22.165,0.020090943019646812,36.19565217391302,23.23129432708275,20.71370567291725,1.0,NVDA,169.36135812449476,0.6936135812449464
2015-05-14,21.01,21.4,20.96,21.29,7326280,NVDA,0.016229116945107425,21.9125,22.142200000000003,0.020561790941375686,42.21052631578944,23.18178699421572,20.643213005784283,1.0,NVDA,172.10994341147938,0.7210994341147929
2015-05-15,21.38,21.48,21.17,21.3,5395619,NVDA,0.00046970408642565964,21.8675,22.111,0.020423948755021713,40.196078431372555,23.15751631976658,20.57748368023342,0.0,NVDA,172.19078415521426,0.7219078415521416
2015-05-18,21.25,21.4,21.15,21.27,8124292,NVDA,-0.0014084507042253502,21.8265,22.0854,0.020411076774680195,38.53820598006644,23.138674170082812,20.514325829917187,0.0,NVDA,171.94826192400973,0.7194826192400963
2015-05-19,21.2,21.27,21.0,21.04,6345222,NVDA,-0.010813352139163124,21.775750000000002,22.054000000000002,0.020512751194634044,37.99126637554583,23.12859602539313,20.422903974606875,0.0,NVDA,170.08892481810832,0.7008892481810827
2015-05-20,21.05,21.3,21.02,21.04,4920581,NVDA,0.0,21.71225,22.014899999999997,0.020267535440793592,37.23756906077346,23.078664728597154,20.345835271402848,0.0,NVDA,170.08892481810832,0.7008892481810827
2015-05-21,21.05,21.14,20.87,20.89,5992250,NVDA,-0.0071292775665398045,21.64575,21.9751,0.020289865745702438,27.427184466019412,23.037342329142128,20.25415767085787,0.0,NVDA,168.87631366208572,0.6887631366208564
2015-05-22,20.94,21.015,20.81,20.86,5315282,NVDA,-0.0014360938247965915,21.58725,21.9389,0.020247521534413525,28.17955112219451,23.00887425637602,20.16562574362398,0.0,NVDA,168.63379143088116,0.6863379143088111
2015-05-26,20.76,20.9,20.574,20.73,6493277,NVDA,-0.0062320230105464836,21.513749999999998,21.8995,0.020116030896978842,31.741573033707837,22.9538664974809,20.073633502519098,1.0,NVDA,167.5828617623282,0.6758286176232815
2015-05-27,20.87,21.935,20.8,21.84,10808271,NVDA,0.05354558610709104,21.4905,21.876899999999996,0.023762560313036505,47.173913043478244,22.891307661766607,20.089692338233395,1.0,NVDA,176.55618431689572,0.7655618431689564
2015-05-28,21.84,22.2139,21.8,22.14,8191431,NVDA,0.013736263736263687,21.4905,21.854699999999998,0.02392217293676294,46.119733924612,22.891307661766607,20.089692338233395,0.0,NVDA,178.981406628941,0.7898140662894091
2015-05-29,22.14,22.28,22.1,22.13,8379244,NVDA,-0.0004516711833785214,21.48725,21.839900000000004,0.023916919506663033,72.85464098073552,22.881461624048676,20.093038375951323,1.0,NVDA,178.90056588520616,0.7890056588520606
2015-06-01,22.27,22.6001,22.13,22.38,9316504,NVDA,0.011296882060551239,21.46875,21.8232,0.023356344085717882,80.06872852233673,22.800847179164382,20.136652820835618,0.0,NVDA,180.9215844785772,0.8092158447857711
2015-06-02,22.24,22.36,21.92,21.935,5607582,NVDA,-0.019883824843610398,21.435,21.7925,0.023728359730074165,67.5118858954041,22.676471961656727,20.19352803834327,0.0,NVDA,177.32417138237673,0.7732417138237662
2015-06-03,22.0,22.17,21.66,21.7,6269692,NVDA,-0.010713471620697468,21.4185,21.7723,0.023147535267222383,61.46788990825688,22.63520002357577,20.201799976424233,1.0,NVDA,175.42441390460792,0.7542441390460783
2015-06-04,21.57,22.16,21.57,22.09,8092765,NVDA,0.01797235023041477,21.418,21.766099999999998,0.023504738023421328,62.04819277108433,22.633528475061386,20.202471524938613,1.0,NVDA,178.57720291026678,0.7857720291026669
2015-06-05,22.02,22.36,21.79,22.26,7833001,NVDA,0.007695789950203702,21.4065,21.7905,0.023220567632947248,63.793103448275865,22.583052054455287,20.229947945544716,0.0,NVDA,179.95149555375912,0.79951495553759
2015-06-08,22.19,22.34,21.5,21.75,8570301,NVDA,-0.022911051212938127,21.452749999999998,21.8062,0.016517868626643502,56.060606060606055,22.605538267408434,20.299961732591562,1.0,NVDA,175.82861762328216,0.7582861762328201
2015-06-09,21.77,22.02,21.73,21.86,6422222,NVDA,0.005057471264367841,21.514249999999997,21.8158,0.01629503924038139,60.67708333333333,22.612158418192386,20.416341581807607,0.0,NVDA,176.7178658043654,0.7671786580436528
2015-06-10,21.6,21.74,21.35,21.47,13236526,NVDA,-0.01784080512351327,21.54625,21.8158,0.0168553744599161,55.08274231678486,22.59645737300624,20.496042626993763,1.0,NVDA,173.56507679870654,0.7356507679870643
2015-06-11,21.47,21.85,21.47,21.7,7076296,NVDA,0.010712622263623572,21.583750000000002,21.831300000000002,0.01695505279549447,59.39675174013919,22.59723214223659,20.570267857763415,0.0,NVDA,175.42441390460792,0.7542441390460779
2015-06-12,21.56,21.69,21.06,21.11,8093164,NVDA,-0.02718894009216588,21.57475,21.833299999999998,0.017782511195227307,52.56673511293634,22.602314698949513,20.54718530105049,0.0,NVDA,170.6548100242522,0.7065481002425209
2015-06-15,21.0,21.165,20.84,21.07,7663673,NVDA,-0.001894836570345726,21.56325,21.8335,0.01778515177054772,53.55648535564853,22.608753026752314,20.517746973247686,1.0,NVDA,170.33144704931286,0.7033144704931273
2015-06-16,21.03,21.36,20.82,21.33,6422253,NVDA,0.012339819648789607,21.56625,21.826800000000002,0.01800818607052297,43.511450381679374,22.60854945691995,20.52395054308005,1.0,NVDA,172.43330638641876,0.724333063864186
2015-06-17,21.32,21.7,21.27,21.58,5838648,NVDA,0.011720581340834535,21.593249999999998,21.821199999999997,0.01798163822885316,42.783505154639144,22.60570025868764,20.580799741312354,1.0,NVDA,174.45432497978982,0.7445432497978968
2015-06-18,21.76,22.08,21.7,21.94,7485090,NVDA,0.016682113067655324,21.63825,21.8196,0.01829647036160701,47.75413711583928,22.626886887202645,20.649613112797354,0.0,NVDA,177.36459175424415,0.7736459175424402
2015-06-19,21.94,22.12,21.67,21.87,8891427,NVDA,-0.0031905195989061497,21.68725,21.8065,0.018211156097832304,43.70370370370373,22.61500606480927,20.75949393519073,0.0,NVDA,176.79870654810026,0.767987065481001
2015-06-22,21.91,22.03,21.45,21.775,12855929,NVDA,-0.004343850022862528,21.733,21.7868,0.018255373492314663,47.83783783783784,22.575298859326054,20.890701140673947,0.0,NVDA,176.03071948261925,0.7603071948261908
2015-06-23,21.82,21.99,21.05,21.22,10351627,NVDA,-0.02548794489092998,21.7575,21.7602,0.019212055431717837,44.02985074626866,22.499492339299987,21.015507660700013,0.0,NVDA,171.5440582053355,0.7154405820533534
2015-06-24,21.19,21.3,20.91,21.01,6334204,NVDA,-0.009896324222431585,21.716,21.7332,0.014890618462194232,35.93750000000004,22.5280967015279,20.903903298472102,1.0,NVDA,169.84640258690382,0.6984640258690367
2015-06-25,21.01,21.3,21.01,21.17,8761548,NVDA,0.007615421227986641,21.667499999999997,21.703999999999997,0.014614197398815072,35.770234986945184,22.488785898038365,20.84621410196163,0.0,NVDA,171.13985448666128,0.7113985448666114
2015-06-26,21.0,21.17,20.65,20.74,10532373,NVDA,-0.0203117619272557,21.598,21.668999999999997,0.01515835748383339,36.533333333333324,22.486957994390263,20.709042005609735,0.0,NVDA,167.66370250606306,0.6766370250606288
2015-06-29,20.5,20.71,20.09,20.12,9793096,NVDA,-0.02989392478302788,21.485,21.6274,0.01587649913158796,29.577464788732428,22.518262589542577,20.451737410457422,0.0,NVDA,162.65157639450285,0.6265157639450267
2015-06-30,20.24,20.33,19.97,20.11,7897857,NVDA,-0.0004970178926442248,21.39375,21.587799999999998,0.015519849777458648,32.47422680412373,22.57187015739652,20.21562984260348,1.0,NVDA,162.57073565076797,0.6257073565076781
2015-07-01,20.61,20.9,20.22,20.4,7573001,NVDA,0.014420686225758317,21.32875,21.554700000000004,0.015977135097036823,33.502538071065985,22.57708309910321,20.08041690089679,1.0,NVDA,164.9151172190784,0.6491511721907823
2015-07-02,20.39,20.55,20.29,20.42,3644115,NVDA,0.0009803921568629637,21.245250000000002,21.5169,0.015240125311783391,39.762611275964446,22.5025632381981,19.987936761801905,0.0,NVDA,165.07679870654812,0.6507679870654794
2015-07-06,20.25,20.53,20.015,20.17,5369413,NVDA,-0.012242899118511286,21.140749999999997,21.475899999999996,0.015099243669160213,37.430167597765404,22.3903405645243,19.891159435475693,0.0,NVDA,163.05578011317706,0.6305578011317687
2015-07-07,20.05,20.13,19.16,19.79,14856327,NVDA,-0.018839861179970385,21.042749999999998,21.431099999999997,0.014868023525846598,29.189189189189264,22.39441748869712,19.691082511302877,0.0,NVDA,159.98383185125306,0.5998383185125284
2015-07-08,19.68,19.8,19.49,19.65,8312287,NVDA,-0.0070742799393633815,20.93225,21.3801,0.014699588040312503,23.119777158774454,22.361708767653624,19.502791232346375,0.0,NVDA,158.85206143896525,0.5885206143896504
2015-07-09,19.96,20.05,19.2901,19.41,8939745,NVDA,-0.012213740458015154,20.82925,21.322200000000002,0.01449760317997017,13.544668587896297,22.386698233489877,19.27180176651012,1.0,NVDA,156.91188358932905,0.5691188358932884
2015-07-10,19.66,19.93,19.61,19.75,5417717,NVDA,0.017516743946419444,20.731749999999998,21.2744,0.014956572647839091,21.657754010695214,22.303759357813547,19.15974064218645,1.0,NVDA,159.66046887631367,0.5966046887631349
2015-07-13,19.95,19.9899,19.745,19.88,5311791,NVDA,0.00658227848101256,20.67025,21.228099999999998,0.014155835096319392,24.900662251655646,22.275833923948802,19.064666076051196,1.0,NVDA,160.71139854486663,0.6071139854486642
2015-07-14,19.91,19.93,19.63,19.89,6230429,NVDA,0.0005030181086520535,20.61125,21.170900000000003,0.014174950677090278,29.411764705882405,22.241515961511762,18.980984038488234,0.0,NVDA,160.79223928860148,0.6079223928860129
2015-07-15,19.84,19.97,19.57,19.75,6643348,NVDA,-0.007038712921065837,20.532249999999998,21.113699999999998,0.013742646668776467,30.063291139240533,22.1689812578817,18.895518742118295,1.0,NVDA,159.66046887631367,0.5966046887631351
2015-07-16,19.87,20.19,19.8,20.19,7072291,NVDA,0.02227848101265839,20.46275,21.076899999999995,0.0145474288276949,35.7558139534884,22.028668176930967,18.896831823069032,0.0,NVDA,163.21746160064674,0.6321746160064661
2015-07-17,20.12,20.14,19.8099,20.07,5509308,NVDA,-0.005943536404160565,20.36925,21.0363,0.013777435001033017,39.29712460063903,21.77933501050213,18.95916498949787,0.0,NVDA,162.24737267582861,0.6224737267582849
2015-07-20,20.07,20.15,19.65,19.7,4710259,NVDA,-0.01843547583457905,20.26075,20.980500000000003,0.014126970223114765,42.70833333333333,21.509312436522663,19.01218756347734,1.0,NVDA,159.25626515763946,0.5925626515763931
2015-07-21,19.66,20.07,19.66,19.79,3743010,NVDA,0.004568527918781706,20.161499999999997,20.9598,0.014292211468910944,44.594594594594604,21.20138410285429,19.121615897145702,0.0,NVDA,159.98383185125306,0.5998383185125289
2015-07-22,19.65,19.65,19.17,19.405,8911819,NVDA,-0.01945426983324905,20.07075,20.9353,0.013887617354266668,33.71522094926358,21.035782178356662,19.10571782164334,1.0,NVDA,156.8714632174616,0.5687146321746148
2015-07-23,19.45,19.94,19.41,19.65,4247872,NVDA,0.012625611955681348,20.00275,20.911699999999996,0.014322135257434983,38.26219512195118,20.876456412210345,19.129043587789653,0.0,NVDA,158.85206143896525,0.5885206143896509
2015-07-24,19.79,19.81,19.34,19.42,4721099,NVDA,-0.011704834605597791,19.91525,20.8811,0.014202283550090303,38.49693251533741,20.633430999030914,19.197069000969087,0.0,NVDA,156.99272433306388,0.5699272433306375
2015-07-27,19.25,19.53,19.09,19.31,4810520,NVDA,-0.005664263645726253,19.84375,20.8415,0.013696860467908708,41.973244147157175,20.498102834164836,19.189397165835164,1.0,NVDA,156.1034761519806,0.5610347615198046
2015-07-28,19.36,19.86,19.16,19.73,4957733,NVDA,0.02175038839979293,19.82425,20.8101,0.013317221660254544,51.223241590214094,20.467083161625013,19.181416838374986,1.0,NVDA,159.498787388844,0.5949878738884384
2015-07-29,19.69,20.13,19.61,19.97,5817033,NVDA,0.012164216928535199,19.817249999999998,20.7841,0.013634258423682424,58.562691131498454,20.449950769051604,19.18454923094839,1.0,NVDA,161.4389652384802,0.6143896523848005
2015-07-30,19.92,20.22,19.92,20.02,4754479,NVDA,0.0025037556334501776,19.79825,20.7637,0.013212746103245446,54.53020134228187,20.377862166158106,19.218637833841893,0.0,NVDA,161.8431689571544,0.6184316895715425
2015-07-31,20.1,20.11,19.83,19.95,5459211,NVDA,-0.0034965034965035446,19.77475,20.7419,0.013217902654184365,51.1986301369863,20.28178965380127,19.267710346198733,1.0,NVDA,161.27728375101051,0.6127728375101034
2015-08-03,20.11,20.31,19.85,20.29,9928278,NVDA,0.017042606516290748,19.78075,20.729899999999997,0.013534609704441754,56.15384615384614,20.309843315817446,19.251656684182556,1.0,NVDA,164.02586903799514,0.6402586903799499
2015-08-04,20.22,20.43,20.14,20.37,6502514,NVDA,0.003942828979793145,19.80975,20.720100000000002,0.012768600164993855,59.717868338558006,20.400917221867996,19.218582778132006,1.0,NVDA,164.6725949878739,0.6467259498787374
2015-08-05,20.87,20.89,20.535,20.58,5865652,NVDA,0.010309278350515427,19.856249999999996,20.717100000000002,0.012744233698316247,56.5878378378378,20.534412183676604,19.178087816323387,0.0,NVDA,166.37025060630558,0.6637025060630544
2015-08-06,20.53,20.68,20.11,20.45,16391890,NVDA,-0.00631681243926141,19.908250000000002,20.6893,0.01245343654499814,56.39730639730639,20.6016571106163,19.214842889383704,1.0,NVDA,165.31932093775262,0.6531932093775248
2015-08-07,22.46,23.37,21.88,22.98,35131171,NVDA,0.12371638141809305,20.06975,20.706100000000003,0.029745425239833142,81.96881091617938,21.603429699628727,18.53607030037127,1.0,NVDA,185.77202910266777,0.8577202910266759
2015-08-10,22.82,23.95,22.68,23.78,16557636,NVDA,0.0348128807658834,20.26475,20.739099999999997,0.030338682682996946,84.16095890410963,22.519208681672627,18.010291318327372,0.0,NVDA,192.23928860145517,0.9223928860145498
2015-08-11,23.43,23.89,23.43,23.66,10875209,NVDA,-0.005046257359125339,20.45325,20.764699999999998,0.0304495845461069,88.16143497757847,23.160702239944342,17.74579776005566,1.0,NVDA,191.26919967663704,0.9126919967663687
2015-08-12,23.28,23.89,23.28,23.72,9602012,NVDA,0.002535925612848544,20.65175,20.8004,0.030256642552534303,87.75510204081633,23.702477738891623,17.601022261108376,0.0,NVDA,191.75424413904608,0.9175424413904589
2015-08-13,23.75,23.8,23.46,23.52,6922146,NVDA,-0.00843170320404718,20.81825,20.836799999999997,0.03035894633471491,88.24626865671638,24.116324837170872,17.520175162829126,1.0,NVDA,190.13742926434924,0.9013742926434904
2015-08-14,23.5,23.68,23.36,23.54,5366261,NVDA,0.0008503401360544505,20.99175,20.8658,0.030231588374952403,90.13282732447819,24.483489537823623,17.500010462176377,0.0,NVDA,190.29911075181892,0.9029911075181873
2015-08-17,23.5,23.5,23.1,23.39,6846973,NVDA,-0.006372132540356734,21.17625,20.8884,0.029784752217246382,86.60000000000002,24.76908918663964,17.58341081336036,0.0,NVDA,189.08649959579628,0.8908649959579611
2015-08-18,23.22,23.38,22.9,23.08,7177055,NVDA,-0.01325352714835415,21.34075,20.915,0.03018870199189832,80.6706114398422,24.967455442743017,17.714044557256983,0.0,NVDA,186.58043654001617,0.8658043654001597
2015-08-19,23.05,23.305,22.74,22.99,6231842,NVDA,-0.0038994800693240572,21.52,20.937599999999996,0.02963608186330028,79.06066536203522,25.09791471170168,17.94208528829832,0.0,NVDA,185.8528698464026,0.8585286984640239
2015-08-20,22.73,22.84,22.05,22.16,10673329,NVDA,-0.036102653327533596,21.645500000000002,20.9514,0.03127183095161092,68.82453151618401,25.121877273451375,18.16912272654863,0.0,NVDA,179.1430881164107,0.7914308811641051
2015-08-21,22.0,22.37,21.45,21.47,9566639,NVDA,-0.031137184115523575,21.747999999999998,20.9468,0.03215554297397107,59.4855305466238,25.06533945393479,18.430660546065205,0.0,NVDA,173.56507679870654,0.7356507679870636
2015-08-24,20.27,21.83,20.0,20.71,17057073,NVDA,-0.03539823008849552,21.818,20.9388,0.03336334708067789,52.463768115942024,24.973884061642178,18.662115938357825,0.0,NVDA,167.42118027485856,0.6742118027485835
2015-08-25,21.62,21.7,20.28,20.28,15567110,NVDA,-0.020762916465475567,21.845499999999998,20.923000000000002,0.033527398510147105,47.893258426966305,24.933633314548103,18.757366685451892,1.0,NVDA,163.9450282942603,0.6394502829426014
2015-08-26,20.94,21.83,20.78,21.81,15374439,NVDA,0.0754437869822484,21.9375,20.932599999999997,0.037320030021567,57.98122065727699,24.89734263450837,18.97765736549163,1.0,NVDA,176.3136620856912,0.7631366208569099
2015-08-27,22.04,22.64,21.91,22.63,11594083,NVDA,0.037597432370472195,22.068,20.9536,0.03801273406827363,47.430249632892796,24.899228857246637,19.236771142753366,1.0,NVDA,182.94260307194827,0.8294260307194805
2015-08-28,22.62,22.87,22.465,22.73,8023632,NVDA,0.004418912947415032,22.207,20.9694,0.037941008931027205,41.40752864157118,24.868270768874147,19.545729231125854,0.0,NVDA,183.7510105092967,0.837510105092965
2015-08-31,22.63,22.78,22.385,22.48,5483810,NVDA,-0.010998680158381013,22.316499999999998,20.9816,0.03807592187904664,40.544871794871796,24.821276699785894,19.8117233002141,0.0,NVDA,181.72999191592564,0.8172999191592543
2015-09-01,21.83,22.2,21.4,21.56,8835220,NVDA,-0.040925266903914626,22.375999999999998,20.9773,0.03948648867010677,34.78873239436619,24.738589123910863,20.013410876089132,1.0,NVDA,174.2926434923201,0.7429264349231992
2015-09-02,22.13,22.22,21.78,22.21,8601065,NVDA,0.030148423005565972,22.457500000000003,20.9971,0.03991207579914963,41.32450331125828,24.66670442932002,20.248295570679986,1.0,NVDA,179.5472918350849,0.7954729183508469
2015-09-03,22.54,22.65,22.23,22.27,6563938,NVDA,0.0027014858171994227,22.548499999999997,21.0223,0.039833782217821585,41.63372859025033,24.54967097299525,20.547329027004743,0.0,NVDA,180.03233629749394,0.8003233629749373
2015-09-04,21.89,22.24,21.74,21.75,7200245,NVDA,-0.02334979793444092,22.487000000000002,21.033900000000003,0.028814356624457527,39.698492462311556,24.507839846254868,20.466160153745136,1.0,NVDA,175.82861762328216,0.7582861762328195
2015-09-08,22.28,22.77,22.192,22.68,5961218,NVDA,0.04275862068965508,22.432,21.0727,0.029402614472718393,47.668997668997676,24.362525971417284,20.501474028582713,0.0,NVDA,183.34680679062248,0.8334680679062225
2015-09-09,22.75,22.94,22.18,22.23,7234849,NVDA,-0.01984126984126977,22.360500000000002,21.1149,0.029669226785158504,45.749440715883686,24.203466430285356,20.517533569714647,1.0,NVDA,179.70897332255458,0.7970897332255436
2015-09-10,22.1,22.86,21.995,22.58,8926896,NVDA,0.01574448942869977,22.3035,21.164300000000004,0.02993772656878988,52.48226950354609,24.036672023533363,20.570327976466636,1.0,NVDA,182.53839935327406,0.8253839935327381
2015-09-11,22.33,22.8,22.235,22.65,7539608,NVDA,0.003100088573959159,22.259999999999998,21.2093,0.02991919845039944,57.525510204081634,23.90609905694159,20.613900943058407,1.0,NVDA,183.10428455941795,0.8310428455941767
2015-09-14,22.76,22.83,22.5701,22.69,4811636,NVDA,0.0017660044150111798,22.217499999999998,21.2547,0.029923626376624827,63.90449438202248,23.765413706285358,20.669586293714637,1.0,NVDA,183.42764753435733,0.8342764753435707
2015-09-15,22.7,23.06,22.63,22.94,8199412,NVDA,0.011018069634200156,22.195,21.310100000000002,0.030024586093382523,69.164265129683,23.68307894527449,20.70692105472551,1.0,NVDA,185.4486661277284,0.8544866612772815
2015-09-16,22.9,23.23,22.725,23.1,4337684,NVDA,0.006974716652136115,22.196,21.3763,0.02991458457543087,61.57989228007183,23.686607788436714,20.70539221156329,1.0,NVDA,186.74211802748587,0.8674211802748564
2015-09-17,23.5,23.71,23.26,23.31,6717769,NVDA,0.009090909090909038,22.212,21.449499999999997,0.02995588123266096,56.85483870967742,23.74476633300049,20.679233666999508,0.0,NVDA,188.43977364591754,0.8843977364591731
2015-09-18,22.99,23.49,22.85,23.29,8160255,NVDA,-0.0008580008580008069,22.2685,21.5271,0.028660038500613546,55.737704918032776,23.874741444785993,20.662258555214006,1.0,NVDA,188.27809215844786,0.8827809215844764
2015-09-21,23.32,23.58,23.2,23.53,7046616,NVDA,0.010304851867754428,22.3715,21.6027,0.02754813498581765,60.78028747433265,24.025627532791137,20.717372467208865,0.0,NVDA,190.2182700080841,0.9021827000808387
2015-09-22,23.02,23.18,22.765,22.89,5708923,NVDA,-0.02719932001699965,22.4805,21.6629,0.026971122470937994,64.48801742919392,23.950716239018785,21.010283760981213,1.0,NVDA,185.04446240905418,0.8504446240905394
2015-09-23,22.91,23.14,22.8201,23.0,4040849,NVDA,0.004805591961555278,22.6165,21.725099999999998,0.026264618144159847,59.75308641975308,23.67530319725962,21.557696802740377,1.0,NVDA,185.93371059013742,0.8593371059013721
2015-09-24,22.86,23.68,22.5,23.44,9561031,NVDA,0.019130434782608674,22.698,21.7989,0.020988350279488793,63.205417607223495,23.746298872610613,21.64970112738939,1.0,NVDA,189.49070331447052,0.8949070331447027
2015-09-25,23.73,24.07,23.38,23.61,9242268,NVDA,0.007252559726962371,22.747,21.8673,0.019459128189226606,72.79411764705883,23.87081118474069,21.62318881525931,0.0,NVDA,190.86499595796283,0.9086499595796256
2015-09-28,23.61,23.755,23.15,23.3,9889576,NVDA,-0.013130029648454,22.7755,21.9319,0.01975210665779795,58.959537572254355,23.92608749295665,21.62491250704335,1.0,NVDA,188.35893290218272,0.8835893290218246
2015-09-29,23.55,23.75,23.22,23.71,9518373,NVDA,0.017596566523605084,22.837,22.012099999999997,0.019840248113614185,71.63742690058481,24.05083429026018,21.62316570973982,1.0,NVDA,191.67340339531125,0.9167340339531098
2015-09-30,23.93,24.68,23.79,24.65,13909541,NVDA,0.03964571910586234,22.991500000000002,22.109299999999998,0.01862570679253158,75.81047381546136,24.303585924657817,21.679414075342187,0.0,NVDA,199.27243330638643,0.9927243330638613
2015-10-01,24.65,24.72,23.47,24.17,12232427,NVDA,-0.01947261663285993,23.089499999999997,22.2046,0.0186683646272137,67.19457013574666,24.44778800914623,21.731211990853765,1.0,NVDA,195.392077607114,0.9539207760711372
2015-10-02,24.04,24.8006,23.79,24.8,9653639,NVDA,0.026065370293752554,23.216,22.3076,0.019277430754486333,71.05788423153696,24.71671421593044,21.71528578406956,1.0,NVDA,200.48504446240906,1.0048504446240876
2015-10-05,24.96,25.73,24.83,25.42,12050571,NVDA,0.025000000000000133,23.3995,22.4276,0.018474788129015596,73.04832713754651,25.03674383291618,21.76225616708382,1.0,NVDA,205.4971705739693,1.05497170573969
2015-10-06,25.15,25.86,25.05,25.75,11360526,NVDA,0.012981904012588474,23.553,22.556400000000004,0.016633237068509228,73.8738738738739,25.459698441644473,21.64630155835553,1.0,NVDA,208.1649151172191,1.0816491511721877
2015-10-07,25.81,26.28,25.39,26.02,7753799,NVDA,0.010485436893203914,23.7425,22.6822,0.015445550118982724,74.15329768270948,25.83942381208409,21.64557618791591,1.0,NVDA,210.34761519805986,1.1034761519805953
2015-10-08,25.91,26.2399,25.47,26.17,11501741,NVDA,0.005764796310530507,23.922,22.8062,0.015343568492148572,75.08710801393732,26.206184525682968,21.637815474317033,0.0,NVDA,211.56022635408246,1.115602263540822
2015-10-09,26.03,26.28,25.58,26.07,10581210,NVDA,-0.0038211692777990747,24.093,22.927200000000003,0.015525386414776562,72.67857142857144,26.48571789966338,21.70028210033662,1.0,NVDA,210.75181891673407,1.1075181891673376
2015-10-12,26.1,26.5,25.905,26.35,5689727,NVDA,0.010740314537782902,24.276000000000003,23.0552,0.01549062585463865,83.01526717557256,26.774423924249913,21.777576075750094,1.0,NVDA,213.01535974130962,1.1301535974130936
2015-10-13,26.14,26.555,26.05,26.4,7461071,NVDA,0.001897533206830948,24.449,23.177400000000002,0.015519510715572478,82.81853281853284,27.035522965804244,21.86247703419576,1.0,NVDA,213.41956345998386,1.1341956345998354
2015-10-14,26.43,27.785,26.4,27.36,15304756,NVDA,0.036363636363636376,24.662,23.3172,0.01683623653267936,84.38596491228073,27.472683378225447,21.85131662177455,1.0,NVDA,221.18027485852872,1.211802748585284
2015-10-15,27.41,27.99,27.13,27.43,13151151,NVDA,0.0025584795321638154,24.868000000000002,23.4542,0.016890147711388862,84.10714285714289,27.859564280122783,21.87643571987722,1.0,NVDA,221.74616006467264,1.2174616006467232
2015-10-16,27.52,28.12,27.45,27.86,11209897,NVDA,0.015676266861101018,25.0965,23.6024,0.01682252665225301,89.86013986013988,28.272981171293203,21.920018828706795,0.0,NVDA,225.22231204527083,1.2522231204527055
2015-10-19,27.95,28.075,27.49,27.81,7367780,NVDA,-0.001794687724335997,25.3105,23.698999999999998,0.016994821643528085,88.24626865671642,28.61666314431751,22.004336855682492,0.0,NVDA,224.8181083265966,1.2481810832659632
2015-10-20,27.69,27.9,27.48,27.77,6620614,NVDA,-0.0014383315354188353,25.5545,23.7788,0.015004199889205976,84.97757847533636,28.828657022888137,22.280342977111864,0.0,NVDA,224.49474535165726,1.2449474535165699
2015-10-21,27.94,28.11,27.36,27.41,9667049,NVDA,-0.012963629816348576,25.775,23.8538,0.015820361020176782,87.32718894009214,28.916085967087337,22.63391403291266,1.0,NVDA,221.58447857720293,1.2158447857720267
2015-10-22,27.73,28.49,27.69,28.4,7672091,NVDA,0.0361182050346589,26.023000000000003,23.947400000000002,0.01682137960358112,88.29787234042551,29.17105938551647,22.874940614483535,1.0,NVDA,229.5877122069523,1.2958771220695207
2015-10-23,28.65,28.78,28.22,28.59,9544357,NVDA,0.006690140845070358,26.272000000000002,24.0488,0.01682629011149999,87.11943793911006,29.40420016837021,23.139799831629794,0.0,NVDA,231.12368633791434,1.3112368633791407
2015-10-26,28.61,28.68,28.2,28.46,6185935,NVDA,-0.0045470444211261896,26.53,24.147199999999998,0.016313723735892093,83.2923832923833,29.47596959286868,23.584030407131323,0.0,NVDA,230.0727566693614,1.3007275666936113
2015-10-27,28.32,28.6175,28.3,28.44,5206678,NVDA,-0.0007027406886858101,26.7665,24.2482,0.016388703148254916,81.6753926701571,29.511871415770177,24.021128584229825,1.0,NVDA,229.9110751818917,1.2991107518189144
2015-10-28,28.62,28.67,28.2,28.67,5425852,NVDA,0.008087201125175802,26.9675,24.36,0.01474634463197894,82.05128205128206,29.64830015549199,24.28669984450801,0.0,NVDA,231.77041228779308,1.3177041228779283
2015-10-29,28.21,28.5,27.63,27.68,8179177,NVDA,-0.03453086850366238,27.143,24.4538,0.016487520509781233,66.80584551148225,29.4916802565207,24.794319743479303,1.0,NVDA,223.76717865804366,1.2376717865804343
2015-10-30,27.98,28.57,27.77,28.37,7528965,NVDA,0.024927745664739875,27.321499999999997,24.578000000000003,0.016419858912242187,69.42307692307692,29.45302058399672,25.189979416003272,1.0,NVDA,229.3451899757478,1.2934518997574753
2015-11-02,28.46,28.73,28.29,28.7,4752197,NVDA,0.011632005639760301,27.485500000000002,24.722599999999996,0.015907285281544857,70.98540145985402,29.502673374069374,25.46832662593063,0.0,NVDA,232.01293451899758,1.3201293451899732
2015-11-03,28.53,28.69,28.18,28.5,9419230,NVDA,-0.006968641114982521,27.623,24.878399999999996,0.016084579438818525,62.076271186440685,29.512963519559296,25.733036480440706,0.0,NVDA,230.39611964430074,1.3039611964430047
2015-11-04,28.42,28.63,27.9,28.03,11056571,NVDA,-0.016491228070175445,27.7235,25.0334,0.01673668814742015,55.859375000000014,29.462274825772063,25.98472517422794,0.0,NVDA,226.59660468876316,1.2659660468876286
2015-11-05,28.17,28.245,27.63,27.71,11969974,NVDA,-0.011416339636104222,27.8005,25.1514,0.017071356652280135,48.50299401197606,29.378579779185934,26.222420220814065,1.0,NVDA,224.0097008892482,1.2400970088924788
2015-11-06,30.45,31.94,29.82,31.55,29306777,NVDA,0.13857813063875857,28.0745,25.3298,0.0346850311659894,71.25000000000001,30.19664861327948,25.952351386720522,0.0,NVDA,255.05254648342768,1.5505254648342728
2015-11-09,31.24,31.5,30.97,31.41,12314225,NVDA,-0.0044374009508716394,28.327499999999997,25.503399999999996,0.034836471996091994,70.4494382022472,30.766791312095606,25.88820868790439,0.0,NVDA,253.92077607113984,1.539207760711395
2015-11-10,31.0,31.17,30.1501,30.81,13806497,NVDA,-0.019102196752626588,28.548000000000002,25.670000000000005,0.03538543809110618,68.5995623632385,31.050138874517245,26.04586112548276,0.0,NVDA,249.0703314470493,1.4907033144704895
2015-11-11,30.83,31.05,30.4,30.51,15503157,NVDA,-0.009737098344693162,28.7055,25.849,0.03496092640650785,62.48520710059173,31.28804444094883,26.12295555905117,0.0,NVDA,246.64510913500405,1.466451091350037
2015-11-12,30.44,30.72,30.27,30.4,7277017,NVDA,-0.003605375286791279,28.854000000000003,26.0128,0.03502004364880508,60.81242532855435,31.469084984027532,26.238915015972474,0.0,NVDA,245.75586095392077,1.4575586095392041
2015-11-13,30.43,30.56,29.65,29.8,7323501,NVDA,-0.019736842105263053,28.951,26.163399999999996,0.03538240466192677,57.57918552036199,31.554737394795165,26.347262605204836,1.0,NVDA,240.90541632983027,1.4090541632982991
2015-11-16,30.19,30.42,29.95,30.4,8607008,NVDA,0.020134228187919323,29.0805,26.336399999999998,0.035535174006316,60.40339702760084,31.70286112973384,26.45813887026616,0.0,NVDA,245.75586095392077,1.4575586095392041
2015-11-17,30.48,30.66,30.2735,30.4,6426235,NVDA,0.0,29.212,26.490800000000004,0.035522859372491375,59.41240478781282,31.821396784498187,26.602603215501812,1.0,NVDA,245.75586095392077,1.4575586095392041
2015-11-18,30.41,31.07,30.075,31.03,8755358,NVDA,0.020723684210526505,29.393,26.666800000000002,0.03541996311435287,68.96942242355607,31.97818939548507,26.80781060451493,1.0,NVDA,250.8488278092159,1.5084882780921554
2015-11-19,31.14,31.43,30.8899,31.12,6351803,NVDA,0.002900418949403738,29.529000000000003,26.8376,0.03474425622150266,66.7071688942892,32.1795919894882,26.878408010511805,1.0,NVDA,251.57639450282946,1.515763945028291
2015-11-20,31.35,31.57,31.16,31.39,5993587,NVDA,0.008676092544987135,29.669,27.012400000000003,0.0347518171884077,66.46266829865363,32.40516635382274,26.932833646177254,0.0,NVDA,253.75909458367022,1.537590945836698
2015-11-23,31.65,31.65,30.805,30.92,6063751,NVDA,-0.014972921312519927,29.792,27.177,0.034983450348344165,64.33649289099527,32.520489846436575,27.06351015356343,1.0,NVDA,249.9595796281326,1.499595796281322
2015-11-24,30.92,31.44,30.78,31.17,4885692,NVDA,0.008085381630013044,29.928500000000003,27.3416,0.03496723342352654,69.09975669099758,32.64532690303502,27.211673096964983,0.0,NVDA,251.98059822150367,1.5198059822150327
2015-11-25,31.11,31.48,31.02,31.13,3457476,NVDA,-0.0012832852101379855,30.051499999999997,27.502200000000002,0.034988398473967015,71.53652392947102,32.751116152052596,27.3518838479474,1.0,NVDA,251.65723524656428,1.516572352465639
2015-11-27,31.19,31.49,31.03,31.39,2175202,NVDA,0.008352071956312379,30.237000000000002,27.663800000000002,0.033751865341307044,48.1651376146789,32.75418389015272,27.719816109847287,1.0,NVDA,253.75909458367022,1.537590945836698
2015-11-30,31.42,31.86,31.39,31.72,8181080,NVDA,0.010512902198152263,30.404500000000002,27.832399999999996,0.03349763030447922,53.40659340659339,32.843200905249645,27.96579909475036,1.0,NVDA,256.42683912692,1.564268391269196
2015-12-01,32.0,32.78,31.97,32.75,10237433,NVDA,0.03247162673392179,30.607,28.0168,0.03399938433075002,69.47791164658636,33.121187950936424,28.09281204906358,0.0,NVDA,264.75343573160876,1.6475343573160832
2015-12-02,32.8,33.14,32.43,32.5,7356004,NVDA,-0.007633587786259555,30.807,28.209,0.03401422290034027,70.18255578093303,33.25087182022432,28.36312817977568,0.0,NVDA,262.7324171382377,1.6273241713823725
2015-12-03,32.76,33.1,32.27,32.43,6166405,NVDA,-0.002153846153846173,31.026999999999997,28.3976,0.033639859854197054,70.75664621676893,33.19489104406787,28.85910895593212,1.0,NVDA,262.1665319320938,1.6216653193209334
2015-12-04,32.43,33.81,32.43,33.75,11468924,NVDA,0.04070305272895469,31.328999999999997,28.6038,0.03408721883768082,85.204991087344,33.21590668611557,29.442093313884424,0.0,NVDA,272.83751010509303,1.7283751010509252
2015-12-07,33.74,33.74,33.01,33.11,8339679,NVDA,-0.01896296296296296,31.407,28.7938,0.016663710416519543,73.98230088495573,33.45451042668183,29.359489573318168,1.0,NVDA,267.6637025060631,1.676637025060626
2015-12-08,32.7,33.7,32.49,33.56,7862233,NVDA,0.013591060102688068,31.514500000000005,28.998999999999995,0.01675340453966771,75.90163934426229,33.77713446823488,29.25186553176513,0.0,NVDA,271.301535974131,1.7130153597413051
2015-12-09,33.55,33.75,32.37,32.71,9316871,NVDA,-0.025327771156138268,31.609499999999997,29.179000000000002,0.017245063289243998,63.29113924050631,33.90687126665337,29.312128733346622,1.0,NVDA,264.4300727566694,1.6443007275666894
2015-12-10,32.81,33.16,32.7,32.98,5914923,NVDA,0.008254356465912549,31.732999999999997,29.3456,0.01700575438379524,64.30769230769226,34.04700404857998,29.418995951420015,0.0,NVDA,266.6127728375101,1.6661277283750966
2015-12-11,32.65,32.88,32.42,32.49,5683038,NVDA,-0.014857489387507417,31.8375,29.511999999999997,0.017452145251042075,58.184523809523824,34.08587602212009,29.58912397787991,1.0,NVDA,262.65157639450285,1.6265157639450245
2015-12-14,32.52,32.75,32.18,32.57,6908645,NVDA,0.002462296091104932,31.976000000000006,29.667399999999997,0.01658251912996708,63.033175355450226,34.028658353402236,29.92334164659778,1.0,NVDA,263.2983023443816,1.6329830234438116
2015-12-15,32.94,33.2,32.76,32.97,7682354,NVDA,0.01228124040528078,32.104499999999994,29.818399999999997,0.016285236502279594,63.88888888888888,34.06128011566325,30.147719884336738,1.0,NVDA,266.53193209377525,1.6653193209377481
2015-12-16,33.04,33.28,32.75,33.17,5908874,NVDA,0.00606612071580237,32.243,29.9668,0.016259539595137856,65.36144578313255,34.08027601570837,30.40572398429163,0.0,NVDA,268.14874696847215,1.681487469684717
2015-12-17,33.22,33.56,32.65,32.67,6354044,NVDA,-0.015073861923424747,32.325,30.099800000000002,0.016349047131664237,59.302325581395365,34.07882289209732,30.571177107902685,0.0,NVDA,264.10670978173,1.641067097817296
2015-12-18,32.44,32.77,32.1,32.14,9897424,NVDA,-0.016222834404652664,32.376,30.2192,0.016887332333447844,52.96610169491527,34.03926755134913,30.71273244865087,1.0,NVDA,259.82215036378335,1.5982215036378293
2015-12-21,32.49,32.93,32.2,32.895,7105373,NVDA,0.023490976975731215,32.45125,30.3557,0.017520260594109764,51.065393093313766,34.062042139225916,30.840457860774087,1.0,NVDA,265.925626515764,1.6592562651576355
2015-12-22,33.0,33.26,32.73,32.93,3250269,NVDA,0.0010639914880679058,32.55175,30.4873,0.017039396870808087,53.262518968133534,34.003214868042086,31.10028513195791,1.0,NVDA,266.20856911883595,1.6620856911883544
2015-12-23,32.98,33.185,32.92,33.055,3063139,NVDA,0.0037959307622228433,32.646,30.6204,0.017002830288034863,54.70278404815651,33.95776297602338,31.334237023976623,1.0,NVDA,267.21907841552144,1.6721907841552097
2015-12-24,32.96,33.25,32.91,33.17,1311231,NVDA,0.003479050068068368,32.748000000000005,30.7366,0.016971878988756475,44.66911764705883,33.86642652630355,31.62957347369646,0.0,NVDA,268.14874696847215,1.6814874696847166
2015-12-28,32.82,33.14,32.36,33.14,3550703,NVDA,-0.0009044317154055515,32.8355,30.8508,0.016953479867246088,50.310559006211186,33.76434138354838,31.906658616451626,1.0,NVDA,267.9062247372676,1.6790622473726713
2015-12-29,33.16,33.78,33.07,33.68,5091512,NVDA,0.016294508147254083,32.933499999999995,30.967200000000002,0.017139262073644707,51.21951219512193,33.77640287884222,32.09059712115777,0.0,NVDA,272.2716248989491,1.722716248989486
2015-12-30,33.65,33.94,33.38,33.39,4508570,NVDA,-0.008610451306413247,32.9655,31.0788,0.01585251979424958,57.79816513761468,33.82744944289551,32.10355055710449,0.0,NVDA,269.92724333063865,1.699272433306382
2015-12-31,33.34,33.49,32.96,32.96,3713202,NVDA,-0.012878107217729862,32.9885,31.182599999999997,0.016046549344726362,49.778761061946945,33.82223667432103,32.15476332567897,0.0,NVDA,266.4510913500405,1.6645109135003997
2016-01-04,32.29,32.58,32.04,32.37,8951907,NVDA,-0.017900485436893265,32.9855,31.281800000000004,0.016577888215984375,48.701298701298654,33.82808312099881,32.14291687900119,1.0,NVDA,261.6814874696847,1.6168148746968427
2016-01-05,32.98,33.44,32.5,32.89,12256814,NVDA,0.01606425702811265,32.9425,31.371599999999997,0.014131903262802809,53.162055335968375,33.70475772682727,32.18024227317274,0.0,NVDA,265.88520614389654,1.658852061438961
2016-01-06,32.35,32.5,31.16,31.53,11233604,NVDA,-0.041349954393432586,32.8635,31.4304,0.016329141152352504,38.03986710963459,33.84781969560732,31.879180304392683,0.0,NVDA,254.890864995958,1.548908649959576
2016-01-07,30.74,30.953,29.88,30.28,16132575,NVDA,-0.03964478274659056,32.6995,31.4668,0.01786658349418177,29.56152758132957,34.16873861413512,31.230261385864875,0.0,NVDA,244.78577202910267,1.4478577202910232
2016-01-08,30.67,30.7,29.565,29.63,9961782,NVDA,-0.02146631439894331,32.545500000000004,31.4906,0.017654685763526693,28.94736842105263,34.556053471848095,30.534946528151913,1.0,NVDA,239.5311236863379,1.3953112368633755
2016-01-11,29.66,29.89,29.15,29.68,10235095,NVDA,0.001687478906513773,32.3805,31.510800000000003,0.017459444036377388,31.750741839762625,34.75043648593604,30.01056351406395,1.0,NVDA,239.93532740501215,1.3993532740501178
2016-01-12,30.21,30.62,29.97,30.18,11733893,NVDA,0.016846361185983927,32.265,31.5608,0.01796003686209598,29.067077872012334,34.82962780720247,29.700372192797534,0.0,NVDA,243.97736459175428,1.4397736459175392
2016-01-13,30.41,30.61,29.23,29.26,12041762,NVDA,-0.03048376408217357,32.0995,31.578599999999998,0.01886975862909817,25.101763907734096,34.988005167948565,29.210994832051433,0.0,NVDA,236.54001616814878,1.3654001616814844
2016-01-14,28.66,29.0,27.82,28.67,15005864,NVDA,-0.02016404647983594,31.884500000000003,31.578000000000003,0.018683961179813975,22.016592214422502,35.11952688510788,28.649473114892125,0.0,NVDA,231.77041228779308,1.3177041228779274
2016-01-15,27.52,27.85,26.64,27.11,21036303,NVDA,-0.05441227764213474,31.5815,31.550200000000004,0.021215398980408827,17.349137931034505,35.39333213304686,27.769667866953135,1.0,NVDA,219.15925626515764,1.1915925626515733
2016-01-19,27.67,28.45,27.215,27.33,11428537,NVDA,0.00811508668388039,31.314500000000002,31.536199999999997,0.021544228382719348,19.324181626187965,35.53181880401981,27.097181195980195,1.0,NVDA,220.9377526273242,1.2093775262732382
2016-01-20,26.81,27.83,26.45,27.48,12029457,NVDA,0.005488474204171423,31.0815,31.531600000000005,0.02168959871013335,15.85903083700444,35.61020621701189,26.552793782988108,1.0,NVDA,222.1503637833468,1.221503637833465
2016-01-21,27.78,28.23,27.21,27.8,12036422,NVDA,0.011644832605531397,30.826749999999997,31.456599999999998,0.020945592751012213,19.319429198682798,35.49692668436216,26.156573315637832,1.0,NVDA,224.7372675828618,1.2473726758286148
2016-01-22,28.33,28.64,28.27,28.45,6450312,NVDA,0.02338129496402863,30.602749999999997,31.3974,0.02202965455364654,25.83065380493035,35.277922358207704,25.92757764179229,0.0,NVDA,229.9919159256265,1.299919159256262
2016-01-25,28.44,28.765,28.355,28.42,6768203,NVDA,-0.0010544815465728385,30.371000000000002,31.3496,0.021930434520284543,27.480045610034253,34.99356661447568,25.748433385524326,1.0,NVDA,229.74939369442203,1.297493936944217
2016-01-26,28.48,28.82,28.185,28.7,5699182,NVDA,0.009852216748768461,30.147499999999997,31.313399999999998,0.022140497165486817,25.43962485345837,34.6303885189893,25.66461148101069,0.0,NVDA,232.01293451899758,1.3201293451899727
2016-01-27,28.66,28.745,27.815,28.36,5792528,NVDA,-0.01184668989547033,29.908499999999997,31.2726,0.022117784599252583,28.894806924101175,34.22627367096587,25.59072632903413,0.0,NVDA,229.26434923201296,1.2926434923201264
2016-01-28,28.59,28.69,27.5,28.05,6919451,NVDA,-0.01093088857545832,29.627000000000002,31.2376,0.021401024884658632,33.028919330289185,33.63226022546426,25.621739774535747,1.0,NVDA,226.75828617623287,1.2675828617623255
2016-01-29,28.29,29.345,28.18,29.29,7762622,NVDA,0.04420677361853831,29.422000000000004,31.2154,0.024474532533813258,47.62569832402234,33.014768174805674,25.829231825194338,1.0,NVDA,236.78253839935329,1.3678253839935297
2016-02-01,29.26,29.45,29.01,29.3,7247099,NVDA,0.00034141345169014237,29.238999999999997,31.193399999999997,0.024464393428959817,47.331460674157306,32.42252932252399,26.055470677476002,0.0,NVDA,236.86337914308814,1.3686337914308786
2016-02-02,29.0,29.15,27.86,28.06,8547710,NVDA,-0.04232081911262808,29.023500000000002,31.134,0.025690299113541225,36.513994910941456,31.881495432945695,26.16550456705431,1.0,NVDA,226.83912691996767,1.268391269199674
2016-02-03,28.28,28.45,27.55,28.2,8169351,NVDA,0.0049893086243764095,28.788999999999998,31.075599999999998,0.025287679515921146,42.514124293785294,31.00981919451773,26.568180805482267,1.0,NVDA,227.97089733225548,1.2797089733225522
2016-02-04,28.24,28.85,27.93,28.21,8703450,NVDA,0.00035460992907809796,28.623,31.011999999999997,0.024024956597497968,46.46153846153845,30.440935208156255,26.805064791843748,0.0,NVDA,228.05173807599033,1.2805173807599006
2016-02-05,28.02,28.33,26.35,26.43,15010685,NVDA,-0.0630981921304502,28.430500000000002,30.922200000000004,0.026259539840455186,44.9404761904762,30.32346175622429,26.537538243775714,0.0,NVDA,213.6620856911884,1.1366208569118812
2016-02-08,26.03,26.16,24.85,25.22,15221320,NVDA,-0.04578130911842604,28.209999999999997,30.8032,0.027524078895814413,36.31647211413749,30.50033667945665,25.919663320543343,1.0,NVDA,203.88035569927246,1.0388035569927219
2016-02-09,24.92,26.55,24.8,25.49,10634314,NVDA,0.010705789056304482,28.0005,30.6904,0.027758137678110303,37.292464878671765,30.48313421219886,25.51786578780114,0.0,NVDA,206.06305578011316,1.060630557801129
2016-02-10,25.65,26.39,25.29,25.43,8394980,NVDA,-0.0023538642604942206,27.762999999999998,30.571199999999997,0.027209011411731217,34.346103038309096,30.276358834623537,25.24964116537646,0.0,NVDA,205.57801131770415,1.0557801131770388
2016-02-11,24.78,25.56,24.78,25.3,8503635,NVDA,-0.0051120723554856085,27.564999999999998,30.442800000000002,0.026700533745337332,27.65957446808511,30.202658451214702,24.927341548785293,1.0,NVDA,204.5270816491512,1.0452708164915094
2016-02-12,25.7,25.78,24.75,25.73,8520367,NVDA,0.01699604743082994,27.418,30.302400000000002,0.02701994867171605,31.946308724832207,30.123196558672547,24.712803441327452,1.0,NVDA,208.0032336297494,1.0800323362974913
2016-02-16,26.1,27.03,26.02,26.99,12133795,NVDA,0.048970073843762174,27.412,30.192200000000003,0.026966748405050228,39.857651245551594,30.120603058094144,24.703396941905854,1.0,NVDA,218.18916734033957,1.1818916734033924
2016-02-17,27.33,27.92,27.22,27.66,19286666,NVDA,0.02482400889218228,27.428499999999996,30.096799999999998,0.027481156683717627,46.00456621004567,30.139019662741152,24.71798033725884,1.0,NVDA,223.60549717057395,1.2360549717057365
2016-02-18,29.93,30.975,29.9,30.04,26716489,NVDA,0.08604483007953712,27.5565,30.022599999999997,0.03343734520468126,59.187442289935355,30.508304265369542,24.604695734630457,1.0,NVDA,242.84559417946645,1.428455941794661
2016-02-19,29.88,30.71,29.65,30.44,13140732,NVDA,0.013315579227696439,27.688499999999998,29.9692,0.0334569257898642,55.755755755755764,30.90994965733411,24.467050342665885,1.0,NVDA,246.0792239288602,1.460792239288598
2016-02-22,30.88,31.87,30.82,31.52,11241697,NVDA,0.035479632063074806,27.842000000000002,29.9284,0.033911629985159265,60.03616636528028,31.481650648359885,24.20234935164012,1.0,NVDA,254.81002425222314,1.5481002425222274
2016-02-23,31.27,31.9,31.12,31.6,9234450,NVDA,0.002538071065989911,28.000999999999998,29.906200000000002,0.033883588598230124,67.87878787878789,32.0064273705878,23.995572629412194,1.0,NVDA,255.4567502021019,1.554567502021015
2016-02-24,31.47,31.8679,30.6,31.82,8421336,NVDA,0.006962025316455733,28.157,29.883000000000003,0.03387182153655011,68.13627254509018,32.50540127911533,23.808598720884667,1.0,NVDA,257.2352465642684,1.5723524656426804
2016-02-25,31.94,32.05,31.32,31.89,8740367,NVDA,0.0021998742928974746,28.333500000000004,29.871,0.03363332109000105,68.32669322709162,32.992093756647506,23.674906243352503,0.0,NVDA,257.8011317704123,1.578011317704119
2016-02-26,32.04,32.1162,31.36,31.68,9049073,NVDA,-0.006585136406397019,28.514999999999997,29.8532,0.033529226415743386,80.9917355371901,33.404229839254235,23.625770160745756,0.0,NVDA,256.1034761519806,1.5610347615198021
2016-02-29,31.61,32.02,31.34,31.36,8083618,NVDA,-0.010101010101010055,28.6185,29.821000000000005,0.032509782904477376,90.50131926121374,33.66201287351035,23.574987126489653,1.0,NVDA,253.5165723524657,1.5351657235246527
2016-03-01,31.44,32.75,31.39,32.75,8717512,NVDA,0.04432397959183665,28.791000000000004,29.812600000000003,0.03372015065758003,91.72413793103449,34.15826098921203,23.423739010787976,1.0,NVDA,264.75343573160876,1.6475343573160832
2016-03-02,32.57,33.06,32.51,32.94,5845933,NVDA,0.005801526717557293,29.034999999999997,29.817999999999998,0.031740690186979864,92.52548131370328,34.697893067570526,23.372106932429467,0.0,NVDA,266.2894098625707,1.6628940986257033
2016-03-03,32.9,33.04,32.21,32.65,7550088,NVDA,-0.008803885853066129,29.257500000000004,29.828200000000002,0.03197054338388683,90.87875417130144,35.12813297941108,23.38686702058893,0.0,NVDA,263.94502829426034,1.6394502829425992
2016-03-04,32.9,32.93,32.3,32.55,4382634,NVDA,-0.003062787136294043,29.4745,29.8213,0.03202171319438415,89.37644341801384,35.5008822611826,23.448117738817395,0.0,NVDA,263.13662085691186,1.6313662085691147
2016-03-07,32.37,32.59,31.915,32.34,6005495,NVDA,-0.006451612903225601,29.77,29.8095,0.027638672778424866,85.15111695137982,35.74719878062957,23.792801219370432,0.0,NVDA,261.43896523848025,1.6143896523847983
2016-03-08,32.01,32.2,31.645,31.75,6873478,NVDA,-0.01824366110080411,30.096500000000002,29.783399999999997,0.025272174340304876,77.15803452855246,35.7307683642157,24.46223163578431,0.0,NVDA,256.66936135812455,1.5666936135812408
2016-03-09,32.03,32.075,31.32,31.73,5569737,NVDA,-0.0006299212598425141,30.408500000000004,29.7546,0.02542635867045689,66.34429400386848,35.64582062875885,25.171179371241163,0.0,NVDA,256.50767987065484,1.565076798706544
2016-03-10,31.92,32.1,31.04,31.68,7152137,NVDA,-0.0015757957768673947,30.720999999999997,29.7254,0.025404945371084682,62.86307053941908,35.426391756161145,26.015608243838848,1.0,NVDA,256.1034761519806,1.5610347615198017
2016-03-11,32.15,32.23,31.77,32.22,6934986,NVDA,0.017045454545454586,31.067,29.696199999999997,0.025131180638356523,58.177570093457945,35.057352048840585,27.076647951159416,1.0,NVDA,260.46887631366207,1.6046887631366165
2016-03-14,32.07,32.43,31.92,32.3,4757868,NVDA,0.0024829298572315306,31.3955,29.674400000000002,0.025202507824653976,58.1775700934579,34.52472707793239,28.266272922067607,0.0,NVDA,261.1156022635408,1.611156022635404
2016-03-15,32.13,32.34,31.57,32.14,5655420,NVDA,-0.004953560371516952,31.653,29.658,0.023856960619775224,53.7914691943128,34.007481505108274,29.298518494891724,1.0,NVDA,259.82215036378335,1.5982215036378293
2016-03-16,31.9,33.21,31.75,33.1,9091068,NVDA,0.02986932171748613,31.925,29.6726,0.02405857475522953,61.83953033268104,33.44691707361131,30.403082926388688,0.0,NVDA,267.58286176232826,1.6758286176232784
2016-03-17,32.98,33.14,32.3739,32.82,8841959,NVDA,-0.008459214501510659,32.06400000000001,29.6712,0.016178776019801066,61.003861003861026,33.35065048621858,30.777349513781434,1.0,NVDA,265.31932093775265,1.6531932093775223
2016-03-18,33.21,34.25,33.0,33.81,13637802,NVDA,0.030164533820840944,32.2325,29.716800000000003,0.017072788281397487,70.94017094017099,33.50626565637905,30.958734343620954,1.0,NVDA,273.3225545675021,1.7332255456750163
2016-03-21,33.51,33.92,33.15,33.91,8444539,NVDA,0.0029577048210587265,32.352,29.7894,0.015536749525840129,62.719298245614034,33.78304819882866,30.92095180117133,0.0,NVDA,274.1309620048504,1.7413096200485003
2016-03-22,33.8,34.085,33.43,33.85,6050266,NVDA,-0.0017693895606014642,32.4645,29.873800000000003,0.015584564843965915,60.270880361173894,33.99681129172215,30.93218870827785,1.0,NVDA,273.6459175424414,1.73645917542441
2016-03-23,34.0,34.68,33.85,34.43,10725171,NVDA,0.017134416543574504,32.595000000000006,29.968799999999998,0.015864957768564794,68.8559322033899,34.3276645133412,30.86233548665881,1.0,NVDA,278.3346806790623,1.7833468067906182
2016-03-24,34.12,34.54,34.01,34.48,6123854,NVDA,0.001452221899506112,32.72449999999999,30.0548,0.015870469189343473,70.66381156316925,34.615247276385794,30.83375272361419,1.0,NVDA,278.73888439773646,1.78738884397736
2016-03-28,34.42,34.98,34.38,34.83,6634700,NVDA,0.010150812064965153,32.882,30.166200000000003,0.01572184061983543,75.8835758835759,34.92505859462109,30.838941405378907,1.0,NVDA,281.56831042845596,1.8156831042845547
2016-03-29,34.68,35.47,34.6,35.39,6545266,NVDA,0.016078093597473586,33.0835,30.3006,0.015498302071848739,88.07531380753149,35.283426075313585,30.883573924686416,1.0,NVDA,286.09539207760713,1.8609539207760668
2016-03-30,35.52,36.25,35.5,35.76,9417474,NVDA,0.010454930771404358,33.233999999999995,30.473599999999998,0.012710139623649001,89.27875243664727,35.72980194895821,30.738198051041778,0.0,NVDA,289.0864995957963,1.8908649959579584
2016-03-31,35.92,36.0,35.35,35.63,9497052,NVDA,-0.003635346756151958,33.3685,30.6396,0.01283314945341982,87.90786948176601,36.0783438486771,30.658656151322894,1.0,NVDA,288.03556992724333,1.8803556992724295
2016-04-01,35.41,36.17,35.14,36.15,8707319,NVDA,0.014594442885208947,33.543499999999995,30.813,0.01266896991007588,87.86127167630075,36.4989037928767,30.588096207123286,0.0,NVDA,292.23928860145514,1.922392886014547
2016-04-04,36.45,36.64,35.66,35.8,9848551,NVDA,-0.009681881051175734,33.706,30.973000000000003,0.012978315693503464,82.05128205128217,36.786159941165494,30.625840058834513,0.0,NVDA,289.40986257073564,1.8940986257073518
2016-04-05,35.48,36.08,35.34,35.75,8489215,NVDA,-0.0013966480446926388,33.8765,31.119,0.012794573801228875,83.73831775700947,37.015244469068485,30.737755530931516,1.0,NVDA,289.00565885206146,1.89005658852061
2016-04-06,35.3,35.82,34.63,35.8,11334379,NVDA,0.0013986013986013734,34.07899999999999,31.266599999999997,0.011607000368245442,80.40540540540552,37.16217607944225,30.99582392055774,0.0,NVDA,289.40986257073564,1.8940986257073522
2016-04-07,35.57,35.89,35.28,35.43,9452644,NVDA,-0.010335195530726149,34.263999999999996,31.4012,0.012095088118915498,78.80794701986773,37.193928326768905,31.334071673231087,1.0,NVDA,286.4187550525465,1.864187550525461
2016-04-08,35.72,35.95,35.305,35.66,6398373,NVDA,0.006491673722833768,34.463,31.547199999999997,0.011977170877655853,74.53580901856778,37.18739351049053,31.738606489509472,1.0,NVDA,288.27809215844786,1.8827809215844749
2016-04-11,35.87,36.47,35.76,35.88,9688098,NVDA,0.006169377453729918,34.646,31.7038,0.011692912248896783,75.32133676092566,37.22376239156587,32.06823760843413,0.0,NVDA,290.0565885206144,1.9005658852061407
2016-04-12,36.0,36.05,35.14,35.84,7319077,NVDA,-0.0011148272017836858,34.823,31.8348,0.011768527112992184,75.71059431524561,37.20089911697896,32.44510088302104,1.0,NVDA,289.7332255456751,1.8973322554567469
2016-04-13,36.0,36.75,36.0,36.74,8767861,NVDA,0.025111607142857206,35.053000000000004,31.983600000000003,0.012300893290003717,77.56563245823402,37.21860773043235,32.887392269567655,1.0,NVDA,297.0088924818109,1.9700889248181053
2016-04-14,36.64,37.0,36.49,36.84,10414131,NVDA,0.0027218290691344293,35.239999999999995,32.1592,0.011053758231334379,77.83018867924544,37.340456090823324,33.139543909176666,1.0,NVDA,297.81729991915927,1.9781729991915893
2016-04-15,36.83,37.46,36.712,37.13,10924273,NVDA,0.007871878393050924,35.455499999999994,32.3378,0.010566646730093467,77.51196172248818,37.388237082891024,33.52276291710896,0.0,NVDA,300.1616814874697,2.0016168148746933
2016-04-18,37.06,37.06,36.61,36.97,7683044,NVDA,-0.004309183948289941,35.6135,32.513000000000005,0.009179414826560522,70.89947089947094,37.49584204621546,33.731157953784546,0.0,NVDA,298.8682295877122,1.9886822958771182
2016-04-19,37.11,37.18,36.08,36.31,7728777,NVDA,-0.017852312685961547,35.73350000000001,32.7106,0.01045613401345382,56.75675675675683,37.457965134470186,34.00903486552983,1.0,NVDA,293.53274050121263,1.9353274050121225
2016-04-20,36.25,36.67,36.21,36.45,5004434,NVDA,0.003855687138529351,35.8635,32.9352,0.010382990933983465,60.049019607843164,37.368107310196926,34.35889268980308,0.0,NVDA,294.6645109135004,1.9466451091350003
2016-04-21,36.46,36.63,36.25,36.41,4456989,NVDA,-0.0010973936899864034,35.9625,33.1536,0.009937568853221897,53.611111111111086,37.323689495297614,34.60131050470238,0.0,NVDA,294.341147938561,1.943411479385606
2016-04-22,36.53,36.78,36.145,36.27,5588539,NVDA,-0.0038450975006864008,36.05200000000001,33.370400000000004,0.010046679839988111,56.932153392330484,37.22516665482929,34.878833345170726,1.0,NVDA,293.2093775262733,1.9320937752627287
2016-04-25,36.28,36.65,36.18,36.45,4799765,NVDA,0.00496277915632759,36.132999999999996,33.593399999999995,0.009906963273250713,59.94318181818187,37.16627990807157,35.09972009192842,1.0,NVDA,294.6645109135004,1.9466451091350003
2016-04-26,36.67,37.09,36.32,36.48,5363364,NVDA,0.0008230452674895528,36.1875,33.8084,0.00936453565393521,59.71428571428573,37.16948242025383,35.20551757974617,1.0,NVDA,294.90703314470494,1.9490703314470452
2016-04-27,36.39,37.33,36.323,37.31,8809858,NVDA,0.022752192982456343,36.265,34.014799999999994,0.010332979770678763,73.73737373737376,37.3447173119329,35.185282688067105,0.0,NVDA,301.6168148746969,2.016168148746965
2016-04-28,37.08,37.3,36.11,36.2,9530551,NVDA,-0.029750737067810173,36.2935,34.1856,0.012523645526286247,55.57851239669427,37.33194570088551,35.25505429911449,0.0,NVDA,292.6434923201294,1.92643492320129
2016-04-29,36.05,36.13,35.14,35.53,8047562,NVDA,-0.018508287292817727,36.2625,34.2954,0.012798561909147053,46.691871455576546,37.35461287251785,35.17038712748216,1.0,NVDA,287.22716248989497,1.8722716248989455
2016-05-02,35.87,36.22,35.7,36.0,6401920,NVDA,0.013228257810301125,36.2725,34.4066,0.012984422017577303,51.39860139860137,37.35035117613617,35.19464882386383,0.0,NVDA,291.02667744543254,1.9102667744543211
2016-05-03,35.59,35.74,35.261,35.57,5600585,NVDA,-0.011944444444444424,36.2635,34.4876,0.013270536870743196,38.85714285714284,37.36251917995007,35.16448082004993,0.0,NVDA,287.55052546483427,1.8755052546483388
2016-05-04,35.14,35.17,34.4,34.76,13144065,NVDA,-0.02277199887545689,36.2115,34.5508,0.014189109904376202,32.550335570469755,37.48708902802761,34.93591097197239,1.0,NVDA,281.00242522231207,1.8100242522231165
2016-05-05,35.05,35.38,34.71,34.97,6172113,NVDA,0.006041426927502869,36.1885,34.6138,0.014117294253807764,31.632653061224474,37.53787451396961,34.83912548603038,1.0,NVDA,282.70008084074374,1.8270008084074334
2016-05-06,34.91,35.425,34.84,35.33,4581000,NVDA,0.010294538175579016,36.172000000000004,34.6826,0.014242302190594861,36.513157894736835,37.55620564337864,34.78779435662137,0.0,NVDA,285.61034761519807,1.8561034761519766
2016-05-09,35.42,35.57,34.99,35.28,8333411,NVDA,-0.00141522785168402,36.142,34.7546,0.014159806107301196,40.58500914076781,37.57789473298494,34.70610526701507,1.0,NVDA,285.2061438965239,1.8520614389652348
2016-05-10,35.5,36.02,35.16,35.96,6741929,NVDA,0.01927437641723362,36.148,34.846599999999995,0.014849152177594317,45.92346089850248,37.57957770897897,34.71642229102104,1.0,NVDA,290.7033144704931,1.9070331447049278
2016-05-11,36.07,36.46,35.87,36.06,8204441,NVDA,0.002780867630700845,36.114,34.9128,0.013676354699068779,47.11696869851735,37.51842009010019,34.7095799098998,0.0,NVDA,291.5117219078416,1.9151172190784123
2016-05-12,36.32,36.48,34.93,35.57,16763533,NVDA,-0.013588463671658446,36.05050000000001,34.9654,0.01393632717022757,44.548286604361344,37.43135366426302,34.66964633573699,1.0,NVDA,287.55052546483427,1.8755052546483393
2016-05-13,39.19,41.0,39.0,40.98,52756404,NVDA,0.15209446162496487,36.243,35.132,0.03713400040068776,69.44206008583689,38.81616597946929,33.669834020530715,1.0,NVDA,331.28536782538396,2.312853678253836
2016-05-16,40.67,42.8,40.54,42.19,24325757,NVDA,0.029526598340654076,36.504000000000005,35.3248,0.03743070343312481,72.25253312548713,40.20112491425194,32.80687508574807,1.0,NVDA,341.0670978172999,2.410670978172995
2016-05-17,42.0,42.58,41.4601,42.28,15709762,NVDA,0.002133206921071329,36.802499999999995,35.5236,0.036989655247239905,70.5541770057899,41.30907940069188,32.29592059930811,1.0,NVDA,341.7946645109135,2.4179466451091307
2016-05-18,42.0,43.85,42.0,43.36,13526797,NVDA,0.02554399243140959,37.148,35.7558,0.037171752737479684,79.68490878938638,42.51766371582582,31.778336284174188,1.0,NVDA,350.52546483427653,2.5052546483427602
2016-05-19,43.19,43.8586,43.13,43.55,9971981,NVDA,0.004381918819188035,37.504999999999995,35.992200000000004,0.03711102316536361,84.6286701208981,43.57216963405711,31.437830365942876,1.0,NVDA,352.0614389652385,2.52061438965238
2016-05-20,43.82,44.51,43.75,44.33,9777090,NVDA,0.017910447761193993,37.908,36.2452,0.03701488413987559,85.02943650126156,44.66167065886581,31.154329341134193,1.0,NVDA,358.36701697655616,2.583670169765557
2016-05-23,44.52,44.69,44.13,44.4,10340877,NVDA,0.0015790660951950919,38.3055,36.4888,0.037050148366868034,88.29141370338247,45.61112141166173,30.999878588338277,1.0,NVDA,358.9329021827001,2.5893290218269955
2016-05-24,44.42,45.5,44.3,45.36,10394721,NVDA,0.021621621621621623,38.7495,36.75,0.03705555794778778,95.37671232876713,46.64364566558521,30.855354334414788,0.0,NVDA,366.69361358124496,2.666936135812444
2016-05-25,45.5,45.69,44.81,45.17,11469411,NVDA,-0.004188712522045779,39.1425,37.0106,0.03711688200018534,93.73927958833622,47.50368821825324,30.78131178174676,1.0,NVDA,365.157639450283,2.6515763945028246
2016-05-26,45.25,45.98,45.12,45.65,7749081,NVDA,0.010626522027894492,39.615,37.2616,0.03590720440518041,93.80305602716471,48.33634827818945,30.893651721810556,1.0,NVDA,369.0379951495554,2.690379951495548
2016-05-27,45.7,45.97,45.55,45.9,6935389,NVDA,0.005476451259583737,40.1335,37.5232,0.035220490144339346,94.32387312186978,49.06282784645508,31.204172153544917,1.0,NVDA,371.0590137429265,2.7105901374292585
2016-05-31,46.1,46.815,46.07,46.72,10313131,NVDA,0.017864923747276773,40.6695,37.7814,0.035234347950428554,94.38943894389439,49.83788383278469,31.501116167215308,1.0,NVDA,377.6879547291835,2.7768795472918293
2016-06-01,46.5,47.26,46.36,46.81,9678267,NVDA,0.001926369863013866,41.2315,38.0394,0.03483807588529143,94.3848059454996,50.461490648339016,32.00150935166098,1.0,NVDA,378.41552142279716,2.7841552142279657
2016-06-02,47.06,47.54,46.6,47.14,8230202,NVDA,0.007049775688955373,41.8505,38.3052,0.033787717716851115,98.4100418410042,50.91207062022186,32.78892937977813,0.0,NVDA,381.08326596604695,2.8108326596604636
2016-06-03,46.68,46.74,45.66,46.48,11526864,NVDA,-0.014000848536275035,42.426,38.546200000000006,0.03438576507675866,88.19444444444443,51.10142542563732,33.75057457436268,0.0,NVDA,375.7477768795473,2.7574777687954675
2016-06-06,46.6,46.96,46.0,46.24,8062841,NVDA,-0.005163511187607495,42.9715,38.781400000000005,0.034666007670253525,82.50401284109154,51.12452662560965,34.81847337439035,1.0,NVDA,373.8075990299111,2.7380759902991056
2016-06-07,46.52,46.78,46.31,46.33,4835017,NVDA,0.0019463667820067698,43.524,39.0114,0.0345950433614991,82.50401284109152,50.94738382197946,36.100616178020545,0.0,NVDA,374.53516572352464,2.7453516572352408
2016-06-08,46.34,46.51,45.8,46.18,5865431,NVDA,-0.003237642995898904,44.035,39.2272,0.03478830467487805,76.60377358490571,50.62645060306432,37.44354939693567,1.0,NVDA,373.32255456750204,2.7332255456750145
2016-06-09,46.02,47.45,45.92,47.38,11804167,NVDA,0.02598527501082737,44.601,39.4596,0.034812477084176445,80.34865293185426,50.17453860949976,39.027461390500235,0.0,NVDA,383.02344381568315,2.830234438156826
2016-06-10,46.82,47.24,46.14,46.2,10000592,NVDA,-0.024905023216547084,45.1325,39.671,0.03537658105438465,63.93442622950825,48.77157376879648,41.49342623120352,1.0,NVDA,373.48423605497175,2.734842360549712
2016-06-13,46.25,47.6986,46.25,46.79,11889674,NVDA,0.012770562770562766,45.423,39.8838,0.013875788673622092,66.52835408022133,48.55920018158172,42.28679981841828,1.0,NVDA,378.2538399353274,2.782538399353269
2016-06-14,46.68,47.1,46.155,46.88,7458639,NVDA,0.0019234879247702619,45.6575,40.1054,0.012823121765820253,61.94968553459123,48.459400670692474,42.85559932930752,1.0,NVDA,378.98140662894104,2.789814066289405
2016-06-15,47.27,47.77,46.75,47.36,7525868,NVDA,0.010238907849829282,45.911500000000004,40.337599999999995,0.012843772083885653,66.46616541353384,48.317249910440594,43.50575008955941,1.0,NVDA,382.86176232821344,2.828617623282129
2016-06-16,47.01,47.63,46.551,47.55,6161428,NVDA,0.004011824324324342,46.120999999999995,40.572599999999994,0.011971628899070927,64.937106918239,48.31131264290973,43.93068735709026,0.0,NVDA,384.3977364591754,2.843977364591749
2016-06-17,47.61,47.62,46.53,46.72,11775048,NVDA,-0.01745531019978963,46.2795,40.7984,0.012956594594117847,55.907780979827095,48.11679177123222,44.442208228767775,1.0,NVDA,377.6879547291835,2.77687954729183
2016-06-20,47.47,48.17,47.44,47.56,7344230,NVDA,0.017979452054794676,46.441,41.0364,0.012960614728001455,56.03448275862072,48.11757420135159,44.76442579864842,0.0,NVDA,384.47857720291034,2.8447857720290983
2016-06-21,47.76,47.89,47.2,47.27,5312661,NVDA,-0.0060975609756097615,46.584500000000006,41.2642,0.013136175798157053,53.2122905027933,47.99584463693908,45.17315536306093,0.0,NVDA,382.13419563459985,2.821341956345994
2016-06-22,47.37,47.68,47.15,47.23,5065516,NVDA,-0.0008462026655384758,46.678000000000004,41.492,0.01242077319676791,50.65502183406111,47.99220738570356,45.36379261429645,1.0,NVDA,381.81083265966043,2.8181083265966
2016-06-23,47.68,48.54,47.65,48.49,7446994,NVDA,0.026677958924412604,46.84400000000001,41.727,0.013472037359682217,63.45381526104421,48.19440578696922,45.493594213030796,0.0,NVDA,391.99676637025067,2.919967663702502
2016-06-24,46.5,47.36,45.3,45.73,25442111,NVDA,-0.056918952361311725,46.848,41.904799999999994,0.01897184210395612,47.44744744744742,48.18391049180382,45.512089508196176,0.0,NVDA,369.6847210994341,2.696847210994337
2016-06-27,45.35,45.7,44.57,45.24,11258487,NVDA,-0.010715066695823228,46.815,42.06700000000001,0.019082728642399186,44.75457170356114,48.27623956031782,45.353760439682176,1.0,NVDA,365.72352465642683,2.6572352465642646
2016-06-28,46.1,46.1499,45.27,45.9,9547980,NVDA,0.01458885941644561,46.774,42.245599999999996,0.018929801804005313,48.715596330275226,48.29139943740527,45.256600562594734,1.0,NVDA,371.0590137429265,2.7105901374292602
2016-06-29,46.3,47.01,46.18,46.65,7973264,NVDA,0.016339869281045694,46.766000000000005,42.4524,0.019306162330878507,46.5071770334928,48.284287123530966,45.247712876469045,1.0,NVDA,377.1220695230396,2.771220695230392
2016-06-30,46.73,47.3,46.35,47.01,10773475,NVDA,0.007717041800643143,46.7595,42.6636,0.019319542625520665,54.205607476635485,48.272148078877755,45.24685192112225,0.0,NVDA,380.03233629749394,2.8003233629749356
2016-07-01,46.75,47.36,46.5,46.66,5462198,NVDA,-0.007445224420336127,46.7685,42.868599999999994,0.019123364433896218,49.307774227902016,48.276280173844256,45.26071982615575,1.0,NVDA,377.20291026677444,2.772029102667741
2016-07-05,46.4,47.43,46.03,47.35,9277061,NVDA,0.014787826832404649,46.824,43.090199999999996,0.019338697530838236,52.35235235235234,48.331586429400154,45.31641357059984,1.0,NVDA,382.7809215844786,2.8278092158447823
2016-07-06,47.02,47.925,46.78,47.65,6827594,NVDA,0.0063357972544877406,46.89,43.3142,0.0193704961705232,51.47808358817532,48.42190627719568,45.35809372280432,1.0,NVDA,385.2061438965239,2.8520614389652343
2016-07-07,47.97,49.06,47.75,48.89,9884992,NVDA,0.026023084994753365,47.0255,43.5624,0.020078993908705847,56.16942909760591,48.759111684804445,45.29188831519556,1.0,NVDA,395.23039611964435,2.9523039611964386
2016-07-08,49.41,51.091,49.22,50.85,12048273,NVDA,0.040089997954591894,47.199,43.833200000000005,0.021146290161105773,67.22268557130941,49.634473800225585,44.76352619977441,1.0,NVDA,411.0751818916734,3.1107518189167296
2016-07-11,51.58,52.4,51.52,52.02,11219437,NVDA,0.02300884955752225,47.489999999999995,44.1496,0.0204304553613464,68.10064935064933,50.692801405349954,44.287198594650036,1.0,NVDA,420.53354890865,3.2053354890864956
2016-07-12,52.6,53.28,51.94,52.8,10919045,NVDA,0.014994232987312506,47.790499999999994,44.495,0.020474380150834037,71.58469945355188,51.75415846422961,43.82684153577038,0.0,NVDA,426.8391269199677,3.2683912691996726
2016-07-13,52.9,53.2,52.7,52.78,8115130,NVDA,-0.0003787878787877563,48.0855,44.830600000000004,0.02050650307933596,71.6966379984363,52.60332190185145,43.567678098148555,1.0,NVDA,426.677445432498,3.2667744543249766
2016-07-14,53.06,53.8,52.62,53.32,7922283,NVDA,0.010231148162182624,48.3835,45.185599999999994,0.020506421655335956,70.00828500414251,53.45246553341546,43.31453446658453,0.0,NVDA,431.04284559417954,3.310428455941791
2016-07-15,52.64,52.935,51.841,52.7,10715357,NVDA,-0.011627906976744096,48.641000000000005,45.5444,0.02088678010458111,85.09566968781479,54.04391889922342,43.23808110077659,1.0,NVDA,426.03071948261925,3.260307194826189
2016-07-18,53.35,53.43,52.77,52.97,6324838,NVDA,0.005123339658444026,48.953500000000005,45.904399999999995,0.02018691700485653,89.80432543769314,54.60582425411803,43.30117574588198,1.0,NVDA,428.21341956346004,3.2821341956345966
2016-07-19,52.94,53.7293,52.84,53.52,9566250,NVDA,0.010383235793845591,49.2515,46.2682,0.0200302887306377,89.68750000000004,55.21439677042489,43.28860322957511,1.0,NVDA,432.6596604688763,3.32659660468876
2016-07-20,53.7,54.505,53.48,54.22,7411502,NVDA,0.013079222720478345,49.599000000000004,46.647,0.0198733592408268,89.63350785340319,55.87738698694988,43.32061301305013,0.0,NVDA,438.3185125303153,3.3831851253031493
2016-07-21,54.1,54.27,53.04,53.22,9032697,NVDA,-0.01844337882700109,49.8985,46.992200000000004,0.02061798650649975,80.47105004906774,56.2718269011938,43.5251730988062,1.0,NVDA,430.23443815683106,3.3023443815683073
2016-07-22,53.41,54.67,53.02,54.67,7894165,NVDA,0.027245396467493466,50.207499999999996,47.364399999999996,0.020648028122965727,85.47387068201954,56.885277364237496,43.5297226357625,1.0,NVDA,441.95634599838326,3.419563459983829
2016-07-25,55.0,55.81,54.76,55.68,7813211,NVDA,0.018474483263215546,50.705,47.7666,0.014472799652467831,85.87424633936266,57.46035654908533,43.949643450914664,1.0,NVDA,450.12126111560235,3.501212611156019
2016-07-26,56.17,56.92,56.09,56.63,12862739,NVDA,0.01706178160919536,51.2745,48.0796,0.013693017654955892,86.62316476345845,58.0103943453402,44.538605654659804,0.0,NVDA,457.8011317704123,3.578011317704119
2016-07-27,57.12,57.22,55.72,56.06,11166886,NVDA,-0.010065336394137425,51.78249999999999,48.357,0.01447622857662233,80.93183779119934,58.341909071587786,45.2230909284122,1.0,NVDA,453.19320937752633,3.531932093775259
2016-07-28,56.19,56.6,56.0137,56.18,5547934,NVDA,0.002140563681769514,52.259,48.635,0.01450467347204798,77.33333333333336,58.630435928382305,45.887564071617696,1.0,NVDA,454.1632983023444,3.5416329830234403
2016-07-29,56.39,57.25,55.38,57.1,10239664,NVDA,0.016375934496261957,52.7635,48.909800000000004,0.01457967446621316,76.7368421052632,58.98096360537943,46.54603639462057,0.0,NVDA,461.6006467259499,3.6160064672594947
2016-08-01,57.34,57.55,56.36,56.73,7527970,NVDA,-0.0064798598949212804,53.266999999999996,49.1734,0.014520812871850353,71.61716171617162,59.01669509489136,47.51730490510863,0.0,NVDA,458.6095392077607,3.5860953920776026
2016-08-02,57.0,57.03,55.5,56.04,7068720,NVDA,-0.012162876784769905,53.701499999999996,49.4076,0.015275983900183893,66.70081967213113,58.85050204945293,48.552497950547064,1.0,NVDA,453.0315278900566,3.530315278900562
2016-08-03,55.97,56.3,55.66,56.19,7495709,NVDA,0.002676659528907832,54.12850000000001,49.6434,0.015325986872039003,65.31483457844183,58.52607002278197,49.73092997721805,1.0,NVDA,454.2441390460793,3.5424413904607883
2016-08-04,56.46,57.49,56.35,57.23,6817803,NVDA,0.01850863142907988,54.545500000000004,49.8808,0.014958594658329752,73.13585291113378,58.399632300464155,50.69136769953585,1.0,NVDA,462.65157639450285,3.626515763945024
2016-08-05,57.89,58.23,57.61,58.2,9289735,NVDA,0.016949152542373058,54.91300000000001,50.141400000000004,0.013129958772273237,74.92850333651097,58.68423796510923,51.14176203489079,1.0,NVDA,470.49312853678254,3.704931285367822
2016-08-08,59.0,59.14,58.12,58.74,7626603,NVDA,0.009278350515463885,55.249,50.403200000000005,0.01258865905590636,74.90458015267174,59.1307841801239,51.36721581987611,1.0,NVDA,474.85852869846406,3.7485852869846363
2016-08-09,59.03,59.46,58.74,58.89,9308559,NVDA,0.0025536261491316825,55.5535,50.663000000000004,0.01243602625926933,73.51460221550855,59.57918215860527,51.52781784139473,0.0,NVDA,476.0711398544867,3.7607113985448626
2016-08-10,59.41,59.5,58.3237,58.51,9393453,NVDA,-0.006452708439463439,55.839999999999996,50.8988,0.012660472164425821,78.41031149301823,59.85014502953475,51.82985497046524,1.0,NVDA,472.9991915925627,3.7299919159256225
2016-08-11,58.82,59.95,58.7,59.7,17026556,NVDA,0.02033840369167672,56.159000000000006,51.1566,0.013065333736483439,77.79005524861876,60.336634183174574,51.98136581682544,1.0,NVDA,482.61924009700897,3.8261924009700854
2016-08-12,61.9,63.38,60.63,63.04,35643642,NVDA,0.05594639865996642,56.676,51.4746,0.016595847477250427,82.3374340949033,61.55210025370871,51.799899746291295,0.0,NVDA,509.6200485044463,4.096200485044458
2016-08-15,63.11,63.4964,62.1302,62.98,14332617,NVDA,-0.0009517766497462166,57.1765,51.8046,0.01672804539413536,80.26692087702568,62.48654321520795,51.86645678479204,0.0,NVDA,509.1350040420372,4.091350040420368
2016-08-16,62.89,62.99,62.41,62.6,7191345,NVDA,-0.006033661479834751,57.6305,52.131800000000005,0.017047188617050592,81.74757281553396,63.17184118289705,52.08915881710295,0.0,NVDA,506.0630557801132,4.060630557801129
2016-08-17,62.6,62.74,60.655,61.15,14880304,NVDA,-0.02316293929712465,57.977,52.428200000000004,0.01835515572082334,71.36715391229576,63.48698748685247,52.46701251314752,1.0,NVDA,494.34114793856105,3.943411479385607
2016-08-18,61.06,62.2,60.82,62.1,8292095,NVDA,0.015535568274734235,58.42099999999999,52.7466,0.017508105887605457,71.44082332761576,63.74497121270315,53.097028787296836,1.0,NVDA,502.0210185933711,4.020210185933707
2016-08-19,62.07,62.73,61.8,62.26,7288978,NVDA,0.0025764895330111504,58.8005,53.044200000000004,0.01693214976281338,74.14847161572052,64.08054575339102,53.520454246608985,1.0,NVDA,503.31447049312857,4.033144704931281
2016-08-22,62.45,62.612,61.711,62.52,6118683,NVDA,0.0041760359781561895,59.1425,53.3706,0.01670721378731081,79.4010889292196,64.45747536757251,53.82752463242749,1.0,NVDA,505.4163298302345,4.054163298302341
2016-08-23,63.04,63.32,62.73,62.91,8494058,NVDA,0.006238003838771489,59.45649999999999,53.693000000000005,0.016502049413730308,79.84014209591473,64.88725171689279,54.02574828310719,0.0,NVDA,508.5691188358933,4.085691188358929
2016-08-24,63.13,63.16,61.65,61.94,7461244,NVDA,-0.015418852328723531,59.7505,53.9942,0.01680670578173655,71.0455764075067,65.04190106806938,54.459098931930626,0.0,NVDA,500.72756669361354,4.007275666936132
2016-08-25,61.96,61.99,60.76,61.53,10150783,NVDA,-0.0066193090087180995,60.017999999999994,54.27759999999999,0.017001767510140136,65.6632173095014,65.08558366586425,54.95041633413574,1.0,NVDA,497.4130962004851,3.974130962004847
2016-08-26,61.69,62.38,61.2,62.03,7500624,NVDA,0.008126117341134442,60.2645,54.5672,0.016802323666298188,65.53352219074598,65.21265425449971,55.31634574550028,0.0,NVDA,501.4551333872272,4.0145513338722685
2016-08-29,62.28,62.53,61.885,61.99,6866279,NVDA,-0.0006448492664838934,60.527499999999996,54.87259999999999,0.016655658436073077,64.79007633587787,65.23810114612802,55.816898853871976,0.0,NVDA,501.13177041228784,4.011317704122875
2016-08-30,61.91,62.2426,61.46,61.63,7138622,NVDA,-0.005807388288433635,60.807,55.153999999999996,0.016377863310228304,64.91395793499046,65.03514678827094,56.57885321172907,0.0,NVDA,498.2215036378335,3.9822150363783315
2016-08-31,61.75,61.92,61.16,61.34,9713642,NVDA,-0.0047055005679051964,61.064499999999995,55.4354,0.01651301319370973,58.577405857740594,64.69356672068257,57.43543327931742,1.0,NVDA,495.87712206952307,3.958771220695228
2016-09-01,61.39,63.38,61.34,63.15,10712305,NVDA,0.02950766221062917,61.3605,55.7538,0.017173315041169594,50.68493150684931,64.61955039446954,58.101449605530455,0.0,NVDA,510.50929668552953,4.105092966855292
2016-09-02,63.28,63.35,61.82,62.53,8078742,NVDA,-0.009817893903404595,61.577,56.0346,0.017241810830066588,47.38067520372528,64.51112660725066,58.64287339274933,1.0,NVDA,505.49717057396936,4.05497170573969
2016-09-06,62.75,63.12,62.429,63.12,7670320,NVDA,0.00943547097393238,61.79600000000001,56.3824,0.01724450602656389,52.95454545454544,64.48188042999283,59.110119570007186,0.0,NVDA,510.26677445432495,4.102667744543246
2016-09-07,62.92,63.2285,61.83,62.19,9949700,NVDA,-0.014733840304182455,61.961,56.721399999999996,0.01773348291644509,56.280193236714986,64.27490214959549,59.647097850404506,1.0,NVDA,502.7485852869846,4.027485852869843
2016-09-08,62.13,62.74,61.42,62.64,7895219,NVDA,0.00723589001447178,62.1675,57.05620000000001,0.0176182489371617,53.470437017994854,63.83015323789465,60.504846762105345,0.0,NVDA,506.3864187550526,4.0638641875505215
2016-09-09,61.95,62.3,59.0,59.52,17443966,NVDA,-0.04980842911877392,62.158500000000004,57.31360000000001,0.02079782023645895,37.243947858473,63.87835648116271,60.438643518837296,1.0,NVDA,481.1641067097818,3.8116410670978134
2016-09-12,58.73,60.865,57.315,60.75,14956524,NVDA,0.020665322580645018,62.044000000000004,57.5884,0.016947351720113437,42.44235695986333,63.82073147573009,60.267268524269916,0.0,NVDA,491.10751818916737,3.911075181891669
2016-09-13,60.6,61.3,59.53,59.87,11794183,NVDA,-0.014485596707819015,61.8885,57.8526,0.017184010264400112,37.54098360655736,63.854594445449905,59.922405554550096,1.0,NVDA,483.9935327405012,3.8399353274050076
2016-09-14,60.01,60.6,59.51,60.4,7984326,NVDA,0.008852513779856297,61.77850000000001,58.113600000000005,0.01733943651710441,43.45238095238094,63.82164798392541,59.73535201607461,1.0,NVDA,488.27809215844786,3.882780921584474
2016-09-15,60.5,62.76,60.36,62.69,12884799,NVDA,0.03791390728476829,61.85549999999999,58.41440000000001,0.018676695085019592,54.25219941348972,63.91492736036974,59.796072639630246,1.0,NVDA,506.7906224737268,4.067906224737263
2016-09-16,62.91,63.25,62.12,62.84,22561149,NVDA,0.00239272611261776,61.892500000000005,58.693400000000004,0.018382464794906222,53.04740406320542,63.996529967769256,59.788470032230755,1.0,NVDA,508.0032336297495,4.08003233629749
2016-09-19,63.5,65.26,63.21,63.67,10428207,NVDA,0.013208147676639026,61.963,58.949799999999996,0.018590489307483634,55.96590909090909,64.20860483002676,59.717395169973244,0.0,NVDA,514.7130153597413,4.147130153597409
2016-09-20,64.4,64.4,62.74,63.09,8277832,NVDA,-0.009109470708339895,61.991499999999995,59.1712,0.018718685750462507,55.104895104895114,64.28091063434226,59.70208936565772,1.0,NVDA,510.0242522231206,4.1002425222312
2016-09-21,63.28,64.98,63.27,64.86,8405337,NVDA,0.02805515929624347,62.089,59.4124,0.01967454617140458,61.15335868187579,64.68823794500325,59.489762054996746,1.0,NVDA,524.3330638641876,4.243330638641871
2016-09-22,65.24,65.44,64.65,65.02,7718287,NVDA,0.0024668516805426144,62.242999999999995,59.657199999999996,0.019256951112482677,56.61712668082094,65.15162311430348,59.33437688569651,0.0,NVDA,525.626515763945,4.2562651576394455
2016-09-23,65.1,65.29,64.66,64.95,6903344,NVDA,-0.001076591817902095,62.414,59.88980000000001,0.019156815573229895,58.910162002945526,65.540123545393,59.287876454607,0.0,NVDA,525.0606305578012,4.250606305578007
2016-09-26,64.21,64.6,63.53,64.34,5751035,NVDA,-0.009391839876828345,62.529500000000006,60.122600000000006,0.019304408320276294,54.48529411764709,65.76467818593424,59.294321814065775,1.0,NVDA,520.1293451899758,4.201293451899753
2016-09-27,64.09,66.64,64.06,66.54,10068769,NVDA,0.03419334783960215,62.757000000000005,60.394000000000005,0.02058198552479209,64.62676529926028,66.4411972631351,59.072802736864915,1.0,NVDA,537.9143088116411,4.379143088116406
2016-09-28,66.64,66.83,65.93,66.78,7994701,NVDA,0.0036068530207393756,63.0145,60.6592,0.020459200542901786,64.12005457025923,67.06838689375718,58.96061310624282,1.0,NVDA,539.8544866612773,4.398544866612768
2016-09-29,66.67,67.61,66.0514,67.4,8417136,NVDA,0.009284216831386694,63.317499999999995,60.922799999999995,0.020376958623187804,82.40131578947373,67.73407106814867,58.90092893185133,1.0,NVDA,544.8666127728376,4.44866612772837
2016-09-30,67.77,69.19,67.37,68.52,10748304,NVDA,0.016617210682492445,63.58599999999999,61.2288,0.019752607582456592,82.24066390041497,68.57546426825749,58.59653573174249,0.0,NVDA,553.9207760711399,4.539207760711393
2016-10-03,68.52,69.51,68.331,68.45,6064853,NVDA,-0.0010215995329829752,63.88199999999999,61.5044,0.01951883935950484,88.16725978647698,69.29234331044249,58.47165668955749,0.0,NVDA,553.354890864996,4.533548908649954
2016-10-04,68.55,69.7,67.79,68.3,7040645,NVDA,-0.0021913805697589828,64.141,61.756800000000005,0.019543976137162213,86.37200736648256,69.8835022970467,58.3984977029533,0.0,NVDA,552.1422797089733,4.521422797089728
2016-10-05,68.88,69.58,68.02,68.23,7636009,NVDA,-0.0010248901903366914,64.443,61.9888,0.01908237557864492,82.06018518518533,70.38530187544818,58.50069812455181,0.0,NVDA,551.5763945028295,4.515763945028289
2016-10-06,67.41,67.83,66.26,67.34,9005317,NVDA,-0.013044115491719244,64.678,62.214400000000005,0.019481832921487443,73.9872068230278,70.69139417248627,58.664605827513725,0.0,NVDA,544.3815683104285,4.443815683104279
2016-10-07,67.79,67.97,66.66,66.85,7156502,NVDA,-0.007276507276507416,65.0445,62.4278,0.015164425656336078,67.58849557522123,70.61113925825866,59.477860741741345,1.0,NVDA,540.4203718674212,4.404203718674205
2016-10-10,67.2,67.56,66.47,67.1,7196868,NVDA,0.0037397157816005944,65.362,62.6278,0.014765960328987629,73.0195177956372,70.61269860013704,60.111301399862946,0.0,NVDA,542.4413904607923,4.424413904607916
2016-10-11,66.88,66.98,65.62,66.13,9713476,NVDA,-0.0144560357675112,65.675,62.815799999999996,0.014763899531928646,58.02781289506952,70.25010655613696,61.09989344386304,1.0,NVDA,534.5998383185125,4.345998383185119
2016-10-12,65.86,66.7791,65.31,66.43,10498025,NVDA,0.004536518977771298,65.9765,63.023599999999995,0.014737481100165824,58.75776397515535,69.8249844590548,62.128015540945206,0.0,NVDA,537.0250606305578,4.370250606305573
2016-10-13,65.65,65.8,63.7,65.35,9752910,NVDA,-0.016257714887852104,66.1095,63.206799999999994,0.013247733312434586,52.207505518763746,69.65140240288835,62.56759759711165,1.0,NVDA,528.2942603071948,4.282942603071942
2016-10-14,66.15,66.6,65.6,65.99,8265851,NVDA,0.009793420045906664,66.267,63.382,0.013357405393778048,59.075907590759016,69.45967648813688,63.07432351186312,0.0,NVDA,533.4680679062247,4.334680679062241
2016-10-17,65.98,66.6,65.52,65.61,4883160,NVDA,-0.0057584482497347045,66.364,63.53020000000001,0.013232280181554546,43.60385144429157,69.33461680641136,63.393383193588654,1.0,NVDA,530.3961196443008,4.303961196443002
2016-10-18,66.52,66.99,66.25,66.61,6734274,NVDA,0.015241579027587271,66.53999999999999,63.687599999999996,0.013316571711352762,48.94146948941468,69.07973061149299,64.000269388507,0.0,NVDA,538.4801940177849,4.3848019401778435
2016-10-19,66.16,66.78,65.82,66.47,4976462,NVDA,-0.0021017865185407603,66.6205,63.8392,0.011943134432365094,43.841059602648976,69.03499547961057,64.20600452038944,1.0,NVDA,537.3484236054973,4.373484236054965
2016-10-20,67.25,67.95,66.3,67.73,7802072,NVDA,0.018955919963893564,66.756,64.0236,0.012580490495414865,44.86345903771138,69.09530623993903,64.41669376006097,0.0,NVDA,547.5343573160874,4.475343573160867
2016-10-21,67.49,67.66,66.9,67.54,6987654,NVDA,-0.002805256164181258,66.88550000000001,64.1804,0.012609501559822926,44.17413572343154,69.08651866368778,64.68448133631223,1.0,NVDA,545.9983831851254,4.459983831851247
2016-10-24,68.0,70.79,67.99,70.71,8495946,NVDA,0.04693514954101263,67.204,64.3338,0.015808305211569597,61.12650046168049,69.6804014639257,64.72759853607428,1.0,NVDA,571.6248989490703,4.716248989490696
2016-10-25,70.59,72.3,70.25,71.87,9936532,NVDA,0.016405034648564687,67.47049999999999,64.5116,0.01451814325674114,65.2684563758389,70.68362751397443,64.25737248602555,1.0,NVDA,581.0024252223121,4.810024252223114
2016-10-26,71.27,72.95,71.2,72.16,8344781,NVDA,0.004035063308751807,67.73949999999999,64.7028,0.014517912510133799,71.28975265017661,71.55380258507806,63.92519741492193,0.0,NVDA,583.3468067906224,4.833468067906217
2016-10-27,72.71,72.85,70.385,70.68,9716622,NVDA,-0.020509977827050885,67.90350000000001,64.8934,0.015444098928329238,65.55645816409428,71.93236048928381,63.874639510716214,0.0,NVDA,571.3823767178659,4.713823767178652
2016-10-28,71.02,72.1,70.43,70.56,7271374,NVDA,-0.001697792869269965,68.00550000000001,65.0626,0.01510157363024892,64.20361247947457,72.19996991820703,63.81103008179299,1.0,NVDA,570.4122877930478,4.7041228779304705
2016-10-31,70.79,71.625,70.75,71.16,6309718,NVDA,0.00850340136054406,68.141,65.2406,0.01516543869751222,71.29551227773074,72.56475358598108,63.71724641401893,0.0,NVDA,575.2627324171383,4.752627324171375
2016-11-01,71.42,71.81,68.29,69.05,11830629,NVDA,-0.02965148960089936,68.1785,65.3712,0.01673189904945263,59.6182085168869,72.62060606759859,63.73639393240141,0.0,NVDA,558.2053354890866,4.582053354890857
2016-11-02,69.58,70.52,68.6355,68.76,7396231,NVDA,-0.004199855177407508,68.20500000000001,65.48819999999999,0.016763937883448734,63.28916601714738,72.65471672664398,63.75528327335604,0.0,NVDA,555.8609539207762,4.558609539207754
2016-11-03,69.08,69.14,66.64,67.96,7741593,NVDA,-0.011634671320535306,68.236,65.6086,0.016706783983390257,57.5827559661278,72.66895030663093,63.80304969336907,0.0,NVDA,549.3936944219887,4.493936944219879
2016-11-04,67.51,68.7305,66.575,67.57,8219490,NVDA,-0.005738669805768093,68.272,65.7294,0.0166721773306304,57.538461538461526,72.66910718301864,63.87489281698138,1.0,NVDA,546.2409054163298,4.462409054163291
2016-11-07,69.55,71.72,69.5,71.27,12189524,NVDA,0.054758028710966355,68.48049999999999,65.9142,0.0206060197029632,64.84076433121018,73.03621578523024,63.92478421476975,0.0,NVDA,576.1519805982215,4.761519805982207
2016-11-08,71.54,71.77,70.5,71.16,10747107,NVDA,-0.0015434264066227499,68.732,66.0976,0.02022182974982643,64.96490108487556,73.29671409146822,64.16728590853178,0.0,NVDA,575.2627324171383,4.752627324171374
2016-11-09,69.23,70.9,68.72,69.96,11413254,NVDA,-0.016863406408094472,68.90849999999999,66.2642,0.020743760992119196,57.142857142857125,73.37025927067786,64.44674072932212,0.0,NVDA,565.5618431689571,4.655618431689563
2016-11-10,71.49,71.5,66.76,67.77,21732039,NVDA,-0.03130360205831906,69.0295,66.3928,0.02172084380385593,50.65303804656442,73.20713708080939,64.85186291919061,1.0,NVDA,547.8577202910267,4.478577202910258
2016-11-11,79.51,88.77,78.5,87.97,54383633,NVDA,0.298066991294083,70.1285,66.88919999999999,0.06972892385556942,74.9133949191686,79.39925827251332,60.85774172748668,0.0,NVDA,711.1560226354082,6.111560226354071
2016-11-14,88.09,88.19,83.62,83.64,33719913,NVDA,-0.04922132545185853,71.03,67.3114,0.07112102125381485,65.56466543242527,81.83095317431241,60.22904682568758,1.0,NVDA,676.1519805982216,5.761519805982205
2016-11-15,84.29,87.45,83.93,86.19,15652258,NVDA,0.030487804878048808,72.009,67.7728,0.07121350180797767,67.50686298976791,84.53483166689435,59.48316833310565,1.0,NVDA,696.7663702506063,5.967663702506053
2016-11-16,87.34,92.555,86.3452,91.63,24699644,NVDA,0.06311637080867838,73.267,68.3616,0.07187716993726416,73.79059732000907,88.2611042448446,58.27289575515538,1.0,NVDA,740.7437348423605,6.407437348423594
2016-11-17,92.31,94.7923,90.65,92.39,20824744,NVDA,0.008294226781621727,74.5,68.9566,0.07191161454315524,74.43474367584508,91.49866867852035,57.501331321479654,1.0,NVDA,746.8876313662087,6.468876313662074
2016-11-18,92.39,94.33,91.8,93.36,14401499,NVDA,0.010498971750189323,75.791,69.6334,0.07177265239702776,74.64476021314387,94.40881478499622,57.17318521500377,0.0,NVDA,754.7291835084883,6.54729183508487
2016-11-21,94.09,94.35,92.4,92.98,10910868,NVDA,-0.00407026563838897,76.9045,70.27799999999999,0.071612736915499,77.62641422304318,96.85869436187744,56.95030563812256,1.0,NVDA,751.6572352465644,6.516572352465631
2016-11-22,93.3,93.7396,92.38,93.65,8259232,NVDA,0.007205850720584994,77.99350000000001,70.9536,0.071638769467123,78.48477912565804,99.13290722666413,56.85409277333589,1.0,NVDA,757.0735650767988,6.570735650767975
2016-11-23,93.72,95.2499,92.77,93.97,11080857,NVDA,0.0034169781099839813,79.084,71.625,0.07164407543244566,80.09719972228652,101.18467434074788,56.98332565925213,1.0,NVDA,759.6604688763138,6.596604688763124
2016-11-25,94.42,95.1,93.41,94.16,4889078,NVDA,0.0020219218899648617,80.258,72.25439999999999,0.07122568022349318,80.91141594977913,102.96520785171647,57.55079214828352,0.0,NVDA,761.1964430072757,6.611964430072744
2016-11-28,93.87,94.74,93.6,94.11,6968370,NVDA,-0.0005310110450297278,81.4355,72.8798,0.07121044737894457,79.01422764227644,104.46536022765368,58.40563977234633,0.0,NVDA,760.7922392886014,6.607922392886002
2016-11-29,94.0,94.44,92.53,93.25,11114187,NVDA,-0.00913824248220163,82.53999999999999,73.4714,0.0714247068766039,77.53677387185242,105.61368882059118,59.466311179408805,0.0,NVDA,753.8399353274051,6.5383993532740385
2016-11-30,93.6,94.16,92.1,92.2,11012545,NVDA,-0.011260053619302934,83.69749999999999,74.0536,0.0709267650233887,77.82782782782786,106.23829891639765,61.15670108360233,0.0,NVDA,745.3516572352466,6.453516572352454
2016-12-01,92.1,92.17,84.77,87.64,25888074,NVDA,-0.04945770065075927,84.6415,74.5092,0.07233392130935148,73.47035199622019,106.1038678244405,63.17913217555949,1.0,NVDA,708.4882780921585,6.084882780921573
2016-12-02,86.25,88.8,85.12,88.45,11957300,NVDA,0.009242355089000398,85.666,74.9778,0.07208934548634835,51.04620749782041,105.68308785802243,65.64891214197756,1.0,NVDA,715.0363783346808,6.150363783346795
2016-12-05,89.99,92.61,89.0,91.88,15057125,NVDA,0.0387789711701525,86.88149999999999,75.51639999999999,0.07208960939512855,68.69328493647913,105.14764847196855,68.61535152803143,1.0,NVDA,742.7647534357316,6.427647534357303
2016-12-06,92.21,93.73,91.57,93.39,12469875,NVDA,0.016434479756203713,87.9875,76.0974,0.07155801566530318,67.14285714285717,104.90230058846001,71.07269941153999,1.0,NVDA,754.9717057396929,6.549717057396914
2016-12-07,92.84,95.3,92.1,95.07,12020093,NVDA,0.017989078059749364,89.18299999999999,76.66799999999999,0.07144336260522025,59.97679814385151,104.38298213295343,73.98301786704656,0.0,NVDA,768.5529506871463,6.685529506871449
2016-12-08,95.19,96.62,93.0531,93.48,9538602,NVDA,-0.016724518775638852,90.35900000000001,77.202,0.07143993665558254,53.01604869950196,102.65977772466347,78.05822227533655,0.0,NVDA,755.6992724333065,6.556992724333051
2016-12-09,94.2,94.27,90.71,91.82,9557799,NVDA,-0.01775780915703906,91.5615,77.6904,0.07102395951713349,45.89552238805968,97.74585811246045,85.37714188753954,0.0,NVDA,742.2797089733225,6.422797089733211
2016-12-12,89.85,89.95,87.54,89.59,15033300,NVDA,-0.02428664778915257,91.64250000000001,78.1118,0.026746679437457458,41.77583697234352,97.66922250983268,85.61577749016735,1.0,NVDA,724.2522231204528,6.242522231204514
2016-12-13,90.09,92.29,90.05,91.17,9694874,NVDA,0.01763589686348932,92.01899999999999,78.56620000000001,0.024159227532704188,44.23791821561336,96.74016800891668,87.2978319910833,1.0,NVDA,737.0250606305578,6.370250606305565
2016-12-14,92.54,97.11,91.57,96.45,24599538,NVDA,0.05791378743007569,92.532,79.1292,0.026382363443516008,54.68277945619336,96.79365077973526,88.27034922026473,1.0,NVDA,779.7089733225547,6.7970897332255324
2016-12-15,96.9,99.94,96.6,98.71,18663653,NVDA,0.023431829963711737,92.886,79.7388,0.023152481490201295,57.96847635726795,97.93555818807287,87.83644181192712,1.0,NVDA,797.9789814066289,6.979789814066276
2016-12-16,99.83,100.7,97.726,100.41,27238183,NVDA,0.017222165940634193,93.287,80.4002,0.023325424993114515,60.43046357615894,99.34399630266712,87.23000369733289,1.0,NVDA,811.7219078415521,7.117219078415507
2016-12-19,99.7,102.4499,99.0,101.63,18616431,NVDA,0.01215018424459724,93.7005,81.0958,0.023350951384343902,63.710732984293195,100.81527180904163,86.58572819095838,1.0,NVDA,821.584478577203,7.215844785772015
2016-12-20,104.58,106.13,104.12,105.17,21201433,NVDA,0.03483223457640472,94.31,81.8572,0.024203252607136558,69.62178517397884,103.06449238060674,85.55550761939327,1.0,NVDA,850.2021018593372,7.502021018593357
2016-12-21,105.64,105.95,103.71,105.83,14403361,NVDA,0.006275553865170647,94.919,82.65119999999999,0.02420262957374554,81.2006861063465,105.06428752413476,84.77371247586524,1.0,NVDA,855.5375909458368,7.555375909458352
2016-12-22,106.82,108.87,106.53,107.11,17965259,NVDA,0.012094869129736452,95.576,83.4648,0.024223935213083102,81.49898717083053,107.07418731709232,84.07781268290766,1.0,NVDA,865.8852061438965,7.658852061438951
2016-12-23,106.38,109.835,106.27,109.78,16192331,NVDA,0.024927644477639843,96.357,84.35340000000001,0.024523611446614482,81.01178101178104,109.46014401805498,83.25385598194502,1.0,NVDA,887.4696847210995,7.874696847210981
2016-12-27,112.06,117.36,111.22,117.32,29856842,NVDA,0.06868282018582605,97.5175,85.38,0.027908131557690657,84.29349383777588,113.56349950143318,81.47150049856681,0.0,NVDA,948.4236054971707,8.48423605497169
2016-12-28,119.6,119.93,108.69,109.25,57394116,NVDA,-0.06878622570746673,98.3175,86.25280000000001,0.03295484652224514,67.17538759689924,115.04844815949721,81.58655184050278,1.0,NVDA,883.1851253031529,7.831851253031514
2016-12-29,104.9,111.49,102.8,111.43,54384182,NVDA,0.019954233409611,99.27900000000001,87.14920000000001,0.03270965008465141,71.43539527107716,116.72465202956988,81.83334797043014,0.0,NVDA,900.8084074373485,8.008084074373471
2016-12-30,111.35,111.92,106.3,106.74,30323259,NVDA,-0.042089203984564394,100.23400000000001,87.95460000000001,0.03203899565224836,66.61469933184856,117.07771430471736,83.39028569528266,0.0,NVDA,862.8940986257074,7.62894098625706
2017-01-03,104.4,106.37,99.38,102.01,37549876,NVDA,-0.04431328461682582,100.912,88.64020000000001,0.03429885781659309,63.10126582278482,116.82441633706846,84.99958366293156,1.0,NVDA,824.656426839127,7.246564268391257
2017-01-04,103.4,105.5,101.53,104.39,29980506,NVDA,0.023331045975884646,101.5375,89.37719999999999,0.033731823189346546,63.71369294605809,116.93003527217836,86.14496472782163,0.0,NVDA,843.8965238480196,7.438965238480181
2017-01-05,104.53,105.82,101.05,101.74,24607382,NVDA,-0.025385573330778843,101.955,89.99779999999998,0.03440220904593328,55.80425718674566,116.8623722489382,87.0476277510618,1.0,NVDA,822.4737267582861,7.224737267582849
2017-01-06,102.85,104.25,101.2,103.1,20571416,NVDA,0.013367407116178454,102.35650000000001,90.6224,0.034324776954746734,54.913812402059555,116.91147784264861,87.80152215735141,1.0,NVDA,833.4680679062247,7.3346806790622345
2017-01-09,103.5,108.0,103.5,107.28,22906225,NVDA,0.04054316197866159,103.0465,91.3248,0.03483501270077382,57.28525980911983,117.13047114303653,88.96252885696346,0.0,NVDA,867.2594987873889,7.672594987873875
2017-01-10,107.81,109.19,105.63,106.47,22022969,NVDA,-0.007550335570469802,103.779,92.0406,0.03451901943916732,55.177578091570396,116.89513373713905,90.66286626286094,0.0,NVDA,860.7113985448667,7.6071139854486525
2017-01-11,106.0,106.2,104.15,105.16,13141588,NVDA,-0.0123039353808585,104.5575,92.7326,0.034029702423589464,49.988766569310265,115.84899447010498,93.26600552989503,0.0,NVDA,850.1212611156022,7.501212611156008
2017-01-12,104.23,104.7,101.62,103.44,15640414,NVDA,-0.0163560289083301,105.171,93.37819999999999,0.03440130986106117,47.37766074171604,114.57548694702865,95.76651305297136,0.0,NVDA,836.2166531932094,7.362166531932081
2017-01-13,103.6,105.0,103.06,103.43,11445543,NVDA,-9.667440061866817e-05,105.52000000000001,94.0658,0.03225189028967987,45.84650112866818,114.03809220053598,97.00190779946404,0.0,NVDA,836.1358124494747,7.361358124494732
2017-01-17,103.0,103.2,100.57,101.11,14515259,NVDA,-0.022430629411196,105.64000000000001,94.7128,0.03242725108062298,40.136518771331055,113.8148523244341,97.46514767556593,1.0,NVDA,817.3807599029911,7.173807599029898
2017-01-18,100.24,103.23,99.11,102.95,16360615,NVDA,0.018198002175848105,105.76699999999998,95.4126,0.03245255459295553,31.21568627450982,113.67428671276589,97.85971328723407,1.0,NVDA,832.2554567502023,7.322554567502008
2017-01-19,103.07,106.46,102.98,105.16,16121778,NVDA,0.0214667314230208,105.9435,96.1644,0.0326757605988607,43.68632293917875,113.61607940570389,98.27092059429611,0.0,NVDA,850.1212611156022,7.501212611156008
2017-01-20,106.08,106.8,103.12,104.01,12300557,NVDA,-0.010935717002662493,105.88550000000001,96.8192,0.03186402548800471,38.169642857142854,113.6001217289665,98.17087827103352,1.0,NVDA,840.8245755860955,7.408245755860941
2017-01-23,103.8,105.9,103.7,105.09,9247639,NVDA,0.010383616959907638,105.84850000000002,97.49780000000001,0.03192027655535705,47.027027027027046,113.5713363347038,98.12566366529623,1.0,NVDA,849.5553759094583,7.49555375909457
2017-01-24,105.5,107.58,104.9,107.33,10701271,NVDA,0.02131506327909416,105.8595,98.24520000000001,0.03216771942695446,60.530482977038794,113.59052423935296,98.12847576064704,1.0,NVDA,867.663702506063,7.676637025060616
2017-01-25,109.05,109.3,106.3346,107.79,13084499,NVDA,0.0042858473865647895,105.75999999999999,99.0456,0.03167330564919375,57.28363324764354,113.32807699971886,98.19192300028112,1.0,NVDA,871.382376717866,7.713823767178644
2017-01-26,107.9,109.95,106.7,109.65,11469970,NVDA,0.017255775118285577,105.37650000000001,99.4792,0.027591111967737968,67.5388026607539,111.00756150598626,99.74543849401375,1.0,NVDA,886.4187550525467,7.86418755052545
2017-01-27,109.93,111.89,108.85,111.77,11799929,NVDA,0.019334245326037225,105.50250000000001,100.04180000000001,0.0232244685143557,68.5971685971686,111.59256740953016,99.41243259046986,0.0,NVDA,903.5569927243332,8.035569927243314
2017-01-30,110.92,111.01,107.9106,110.02,12400084,NVDA,-0.015657153082222375,105.43199999999999,100.5184,0.023091725198856043,56.56130268199234,111.26016248012411,99.60383751987587,0.0,NVDA,889.4098625707358,7.89409862570734
2017-01-31,108.95,110.05,108.2,109.18,9068865,NVDA,-0.007634975459007376,105.554,100.8694,0.02100761721670148,56.48015303682452,111.59568815725069,99.51231184274931,1.0,NVDA,882.619240097009,7.826192400970074
2017-02-01,110.58,114.12,109.86,113.95,14750082,NVDA,0.043689320388349495,106.151,101.30059999999999,0.02014023632513833,68.03446860894546,113.02105983272726,99.28094016727273,1.0,NVDA,921.1802748585288,8.21180274858527
2017-02-02,113.3,115.74,112.06,115.39,12081040,NVDA,0.012637121544537111,106.701,101.7412,0.019787530866477075,74.80282274802828,114.65345317992734,98.74854682007265,0.0,NVDA,932.8213419563461,8.328213419563443
2017-02-03,115.45,115.9,113.9,114.38,9318633,NVDA,-0.008752924863506428,107.333,102.1692,0.018756819654011155,71.82144280589876,115.6271224592123,99.0388775407877,1.0,NVDA,924.656426839127,8.246564268391252
2017-02-06,114.0,117.3261,114.0,117.31,12669205,NVDA,0.02561636649763943,108.0435,102.6424,0.019203399250010102,81.5175097276265,117.20049623238911,98.88650376761088,1.0,NVDA,948.3427647534357,8.48342764753434
2017-02-07,118.7,120.92,117.9,119.13,18655567,NVDA,0.015514448896087218,108.63600000000001,103.1456,0.017629472524706258,81.50311526479754,119.0343468321697,98.23765316783032,0.0,NVDA,963.055780113177,8.630557801131753
2017-02-08,118.4,119.31,116.38,118.61,11239487,NVDA,-0.004364979434231531,109.24300000000001,103.63459999999999,0.017520380600013503,78.03251354731142,120.49154909942138,97.99445090057864,0.0,NVDA,958.8520614389653,8.588520614389635
2017-02-09,118.86,119.06,115.6,116.38,21064178,NVDA,-0.018801112890987293,109.804,104.08,0.01792457921140648,74.67092142002393,121.31132745962961,98.2966725403704,0.0,NVDA,940.8245755860953,8.408245755860937
2017-02-10,119.93,120.7,112.6,113.62,41277341,NVDA,-0.02371541501976282,110.31300000000002,104.4874,0.018458689953838057,65.94392523364488,121.53204414729416,99.09395585270588,0.0,NVDA,918.5125303152789,8.185125303152773
2017-02-13,113.39,113.98,108.2,108.38,29518071,NVDA,-0.04611864108431618,110.5605,104.81099999999998,0.021694755436301758,51.76470588235294,121.35039483388523,99.77060516611478,1.0,NVDA,876.1519805982216,7.7615198059822
2017-02-14,107.99,110.15,106.29,108.78,21265787,NVDA,0.0036907178446208277,110.944,105.23380000000002,0.020881866438874117,51.667228022903316,120.82668533717792,101.06131466282208,1.0,NVDA,879.3856103476152,7.793856103476138
2017-02-15,108.9,109.8,107.76,109.0,9325512,NVDA,0.0020224305938592035,111.24650000000001,105.64480000000002,0.020609201108256127,48.84135472370765,120.44564704283917,102.04735295716085,0.0,NVDA,881.1641067097819,7.811641067097803
2017-02-16,109.39,109.44,105.66,107.25,16179386,NVDA,-0.016055045871559592,111.351,105.9522,0.020553323083342085,41.83526011560694,120.30319561424885,102.39880438575115,0.0,NVDA,867.0169765561844,7.670169765561829
2017-02-17,106.7,107.41,104.79,107.23,14093465,NVDA,-0.00018648018648015352,111.51200000000001,106.229,0.02035930527664926,44.62427745664741,120.01274324923773,103.0112567507623,1.0,NVDA,866.8552950687147,7.668552950687133
2017-02-21,108.23,111.23,108.22,111.07,13798783,NVDA,0.035810873822624156,111.81099999999999,106.54899999999999,0.021679700683250706,53.264248704663196,119.76365966764958,103.85834033235041,0.0,NVDA,897.8981406628941,7.978981406628925
2017-02-22,111.42,111.8,109.99,110.76,10844256,NVDA,-0.0027910326820922426,111.9825,106.8946,0.021273831565202038,43.487137607186604,119.67186072902287,104.29313927097714,0.0,NVDA,895.3920776071142,7.953920776071126
2017-02-23,105.5,106.39,99.68,100.49,39822213,NVDA,-0.09272300469483574,111.61749999999999,107.068,0.029960223847744966,27.641056422569008,120.70984235352314,102.52515764647684,1.0,NVDA,812.368633791431,7.123686337914295
2017-02-24,97.07,102.0,95.7,101.46,25747597,NVDA,0.009652701761369231,111.208,107.30539999999999,0.0297362569545648,30.588942307692307,121.35051832114311,101.06548167885688,1.0,NVDA,820.2101859337106,7.202101859337091
2017-02-27,102.2,105.02,101.56,104.41,17885019,NVDA,0.029075497733096922,110.84,107.57019999999999,0.03020503009267911,30.630630630630606,121.42125651676923,100.25874348323077,0.0,NVDA,844.0582053354891,7.440582053354877
2017-02-28,104.8,105.2,100.775,101.48,15633968,NVDA,-0.02806244612584996,110.41300000000001,107.6708,0.030604341296875635,24.353385643708222,121.79271251139909,99.03328748860093,1.0,NVDA,820.3718674211804,7.203718674211789
2017-03-01,103.79,104.37,101.11,102.79,12620139,NVDA,0.012908947575877017,110.09349999999999,107.7524,0.030805002907737,27.528409090909093,121.96707131571884,98.21992868428114,0.0,NVDA,830.9620048504447,7.309620048504431
2017-03-02,102.27,102.84,98.89,99.0,18858278,NVDA,-0.036871290981613014,109.346,107.7242,0.02968764845308394,26.3601741022851,122.05058748475852,96.64141251524148,0.0,NVDA,800.3233629749394,7.00323362974938
2017-03-03,98.57,98.77,96.22,98.43,21636424,NVDA,-0.005757575757575739,108.498,107.6602,0.029344050648907292,28.03008388776395,121.75599159196521,95.2400084080348,0.0,NVDA,795.7154405820535,6.9571544058205195
2017-03-06,96.96,98.1,95.17,97.67,22089169,NVDA,-0.007721223204307681,107.6625,107.5102,0.02934263044259564,32.203389830508485,121.45505768044526,93.86994231955472,1.0,NVDA,789.5715440582054,6.895715440582039
2017-03-07,97.67,99.53,97.15,98.74,15085007,NVDA,0.01095525749974402,106.734,107.36840000000001,0.02864814881573929,33.68010403120934,120.29019167139386,93.17780832860613,0.0,NVDA,798.2215036378335,6.98221503637832
2017-03-08,100.7,101.3,98.47,98.56,15967822,NVDA,-0.0018229694146242315,105.7055,107.1974,0.028151541405795264,33.007812499999986,118.39537408174391,93.01562591825609,0.0,NVDA,796.7663702506064,6.967663702506049
2017-03-09,97.91,99.45,97.4,98.54,11951471,NVDA,-0.00020292207792205197,104.702,106.97259999999999,0.028203284157404456,34.977578475336315,116.21477843825768,93.18922156174231,1.0,NVDA,796.6046887631367,6.966046887631352
2017-03-10,99.61,100.09,98.38,99.12,12493513,NVDA,0.005885934645829094,103.83899999999998,106.60860000000001,0.02828429072759924,36.27749576988154,114.19550804795509,93.48249195204488,1.0,NVDA,801.2934518997575,7.012934518997561
2017-03-13,99.54,102.25,99.51,101.85,19353402,NVDA,0.027542372881355748,103.25050000000002,106.4606,0.02905898205698678,33.790436005625864,112.55056785487363,93.9504321451264,0.0,NVDA,823.3629749393695,7.233629749393678
2017-03-14,102.37,102.75,100.47,101.78,13050415,NVDA,-0.0006872852233675841,102.92049999999999,106.26759999999999,0.027407460997637897,34.078014184397134,111.91764685769539,93.92335314230459,1.0,NVDA,822.7970897332256,7.22797089733224
2017-03-15,102.25,102.99,100.32,102.55,15375852,NVDA,0.007565337001375516,102.609,106.18379999999999,0.02746913343619644,55.50802139037435,111.17292654655138,94.04507345344861,1.0,NVDA,829.0218270008085,7.290218270008069
2017-03-16,102.98,103.83,102.41,103.81,13077495,NVDA,0.012286689419795271,102.3495,106.21979999999999,0.027654769411952992,56.18746708794106,110.39698662953984,94.30201337046017,1.0,NVDA,839.2077607113986,7.39207760711397
2017-03-17,104.52,106.12,103.81,106.07,27992169,NVDA,0.02177054233696163,102.2905,106.2534,0.02793924329286833,54.53551912568306,110.20287930813357,94.37812069186641,1.0,NVDA,857.4777687954729,7.574777687954713
2017-03-20,106.78,109.61,106.13,109.45,18714152,NVDA,0.03186574903365713,102.40149999999998,106.4076,0.028842820114266723,71.25333333333336,110.66034731347898,94.14265268652099,0.0,NVDA,884.8019401778497,7.84801940177848
2017-03-21,108.75,109.96,105.585,105.91,22837103,NVDA,-0.03234353586112382,102.14349999999999,106.4638,0.028592563915804958,57.43565300285985,109.53945985016509,94.74754014983489,1.0,NVDA,856.1843168957156,7.561843168957138
2017-03-22,105.46,108.26,105.3,108.07,15419106,NVDA,0.02039467472382217,102.009,106.4796,0.029024451952621183,73.43669250645998,108.81988262307127,95.19811737692874,0.0,NVDA,873.6459175424415,7.736459175424397
2017-03-23,107.75,108.5572,106.7,107.09,13348542,NVDA,-0.009068196539280038,102.339,106.492,0.01957037126319942,71.91295546558707,109.47194476724883,95.20605523275117,1.0,NVDA,865.7235246564269,7.657235246564252
2017-03-24,108.97,109.29,106.42,107.47,10987546,NVDA,0.003548417219161326,102.6395,106.5382,0.019514724503897393,75.28379772961821,110.1146982195152,95.16430178048479,1.0,NVDA,868.7954729183509,7.68795472918349
2017-03-27,105.58,108.405,103.575,108.25,12666100,NVDA,0.007257839397041055,102.8315,106.63439999999999,0.018571080253735557,74.90832896804616,110.68581902639635,94.97718097360367,0.0,NVDA,875.1010509296685,7.751010509296668
2017-03-28,108.3,108.89,107.27,107.69,10811109,NVDA,-0.005173210161662833,103.14200000000001,106.71960000000001,0.017283389884036705,73.44632768361583,111.25799226997576,95.02600773002426,0.0,NVDA,870.5739692805174,7.705739692805157
2017-03-29,107.99,108.49,107.25,107.34,8749791,NVDA,-0.0032500696443494848,103.36950000000002,106.8442,0.017178914523540038,72.22222222222226,111.6962924575775,95.04270754242253,1.0,NVDA,867.744543249798,7.6774454324979615
2017-03-30,107.63,110.0,107.4,109.4,13138349,NVDA,0.01919135457425014,103.8895,106.97319999999999,0.014867812814333541,74.1541353383459,112.36497415223792,95.41402584776208,0.0,NVDA,884.3977364591755,7.843977364591737
2017-03-31,109.01,109.89,108.4021,108.93,11020165,NVDA,-0.004296160877513722,104.4145,107.04860000000001,0.014815078980959026,68.61198738170353,112.76596246253598,96.06303753746403,0.0,NVDA,880.598221503638,7.8059822150363605
2017-04-03,108.95,109.65,107.42,108.38,11130813,NVDA,-0.005049114109978992,104.95,107.13600000000001,0.01470419668009543,66.9230769230769,112.84136236653656,97.05863763346345,0.0,NVDA,876.1519805982216,7.761519805982196
2017-04-04,103.4,104.42,100.34,100.78,31782004,NVDA,-0.07012363904779473,105.05199999999999,107.04979999999999,0.022288909503781783,46.63881503987847,112.65278001537305,97.45121998462693,0.0,NVDA,814.7130153597415,7.147130153597397
2017-04-05,100.015,102.37,99.5,100.03,18676232,NVDA,-0.0074419527684064235,105.12550000000002,106.90379999999999,0.02236515907703497,42.68009295120061,112.48660253469582,97.76439746530421,1.0,NVDA,808.6499595796281,7.0864995957962655
2017-04-06,100.24,101.25,98.41,100.76,15878004,NVDA,0.0072978106568029055,105.2365,106.7632,0.022407064468163047,39.06957595718405,112.23762855564165,98.23537144435836,0.0,NVDA,814.5513338722717,7.145513338722701
2017-04-07,101.02,101.73,99.72,100.33,10628889,NVDA,-0.004267566494640773,105.297,106.5768,0.022414114580648417,28.631677600749754,112.09350095734173,98.50049904265826,0.0,NVDA,811.0751818916734,7.110751818916718
2017-04-10,100.36,100.63,97.6,97.77,18908264,NVDA,-0.025515797867038836,105.093,106.2968,0.02222786135204599,30.0098231827112,112.53902500808599,97.64697499191402,1.0,NVDA,790.3799514955538,6.903799514955521
2017-04-11,96.55,98.8999,96.35,98.12,15453747,NVDA,0.0035798302137670657,104.91000000000001,106.0588,0.022259579693459302,23.180592991913798,112.86159831665705,96.95840168334297,0.0,NVDA,793.2093775262733,6.932093775262716
2017-04-12,98.12,98.7,97.1,97.31,10352296,NVDA,-0.008255197717081164,104.648,105.8214,0.022198180289309154,23.394994559303612,113.24604286175762,96.04995713824238,0.0,NVDA,786.661277283751,6.8666127728374935
2017-04-13,96.33,97.21,95.49,95.49,12672345,NVDA,-0.018703113760148105,104.232,105.45219999999999,0.022202139609654142,19.778002018163505,113.75599429695392,94.70800570304608,1.0,NVDA,771.9482619240097,6.71948261924008
2017-04-17,96.01,99.24,95.8,99.23,12432305,NVDA,0.039166404859147574,103.89000000000001,105.12899999999999,0.02356110089128694,30.20193151887625,113.62499601275785,94.15500398724218,1.0,NVDA,802.1827000808407,7.02182700080839
2017-04-18,98.65,99.54,97.6,99.29,9252944,NVDA,0.0006046558500454324,103.38199999999999,104.82719999999999,0.022114758584653286,31.149012567325002,112.95436504901318,93.8096349509868,1.0,NVDA,802.6677445432499,7.026677445432481
2017-04-19,100.0,100.98,99.41,99.68,9520659,NVDA,0.003927888004834346,103.07050000000001,104.47460000000001,0.021189680263299576,32.84050179211475,112.70177247427227,93.43922752572774,1.0,NVDA,805.8205335489088,7.05820533548907
2017-04-20,100.27,101.4464,99.41,101.26,10100358,NVDA,0.015850722311396392,102.72999999999999,104.1172,0.020950810801048304,31.364468864468904,112.09489300807127,93.36510699192871,1.0,NVDA,818.5933710590139,7.18593371059012
2017-04-21,100.84,101.79,100.36,101.68,8547390,NVDA,0.0041477384949635265,102.4595,103.77860000000001,0.020958954188815413,33.36392840752643,111.60407325412132,93.3149267458787,1.0,NVDA,821.9886822958772,7.219886822958754
2017-04-24,102.96,103.48,102.11,102.95,9295490,NVDA,0.012490165224232852,102.2335,103.51,0.021186103690587745,37.93869391381612,111.07507946118294,93.39192053881708,1.0,NVDA,832.2554567502023,7.322554567502003
2017-04-25,103.54,105.33,102.67,104.74,9710972,NVDA,0.017387081107333557,102.058,103.33240000000002,0.021535445529801557,61.85628742514966,110.52828887843866,93.58771112156136,0.0,NVDA,846.7259498787389,7.467259498787369
2017-04-26,105.29,105.39,103.94,104.02,8175145,NVDA,-0.006874164598052346,101.8745,103.24520000000001,0.021554391492531425,61.96760647870422,109.98231422942943,93.76668577057056,1.0,NVDA,840.9054163298302,7.409054163298283
2017-04-27,104.32,105.98,103.59,105.64,7992465,NVDA,0.015573928090751865,101.7895,103.1824,0.02188274228386809,63.895216400911124,109.68902556869826,93.88997443130175,0.0,NVDA,854.0016168148748,7.540016168148728
2017-04-28,105.36,105.64,104.07,104.3,8706157,NVDA,-0.012684589170768645,101.53450000000001,103.08840000000001,0.021525959600361157,60.74715755278829,108.69424558501184,94.37475441498817,1.0,NVDA,843.1689571544059,7.431689571544039
2017-05-01,104.74,106.85,104.45,106.64,7693333,NVDA,0.022435282837967474,101.42,103.07619999999999,0.02220546180117707,74.30136986301368,108.14160381863795,94.69839618136206,0.0,NVDA,862.0856911883591,7.620856911883571
2017-05-02,105.55,105.5955,102.56,103.48,15749327,NVDA,-0.029632408102025498,101.175,103.00120000000001,0.023113551327686124,62.72554605887938,107.1434486214895,95.2065513785105,1.0,NVDA,836.5400161681489,7.365400161681469
2017-05-03,103.2,104.64,102.6,104.25,8422633,NVDA,0.007441051410900679,101.3485,102.86480000000002,0.01671120155579488,66.50808753568029,107.46842182612541,95.2285781738746,0.0,NVDA,842.7647534357316,7.427647534357298
2017-05-04,104.5,104.95,103.53,103.85,5244692,NVDA,-0.003836930455635601,101.5395,102.7266,0.016625190326210813,71.3265306122449,107.7242570687935,95.3547429312065,1.0,NVDA,839.531123686338,7.3953112368633604
2017-05-05,103.38,104.15,102.75,103.86,5710736,NVDA,9.62927298988614e-05,101.6945,102.79400000000001,0.016582492280567625,64.58727158160048,107.95195694099546,95.43704305900455,0.0,NVDA,839.6119644300729,7.396119644300709
2017-05-08,104.34,104.4,102.31,102.77,9130990,NVDA,-0.010494896976699475,101.81649999999999,102.8202,0.016756932741222353,60.29585798816564,108.0570643300815,95.57593566991848,1.0,NVDA,830.800323362975,7.30800323362973
2017-05-09,103.0,104.93,102.66,102.94,21191792,NVDA,0.0016541792351854046,102.075,102.79080000000002,0.015521320714548665,59.77218225419661,108.03166278875499,96.11833721124502,1.0,NVDA,832.1746160064673,7.321746160064654
2017-05-10,114.29,121.82,114.02,121.29,53227434,NVDA,0.1782591801049156,103.2335,103.18700000000001,0.04222379396311,79.94020926756352,113.44464411858517,93.02235588141484,1.0,NVDA,980.5173807599031,8.80517380759901
2017-05-11,120.05,130.43,119.91,126.5,48494808,NVDA,0.04295490147580172,104.69300000000001,103.66120000000001,0.04251906987305554,82.45292887029287,118.90129868699756,90.48470131300246,1.0,NVDA,1022.6354082457559,9.226354082457537
2017-05-12,126.63,129.6,125.78,127.89,24065459,NVDA,0.010988142292490233,106.31300000000002,104.23899999999999,0.04183033175856248,82.50782064650676,123.23279482269493,89.3932051773051,1.0,NVDA,1033.872271624899,9.338722716248968
2017-05-15,129.56,134.41,129.38,134.31,27188548,NVDA,0.050199390100867936,108.06700000000001,104.9566,0.04223008454543596,84.39171900441963,128.7498696980703,87.3841303019297,1.0,NVDA,1085.7720291026678,9.857720291026656
2017-05-16,136.38,137.44,133.3635,136.81,28017471,NVDA,0.018613654977291283,109.94300000000001,105.73939999999999,0.042075709335232025,86.62050480232297,133.83176423848857,86.05423576151144,0.0,NVDA,1105.9822150363784,10.059822150363761
2017-05-17,134.1,134.86,127.55,127.72,31784158,NVDA,-0.0664425115123164,111.34499999999998,106.319,0.04598085101568024,71.13323124042878,135.97735997412187,86.71264002587812,1.0,NVDA,1032.4979789814067,9.324979789814044
2017-05-18,129.5,133.43,127.05,133.07,28900757,NVDA,0.04188850610710926,112.9355,107.0092,0.04642021823104742,75.57333333333332,138.8980320920661,86.9729679079339,1.0,NVDA,1075.7477768795472,9.75747776879545
2017-05-19,137.025,138.22,135.22,136.0,25459271,NVDA,0.022018486510859026,114.65150000000001,107.7584,0.04637821932280121,75.82688247712878,141.98239192990587,87.32060807009417,1.0,NVDA,1099.4341147938562,9.994341147938538
2017-05-22,137.77,139.48,137.33,138.9,20915225,NVDA,0.021323529411764852,116.449,108.554,0.046389087269154465,81.30081300813006,145.22979908184368,87.6682009181563,0.0,NVDA,1122.8779304769605,10.228779304769581
2017-05-23,139.7,139.79,135.71,137.03,17031247,NVDA,-0.013462922966162694,118.0635,109.2576,0.04685264287318664,78.4153952843273,147.68899774842754,88.43800225157246,1.0,NVDA,1107.7607113985448,10.077607113985426
2017-05-24,140.96,141.07,138.08,138.57,20434495,NVDA,0.01123841494563238,119.79100000000001,109.99340000000001,0.04659205924057487,79.51377082624956,149.99223587572257,89.58976412427744,0.0,NVDA,1120.2101859337106,10.202101859337084
2017-05-25,140.0,140.03,136.44,138.26,15205701,NVDA,-0.0022371364653244186,121.42199999999998,110.7076,0.04675861254121512,79.0933694181326,151.92720066100858,90.91679933899138,1.0,NVDA,1117.7041228779303,10.177041228779283
2017-05-26,137.93,145.28,137.11,141.84,19478497,NVDA,0.025893244611601363,123.299,111.4682,0.04637158144531498,81.70751501379645,153.9874644194041,92.61053558059592,1.0,NVDA,1146.645109135004,10.466451091350018
2017-05-30,143.7,146.2911,143.05,144.87,24741298,NVDA,0.021362098138747898,125.21049999999998,112.2442,0.04636490520276979,82.51900108577632,156.2899326812677,94.13106731873228,0.0,NVDA,1171.1398544866613,10.71139854486659
2017-05-31,146.69,147.0,142.05,144.35,22182894,NVDA,-0.0035894250017257656,127.25399999999999,112.94220000000001,0.045359107822976134,74.72126929674096,157.68515052220732,96.82284947779266,1.0,NVDA,1166.9361358124495,10.66936135812447
2017-06-01,144.99,145.03,142.52,144.36,12583467,NVDA,6.927606511952789e-05,129.25949999999997,113.7112,0.04547660241259035,71.54922779922778,158.57359395172398,99.94540604827597,0.0,NVDA,1167.0169765561845,10.67016976556182
2017-06-02,144.24,145.3,143.4,143.64,12186434,NVDA,-0.004987531172069959,131.249,114.4226,0.045505500537742695,69.31567328918317,158.63991428308177,103.85808571691823,1.0,NVDA,1161.1964430072755,10.611964430072732
2017-06-05,142.98,148.53,142.51,148.01,20434442,NVDA,0.030423280423280463,133.4565,115.24099999999999,0.045408389234604093,67.69111570247928,158.57540902340884,108.33759097659117,0.0,NVDA,1196.5238480194016,10.965238480193992
2017-06-06,147.82,149.69,146.8,147.34,18968189,NVDA,-0.004526721167488645,135.685,116.0384,0.04522509448927249,64.27216047709403,156.95432112345395,114.41567887654607,1.0,NVDA,1191.1075181891674,10.911075181891649
2017-06-07,148.33,149.88,147.7,149.12,15315293,NVDA,0.01208090131668249,137.994,116.8558,0.045073463334023095,86.17308992562535,153.55683481144717,122.43116518855282,1.0,NVDA,1205.4971705739695,11.054971705739668
2017-06-08,153.46,160.0,151.79,159.94,29043605,NVDA,0.07255901287553645,139.9265,117.9008,0.0287225620305506,88.3309557774607,156.33170363530303,123.52129636469697,0.0,NVDA,1292.9668552950689,11.92966855295066
2017-06-09,164.74,168.5,142.75,149.6,92323196,NVDA,-0.06464924346629985,141.0815,118.74599999999998,0.03285664040712328,66.01507300989164,156.74235334100257,125.42064665899744,1.0,NVDA,1209.3775262732418,11.093775262732393
2017-06-12,145.88,151.7,142.11,149.97,42438280,NVDA,0.0024732620320855325,142.1855,119.5574,0.032883834002247904,63.86175807663408,157.02222183256166,127.34877816743833,1.0,NVDA,1212.368633791431,11.123686337914284
2017-06-13,154.4,154.77,145.65,151.4,41812580,NVDA,0.009535240381409738,143.04,120.4068,0.03139405313652256,68.1944796150924,157.93535144724055,128.14464855275943,1.0,NVDA,1223.9288601455135,11.23928860145511
2017-06-14,151.52,154.06,148.5,151.72,29616036,NVDA,0.0021136063408189187,143.7855,121.27359999999999,0.03127496454713017,67.18055918473999,158.85937908025952,128.7116209197405,1.0,NVDA,1226.5157639450283,11.265157639450258
2017-06-15,146.96,153.6,146.5,152.37,24095612,NVDA,0.0042842077511204835,145.018,122.30539999999999,0.02629606418634071,68.27246827246826,158.50886178043925,131.52713821956075,0.0,NVDA,1231.770412287793,11.317704122877906
2017-06-16,152.76,154.7,150.24,151.62,23123950,NVDA,-0.004922228785193883,145.94549999999998,123.33720000000001,0.02529679042799297,63.66685299049747,158.49554713767492,133.39545286232504,1.0,NVDA,1225.70735650768,11.257073565076775
2017-06-19,153.41,157.53,153.26,157.32,19454439,NVDA,0.037593984962405846,147.0115,124.4684,0.02601781307162491,66.1898569570871,159.6262921108502,134.39670788914984,0.0,NVDA,1271.7865804365401,11.717865804365374
2017-06-20,159.03,161.74,156.92,157.09,27386086,NVDA,-0.0014619883040934978,147.921,125.6036,0.025885111094597724,66.69287211740041,160.69529639631943,135.14670360368055,1.0,NVDA,1269.9272433306387,11.699272433306362
2017-06-21,158.21,159.62,155.7,159.47,17066279,NVDA,0.015150550639760674,149.043,126.83759999999998,0.025512350500854947,68.64051320009867,161.73120770388036,136.35479229611965,0.0,NVDA,1289.1673403395312,11.891673403395286
2017-06-22,159.8,160.34,157.4,158.37,11728324,NVDA,-0.0068978491252272844,150.033,128.0426,0.02570975259760612,68.00293326814963,162.36535043973316,137.7006495602668,0.0,NVDA,1280.2748585286986,11.80274858528696
2017-06-23,158.68,159.32,153.22,153.83,27214702,NVDA,-0.028667045526299173,150.81149999999997,129.173,0.026863619601744066,57.083739045764396,161.91962936072957,139.70337063927036,0.0,NVDA,1243.57316087308,11.435731608730777
2017-06-26,155.16,156.6,148.33,152.15,26598996,NVDA,-0.010921146720405672,151.327,130.30620000000002,0.026667105795080075,55.713946305535764,161.60824526555476,141.04575473444524,0.0,NVDA,1229.9919159256267,11.299919159256241
2017-06-27,151.44,151.79,146.35,146.58,24987313,NVDA,-0.03660860992441661,151.4125,131.2532,0.027790456920192885,47.231909328683535,161.4941558268219,141.3308441731781,1.0,NVDA,1184.9636216653196,10.84963621665317
2017-06-28,149.32,151.94,145.75,151.75,24873679,NVDA,0.03527084186109963,151.78249999999997,132.3024,0.02879646172488196,39.82102908277404,161.30019515442666,142.26480484557328,0.0,NVDA,1226.7582861762328,11.267582861762303
2017-06-29,150.6,150.72,144.08,146.68,26610631,NVDA,-0.033410214168039465,151.8985,133.2424,0.02992056809166207,45.8237986270023,161.0861215924624,142.71087840753762,0.0,NVDA,1185.7720291026678,10.857720291026654
2017-06-30,147.38,147.93,143.5,144.56,18276526,NVDA,-0.014453231524406918,151.9445,134.1084,0.030098290611127537,42.63143557613729,160.96572987297287,142.92327012702714,0.0,NVDA,1168.6337914308813,10.686337914308789
2017-07-03,145.05,145.6537,138.58,139.33,17726821,NVDA,-0.036178749308245606,151.5105,134.8614,0.03032581834507646,35.10244384102688,162.03811276483333,140.9828872351667,1.0,NVDA,1126.3540824575587,10.263540824575566
2017-07-05,141.9,144.22,141.13,143.05,20504738,NVDA,0.02669920333022313,151.296,135.6634,0.031016370563546638,40.12753359143703,162.3433838770218,140.24861612297818,1.0,NVDA,1156.4268391269202,10.564268391269177
2017-07-06,141.87,145.3799,139.76,143.48,18657132,NVDA,0.003005941978329041,151.014,136.4382,0.03088070241217887,39.826047150377626,162.5714234972464,139.45657650275362,1.0,NVDA,1159.9029911075181,10.599029911075156
2017-07-07,145.78,147.5,144.85,146.76,16374302,NVDA,0.022860328965709442,150.355,137.293,0.02626433475297783,44.74253569883165,161.2537116573217,139.45628834267828,1.0,NVDA,1186.4187550525464,10.864187550525438
2017-07-10,149.74,154.0,148.6842,153.7,23962269,NVDA,0.04728808939765594,150.56,138.2542,0.024519579339109015,46.186262115465645,161.55274976374827,139.56725023625174,1.0,NVDA,1242.522231204527,11.425222312045241
2017-07-11,153.85,156.19,152.15,155.88,18948883,NVDA,0.01418347430058553,150.85549999999998,139.2858,0.024679873812073524,48.77555150779194,162.09640738985667,139.6145926101433,1.0,NVDA,1260.1455133387228,11.601455133387196
2017-07-12,158.3,163.0,156.56,162.51,28630213,NVDA,0.042532717474980775,151.411,140.4032,0.026247581848112878,52.83265001863585,163.80420509922857,139.01779490077143,0.0,NVDA,1313.7429264349232,12.1374292643492
2017-07-13,163.0,166.3,158.75,160.63,34228333,NVDA,-0.011568518860377797,151.8565,141.5462,0.026473187123407647,52.07567964731815,164.91898025936428,138.79401974063575,1.0,NVDA,1298.544866612773,11.985448666127697
2017-07-14,161.29,165.01,161.01,164.95,23548708,NVDA,0.02689410446367435,152.4855,142.7602,0.026999937393023875,60.2545186278126,166.80330705790288,138.16769294209712,0.0,NVDA,1333.4680679062246,12.334680679062217
2017-07-17,166.33,167.5,161.75,164.25,23269759,NVDA,-0.004243710215216634,153.11700000000002,143.9682,0.026988137537966382,61.363636363636374,168.35840220099834,137.8755977990017,1.0,NVDA,1327.8092158447857,12.278092158447828
2017-07-18,161.78,166.55,161.3,165.96,19415987,NVDA,0.010410958904109702,153.549,145.2102,0.025888062627709575,69.62332928311059,169.75147921250152,137.3465207874985,0.0,NVDA,1341.632983023444,12.41632983023441
2017-07-19,166.33,167.4,164.61,165.1,17176140,NVDA,-0.005181971559412024,153.9495,146.45680000000002,0.025935085589363294,64.81029509651654,170.89927407084227,136.99972592915773,1.0,NVDA,1334.6806790622475,12.346806790622445
2017-07-20,165.93,167.51,163.9121,167.5,17489889,NVDA,0.014536644457904258,154.351,147.748,0.025920068067196596,74.55188679245283,172.20754283743716,136.49445716256284,1.0,NVDA,1354.0824575586096,12.540824575586065
2017-07-21,166.67,169.3,166.09,168.1,16208257,NVDA,0.0035820895522387097,154.8375,148.6842,0.025819913625445785,78.79158512720157,173.6591872390942,136.01581276090582,0.0,NVDA,1358.9329021827002,12.589329021826968
2017-07-24,168.39,168.78,165.72,166.15,16313052,NVDA,-0.01160023795359899,155.45350000000002,149.47719999999998,0.024975987315321694,85.6648936170213,174.93133655445519,135.97566344554485,0.0,NVDA,1343.168957154406,12.431689571544027
2017-07-25,165.22,165.93,163.581,165.35,12413896,NVDA,-0.004814926271441533,156.1135,150.2264,0.024818822658178086,82.15109573241061,176.0100728601413,136.21692713985868,1.0,NVDA,1336.7016976556185,12.367016976556153
2017-07-26,167.68,169.927,165.85,167.26,16010113,NVDA,0.011551254913819253,157.14749999999998,150.8854,0.022885494605723027,82.8816371681416,177.10731950661892,137.18768049338104,0.0,NVDA,1352.1422797089733,12.521422797089702
2017-07-27,168.27,168.74,157.56,161.74,19571379,NVDA,-0.03300251106062402,157.647,151.38400000000001,0.02350931843930964,69.50520833333337,177.53797346192795,137.75602653807204,1.0,NVDA,1307.5181891673403,12.075181891673376
2017-07-28,160.29,165.38,159.28,164.39,12833737,NVDA,0.016384320514405637,158.5325,152.1174,0.02198715853786809,65.66989152741132,177.9386963788554,139.1263036211446,0.0,NVDA,1328.9409862570735,12.289409862570706
2017-07-31,164.94,166.4,160.62,162.51,13991802,NVDA,-0.01143621874809897,159.43,152.7062,0.021849769253227076,59.80479148181012,177.74497402903359,141.11502597096643,1.0,NVDA,1313.7429264349232,12.137429264349203
2017-08-01,162.125,164.56,161.0,164.49,10784578,NVDA,0.01218386560827045,160.68800000000002,153.276,0.019471817883868182,53.3950617283951,176.4712297408546,144.90477025914544,0.0,NVDA,1329.749393694422,12.297493936944193
2017-08-02,165.75,165.91,161.27,164.39,11961082,NVDA,-0.0006079396923827085,161.755,153.7858,0.019083011274768406,56.86632578524468,175.2348883331298,148.2751116668702,1.0,NVDA,1328.9409862570735,12.289409862570706
2017-08-03,164.37,166.63,163.68,166.48,11060541,NVDA,0.012713668714642079,162.905,154.3748,0.01909557026458047,53.04174950298211,173.41825078675612,152.39174921324388,1.0,NVDA,1345.8367016976556,12.458367016976526
2017-08-04,167.4,170.07,166.48,167.21,14727353,NVDA,0.004384911100432598,163.9275,154.9476,0.018764183241323437,55.87768069896744,171.35393890009252,156.5010610999075,1.0,NVDA,1351.7380759902994,12.517380759902963
2017-08-07,168.39,172.37,168.0,172.35,17935280,NVDA,0.030739788290173875,164.85999999999999,155.6294,0.01717853237026126,61.167423977630165,171.52361052756856,158.1963894724314,0.0,NVDA,1393.2902182700082,12.93290218270005
2017-08-08,173.89,174.56,168.71,170.3,18883354,NVDA,-0.011894400928343374,165.581,156.1986,0.017501917622860654,58.72483221476513,171.19065295858437,159.9713470414156,1.0,NVDA,1376.7178658043656,12.767178658043624
2017-08-09,168.43,172.21,167.67,172.11,13269623,NVDA,0.010628302994715177,166.06099999999998,156.7434,0.015157399965055343,57.89113317357072,172.1836547389671,159.93834526103285,0.0,NVDA,1391.3500404203721,12.913500404203688
2017-08-10,172.16,172.66,164.33,164.74,33202199,NVDA,-0.042821451397362154,166.2665,157.1512,0.018068074248843116,45.33073929961091,171.8760305179261,160.65696948207392,0.0,NVDA,1331.7704122877933,12.3177041228779
2017-08-11,157.14,159.0,152.91,155.96,37429859,NVDA,-0.05329610295010323,165.817,157.3832,0.020807516035355966,38.09857509927587,173.07056130317463,158.5634386968254,1.0,NVDA,1260.7922392886016,11.607922392885985
2017-08-14,159.67,168.55,159.2,168.4,31975541,NVDA,0.07976404206206711,166.0245,157.8784,0.027770253767064074,52.80073461891645,173.32659047212664,158.72240952787334,0.0,NVDA,1361.3581244947454,12.61358124494742
2017-08-15,168.61,169.67,165.59,166.98,19113263,NVDA,-0.008432304038004879,166.07549999999998,158.2578,0.02777563855272645,49.7405485544848,173.38993122945942,158.76106877054053,0.0,NVDA,1349.8787388843978,12.498787388843942
2017-08-16,167.59,168.54,163.84,165.15,14915786,NVDA,-0.010959396334890292,166.078,158.614,0.027869576999355293,53.39168490153172,173.3910614224404,158.7649385775596,0.0,NVDA,1335.0848827809218,12.350848827809182
2017-08-17,164.81,165.5,161.38,161.47,13136065,NVDA,-0.02228277323645178,165.7765,158.861,0.028100358554686424,47.15399610136454,173.3357766988973,158.2172233011027,1.0,NVDA,1305.3354890864996,12.053354890864963
2017-08-18,163.67,164.36,159.64,161.5,15030107,NVDA,0.00018579302656851482,165.44650000000001,158.8922,0.028078533337002252,48.97876643073813,173.15349552354647,157.73950447645356,0.0,NVDA,1305.578011317704,12.05578011317701
2017-08-21,162.49,162.95,157.37,159.15,15591767,NVDA,-0.014551083591331282,165.09650000000002,159.0832,0.028141359710284936,44.6407065435568,173.28944246994052,156.90355753005952,1.0,NVDA,1286.5804365400163,11.86580436540013
2017-08-22,160.49,162.79,159.71,162.55,11261403,NVDA,0.02136349355953504,164.9565,159.3348,0.0285977869914292,48.26807228915665,173.22653283898316,156.68646716101685,1.0,NVDA,1314.0662894098627,12.140662894098593
2017-08-23,161.2,166.25,160.85,165.8,14487996,NVDA,0.019993848046754747,164.8835,159.62279999999998,0.028845793956999093,49.37361827560798,173.09347666513557,156.67352333486443,0.0,NVDA,1340.3395311236866,12.40339531123683
2017-08-24,167.1,167.28,164.12,165.19,11742501,NVDA,-0.0036791314837153477,165.056,159.8922,0.027809177480198802,48.13515509601181,173.1317581361535,156.98024186384652,0.0,NVDA,1335.408245755861,12.354082457558576
2017-08-25,166.17,166.58,163.55,163.81,8930022,NVDA,-0.008354016586960444,165.027,160.121,0.027658263736967878,41.52777777777779,173.1169810682211,156.93701893177888,1.0,NVDA,1324.2522231204528,12.242522231204495
2017-08-28,164.58,165.1,162.33,164.97,9737393,NVDA,0.007081374763445503,165.15,160.388,0.027558625975930725,44.61724904059785,173.153188838139,157.14681116186102,0.0,NVDA,1333.6297493936945,12.336297493936913
2017-08-29,162.59,165.58,162.261,164.7,8102357,NVDA,-0.0016366612111293755,165.1605,160.5356,0.027439299650029097,42.276422764227625,173.1605933547163,157.16040664528373,1.0,NVDA,1331.4470493128538,12.314470493128505
2017-08-30,165.5,166.13,164.27,165.68,9610039,NVDA,0.005950212507589647,165.225,160.7074,0.02746558002604165,51.13035113035114,173.21973642631707,157.23026357368292,1.0,NVDA,1339.3694421988685,12.393694421988652
2017-08-31,166.5,169.6,166.2,169.44,15317105,NVDA,0.022694350555287235,165.373,160.9068,0.027783324967473527,68.43544857768049,173.57252784263034,157.17347215736964,1.0,NVDA,1369.765561843169,12.697655618431657
2017-09-01,169.95,171.9,169.6,170.46,11135787,NVDA,0.006019830028328732,165.5355,161.1486,0.027795455476355948,54.097056483691325,174.01244203800843,157.0585579619916,0.0,NVDA,1378.011317704123,12.780113177041198
2017-09-05,168.38,168.5843,163.5625,165.91,17417392,NVDA,-0.02669247917399986,165.2135,161.3902,0.027562430973756425,48.10753448885746,173.06685670773413,157.3601432922659,0.0,NVDA,1341.2287793047697,12.412287793047664
2017-09-06,167.24,167.8,164.4,165.81,9941783,NVDA,-0.0006027364233620602,164.989,161.6634,0.027454736001232,51.24340617935192,172.47839713686287,157.49960286313714,1.0,NVDA,1340.4203718674212,12.40420371867418
2017-09-07,166.49,167.89,164.95,166.58,8821702,NVDA,0.00464386948917439,164.7125,162.0634,0.02735397257300678,60.812526449428695,171.46724375219816,157.95775624780185,0.0,NVDA,1346.645109135004,12.46645109135001
2017-09-08,166.11,166.71,162.71,163.69,12471422,NVDA,-0.017349021491175454,164.66,162.3022,0.02587079675401592,54.13363533408832,171.43014809757685,157.88985190242315,1.0,NVDA,1323.2821341956346,12.232821341956315
2017-09-11,165.54,169.4325,165.32,169.0,14186078,NVDA,0.032439367096340765,165.31199999999998,162.7486,0.023577603754220418,66.72325976230894,170.9755365555238,159.64846344447616,1.0,NVDA,1366.2085691188358,12.662085691188329
2017-09-12,170.0,170.0,166.97,169.61,10287203,NVDA,0.003609467455621296,165.3725,163.24960000000002,0.015517005204486288,63.2408102025506,171.19845237301135,159.54654762698866,1.0,NVDA,1371.1398544866615,12.711398544866583
2017-09-13,168.59,171.54,167.28,170.37,14523973,NVDA,0.004480867873356553,165.542,163.87040000000002,0.015395173310823587,59.45386843194038,171.7496272270038,159.3343727729962,0.0,NVDA,1377.2837510105096,12.772837510105063
2017-09-14,168.79,172.56,167.8,169.4,12842837,NVDA,-0.005693490638023158,165.7545,164.3974,0.01522180710508781,58.58132898491642,172.19233054337624,159.31666945662377,1.0,NVDA,1369.4421988682298,12.694421988682265
2017-09-15,172.86,180.11,172.65,180.11,34119764,NVDA,0.06322314049586786,166.6865,165.13,0.019602992109198893,74.06969875959831,175.47905492477742,157.89394507522258,1.0,NVDA,1456.022635408246,13.560226354082426
2017-09-18,185.14,191.2,184.86,187.55,42111516,NVDA,0.04130808950086062,167.98899999999998,165.9458,0.02109856080019612,78.12655705032384,180.48467150319473,155.49332849680522,0.0,NVDA,1516.1681487469687,14.161681487469652
2017-09-19,185.51,189.85,184.615,187.35,21856994,NVDA,-0.0010663822980538917,169.39900000000003,166.61880000000002,0.020558193150882004,78.26303968055898,183.89859694539513,154.89940305460493,0.0,NVDA,1514.5513338722717,14.145513338722683
2017-09-20,187.5,189.42,184.21,185.84,18122991,NVDA,-0.008059781158259893,170.5635,167.218,0.020633327537660937,74.82758620689651,186.42413286053886,154.70286713946115,0.0,NVDA,1502.3443815683106,14.023443815683072
2017-09-21,181.64,182.7,177.61,180.76,26889994,NVDA,-0.027335342229875215,171.3115,167.583,0.02173891452358744,63.50190839694653,187.63065925981886,154.99234074018113,0.0,NVDA,1461.2772837510106,13.612772837510073
2017-09-22,180.3,182.31,178.6,179.0,12280771,NVDA,-0.009736667404292909,172.002,167.9504,0.02190118005958298,60.00937646507265,188.3990505691842,155.60494943081582,0.0,NVDA,1447.0493128536784,13.470493128536752
2017-09-25,177.75,177.8,170.16,171.0,21864476,NVDA,-0.04469273743016755,172.3615,168.07139999999998,0.024369740778933276,55.51941010626762,188.31149326843496,156.41150673156505,1.0,NVDA,1382.3767178658045,12.823767178658015
2017-09-26,176.45,178.68,170.35,171.96,28140511,NVDA,0.0056140350877194045,172.711,168.2256,0.02435720365035564,56.54673195656802,188.2808411579622,157.14115884203784,1.0,NVDA,1390.1374292643493,12.901374292643466
2017-09-27,175.62,176.27,172.75,175.73,17842967,NVDA,0.021923703186787602,173.2625,168.42100000000002,0.024720967049163965,59.15549329597756,188.413320544045,158.11167945595497,0.0,NVDA,1420.6143896523847,13.20614389652382
2017-09-28,176.02,176.18,173.76,175.68,10881065,NVDA,-0.00028452739998852117,173.7625,168.6326,0.02472820298193884,62.72013579461066,188.51448452305257,159.0105154769474,1.0,NVDA,1420.2101859337108,13.202101859337079
2017-09-29,179.08,179.73,177.25,178.77,15477293,NVDA,0.017588797814207746,174.22899999999998,168.858,0.024542259318353105,60.87731017590739,188.99552387559044,159.46247612440953,1.0,NVDA,1445.189975747777,13.451899757477742
2017-10-02,180.8,181.98,177.0,179.0,12586960,NVDA,0.0012865693348995677,174.656,169.076,0.024534090459914552,60.54345385133617,189.4574869807755,159.8545130192245,1.0,NVDA,1447.0493128536784,13.470493128536756
2017-10-03,179.25,180.58,177.58,179.37,9758268,NVDA,0.002067039106145252,175.329,169.34040000000002,0.023541562802125465,60.19483461712733,189.67304171185862,160.9849582881414,1.0,NVDA,1450.0404203718676,13.500404203718647
2017-10-04,179.62,181.77,178.14,180.87,10696220,NVDA,0.008362602441879918,176.08200000000002,169.65079999999998,0.02353128990082003,62.83859413476606,189.89329149035456,162.2707085096455,0.0,NVDA,1462.166531932094,13.621665319320911
2017-10-05,181.86,182.0,179.56,180.77,10934105,NVDA,-0.0005528832863381794,176.7915,169.921,0.02355964629521525,50.96887844979448,189.99191829480625,163.59108170519377,1.0,NVDA,1461.3581244947457,13.613581244947428
2017-10-06,179.65,181.84,179.0,181.3,7969957,NVDA,0.0029319024174365715,177.672,170.31220000000002,0.023006189083567996,38.48987108655617,189.46730789852526,165.87669210147473,1.0,NVDA,1465.6426839126923,13.656426839126894
2017-10-09,182.79,186.73,182.03,185.39,14087272,NVDA,0.02255929398786538,178.49150000000003,170.7322,0.02249475259539123,46.84278350515462,190.02448660364956,166.9585133963505,1.0,NVDA,1498.7065481002426,13.987065481002398
2017-10-10,191.43,192.95,187.26,188.93,24371902,NVDA,0.01909488106154611,179.4575,171.2606,0.022714272529458637,54.67190807378289,191.0942347111121,167.8207652888879,1.0,NVDA,1527.3241713823768,14.273241713823742
2017-10-11,189.6,191.0,187.74,190.94,13237734,NVDA,0.010638860953792406,180.48600000000002,171.78959999999998,0.022739299861745745,66.96666666666671,192.37428242208802,168.59771757791202,1.0,NVDA,1543.57316087308,14.435731608730775
2017-10-12,191.08,193.09,189.9301,191.03,13207315,NVDA,0.0004713522572536988,181.5675,172.32240000000002,0.0226144744830526,71.23190963642784,193.14067383570884,169.99432616429115,1.0,NVDA,1544.3007275666937,14.443007275666913
2017-10-13,193.55,195.0,191.65,194.59,15718233,NVDA,0.018635816363921975,182.29149999999998,172.88459999999998,0.01853370691725167,99.37212222687326,195.21381733332353,169.36918266667644,1.0,NVDA,1573.0800323362976,14.730800323362953
2017-10-16,195.8,198.048,193.24,197.93,14415958,NVDA,0.017164294156945425,182.8105,173.49900000000002,0.016671040838623537,99.42900647126008,197.3541439001611,168.2668560998389,0.0,NVDA,1600.080840743735,15.000808407437326
2017-10-17,197.09,198.9,196.35,197.75,11964867,NVDA,-0.0009094124185318186,183.33049999999997,174.007,0.01666914650439301,98.54497354497362,199.23734787987988,167.42365212012007,0.0,NVDA,1598.6257073565077,14.986257073565055
2017-10-18,198.11,198.14,193.32,197.58,14182907,NVDA,-0.0008596713021491453,183.91750000000002,174.5526,0.0164982645091908,98.02631578947373,201.03468972876337,166.80031027123667,1.0,NVDA,1597.2514147130155,14.972514147130132
2017-10-19,194.44,198.0,192.4501,197.8,14269253,NVDA,0.0011134730235853318,184.7695,175.0664,0.014873559941597597,97.74209734069248,202.89175903775612,166.64724096224387,0.0,NVDA,1599.029911075182,14.990299110751797
2017-10-20,198.49,199.59,196.54,196.9,11290462,NVDA,-0.0045500505561173465,185.6645,175.7096,0.014653641772756736,93.4466019417476,204.34642875763146,166.98257124236855,0.0,NVDA,1591.7542441390462,14.917542441390438
2017-10-23,197.78,198.85,195.8,196.62,10717376,NVDA,-0.0014220416455053009,186.94549999999998,176.5228,0.009085797061334505,92.05265724037056,204.89264400384332,168.99835599615665,1.0,NVDA,1589.4907033144707,14.894907033144683
2017-10-24,196.99,198.75,195.94,198.68,10181132,NVDA,0.010477062353778877,188.2815,177.1284,0.009110560741070034,92.26388229710491,205.4947767301704,171.0682232698296,0.0,NVDA,1606.143896523848,15.061438965238459
2017-10-25,197.08,199.22,191.17,193.66,20704030,NVDA,-0.0252667606200927,189.178,177.662,0.011029141815818095,74.79799923047322,205.48249805550776,172.87350194449223,1.0,NVDA,1565.5618431689572,14.655618431689549
2017-10-26,194.78,196.16,193.81,195.69,8068563,NVDA,0.010482288546938001,190.1785,178.27280000000002,0.01102412499785707,76.17315387413602,205.4163631945819,174.94063680541814,1.0,NVDA,1581.9725141471301,14.81972514147128
2017-10-27,197.8,201.87,196.75,201.86,14304835,NVDA,0.03152945985998268,191.33300000000003,179.08059999999998,0.012208127359406141,77.84917145755833,206.42960414934618,176.23639585065388,1.0,NVDA,1631.8512530315281,15.318512530315257
2017-10-30,201.86,206.0899,201.22,203.84,12601417,NVDA,0.009808778361240389,192.575,179.92739999999998,0.012177664776709583,76.61549446626202,207.4854788302495,177.6645211697505,1.0,NVDA,1647.857720291027,15.478577202910245
2017-10-31,205.13,207.89,204.9,206.81,10297707,NVDA,0.014570251177393967,193.947,180.88060000000002,0.012254011669984723,77.39040386606833,208.79107959246102,179.102920407539,1.0,NVDA,1671.867421180275,15.718674211802725
2017-11-01,209.35,209.97,204.6,207.2,12564446,NVDA,0.0018857888883516694,195.2635,181.77360000000002,0.012307524448265397,77.6221387085753,209.89308397796634,180.63391602203365,0.0,NVDA,1675.0202101859336,15.750202101859315
2017-11-02,206.0,207.81,203.65,205.94,8557738,NVDA,-0.0060810810810810745,196.522,182.5764,0.012543301568734682,71.04189840563588,210.20154385204228,182.8424561479577,1.0,NVDA,1664.8342764753438,15.648342764753416
2017-11-03,207.2,208.69,205.341,208.69,8841024,NVDA,0.01335340390404971,197.8915,183.44640000000004,0.012598644361056439,70.39423805913569,210.60458861391325,185.17841138608676,1.0,NVDA,1687.0654810024253,15.87065481002423
2017-11-06,207.2,209.98,206.7,209.63,9748616,NVDA,0.004504288657817712,199.1035,184.3628,0.012071053558604253,71.88651436993368,211.4138162129616,186.7931837870384,1.0,NVDA,1694.6645109135006,15.94664510913498
2017-11-07,210.55,212.9,210.0556,212.03,10692542,NVDA,0.011448743023422248,200.2585,185.304,0.011759284404271828,74.59993190330266,212.8805129764984,187.6364870235016,0.0,NVDA,1714.0662894098625,16.140662894098604
2017-11-08,211.85,212.0,207.2401,209.16,13074705,NVDA,-0.013535820402773235,201.1695,186.1932,0.012462529611714459,67.73891317926294,213.58808619802758,188.75091380197242,0.0,NVDA,1690.864995957963,15.908649959579606
2017-11-09,205.27,206.33,200.37,205.32,23432127,NVDA,-0.018359150889271425,201.88400000000001,186.98600000000002,0.013465101352862456,62.04233409610982,213.46218347719213,190.3058165228079,1.0,NVDA,1659.8221503637835,15.59822150363781
2017-11-10,213.08,218.67,211.63,216.14,31331374,NVDA,0.052698227157607525,202.9615,187.92,0.01711361510866366,71.45054945054943,215.64027675487446,190.28272324512554,0.0,NVDA,1747.291835084883,16.4729183508488
2017-11-13,216.14,217.17,212.01,212.63,14559413,NVDA,-0.01623947441473117,203.69650000000001,188.7634,0.01753026285858949,64.85623003194888,216.84286996124177,190.55013003875825,1.0,NVDA,1718.916734033953,16.189167340339505
2017-11-14,213.0,214.8,211.23,214.18,13232319,NVDA,0.00728965809152049,204.518,189.72879999999998,0.017511858206985042,73.5970561177553,218.144399454926,190.891600545074,0.0,NVDA,1731.4470493128538,16.31447049312851
2017-11-15,211.95,212.0,207.8,209.98,12548731,NVDA,-0.019609674105892316,205.138,190.6122,0.01827883357283334,65.65169769989046,218.56212376832516,191.71387623167485,1.0,NVDA,1697.49393694422,15.974939369442172
2017-11-16,212.98,214.2,211.25,211.61,11044183,NVDA,0.007762644061339197,205.8285,191.5128,0.01829924960869204,61.85842860617854,219.08300036779747,192.57399963220251,0.0,NVDA,1710.6709781729994,16.106709781729965
2017-11-17,213.92,215.35,210.75,211.36,12891568,NVDA,-0.0011814186475119781,206.55149999999998,192.4662,0.0182362878395379,59.54799390553581,219.3241126000721,193.77888739992784,1.0,NVDA,1708.6499595796283,16.086499595796255
2017-11-20,211.99,214.57,210.5,214.08,9902511,NVDA,0.012869038607115746,207.4245,193.3678,0.018304646095803217,59.2895476616407,219.71668232519073,195.13231767480926,1.0,NVDA,1730.6386418755053,16.306386418755025
2017-11-21,215.69,216.52,214.4,216.05,9979358,NVDA,0.009202167414050777,208.29299999999998,194.29660000000004,0.01828465268909296,60.86956521739132,220.4374067264228,196.14859327357715,0.0,NVDA,1746.5642683912695,16.465642683912662
2017-11-22,217.0,217.0,213.61,214.93,8915998,NVDA,-0.005183985188613738,209.3565,195.18779999999998,0.017084244239179067,61.07961547941829,219.6966705676629,199.01632943233713,1.0,NVDA,1737.5101050929673,16.37510105092964
2017-11-24,215.59,217.0,214.6,216.96,4518800,NVDA,0.009444935560414924,210.42,196.139,0.017069445066768937,60.37641154328733,219.08068187420918,201.7593181257908,0.0,NVDA,1753.92077607114,16.539207760711367
2017-11-27,217.31,217.36,214.01,214.14,10572364,NVDA,-0.012997787610619538,211.03400000000002,196.81959999999998,0.016358533865309367,55.40378624490772,218.83831837274067,203.22968162725937,0.0,NVDA,1731.1236863379143,16.31123686337911
2017-11-28,214.35,214.73,208.24,210.71,12818804,NVDA,-0.01601755860651899,211.3775,197.28280000000004,0.01681266627956364,48.456501403180546,218.41576496262746,204.33923503737253,0.0,NVDA,1703.3953112368636,16.033953112368604
2017-11-29,210.01,210.1226,191.23,196.42,34919741,NVDA,-0.06781832850837655,210.858,197.4642,0.022610466813302862,38.24289405684755,220.40311415387296,201.31288584612705,1.0,NVDA,1587.8738884397735,14.878738884397707
2017-11-30,199.2,202.68,196.65,200.71,20594199,NVDA,0.021840953059770074,210.5335,197.7616,0.02323780220062003,45.78070657148089,220.99911945258165,200.06788054741835,0.0,NVDA,1622.554567502021,15.225545675020182
2017-12-01,199.31,200.13,192.47,197.68,20288748,NVDA,-0.015096407752478669,210.1205,198.1,0.023421517055922374,30.294619982920636,221.91670362658851,198.32429637341147,0.0,NVDA,1598.059822150364,14.98059822150361
2017-12-04,200.05,200.3,184.5,186.66,31021123,NVDA,-0.05574666127074068,209.019,198.2532,0.026023516591875684,26.108555657773735,224.81405039061434,193.22394960938567,1.0,NVDA,1508.9733225545676,14.089733225545649
2017-12-05,182.4,192.7,180.58,187.74,24537194,NVDA,0.005785920925747368,207.9245,198.588,0.026050328827361025,25.46399406087606,226.3550872482602,189.4939127517398,1.0,NVDA,1517.7041228779306,14.177041228779279
2017-12-06,185.7,190.14,184.84,189.26,11675760,NVDA,0.008096303398316795,206.786,198.93400000000003,0.02594833785164999,29.76562500000003,226.88625336315692,186.68574663684308,1.0,NVDA,1529.9919159256267,14.29991915925624
2017-12-07,191.96,193.6,190.12,191.99,13564988,NVDA,0.014424601077882349,205.9275,199.2592,0.026235148401114756,31.242829827915884,227.04193095934122,184.8130690406588,0.0,NVDA,1552.0614389652387,14.52061438965236
2017-12-08,194.01,194.78,191.15,191.49,11671856,NVDA,-0.002604302307411821,205.23600000000002,199.5754,0.026015071894603732,31.09419600380592,227.3179053335042,183.15409466649584,1.0,NVDA,1548.0194017784966,14.480194017784939
2017-12-11,192.06,194.78,191.42,194.66,9318741,NVDA,0.016554389263146785,204.162,199.8932,0.023013178916257163,31.679245283018886,226.09987937743514,182.22412062256487,0.0,NVDA,1573.6459175424416,14.736459175424386
2017-12-12,192.9,193.84,189.89,190.84,11375445,NVDA,-0.019623959724648032,203.0725,200.13,0.023112705153450874,27.019143117593444,225.40050259763393,180.74449740236605,0.0,NVDA,1542.7647534357318,14.42764753435729
2017-12-13,192.5,192.55,185.88,186.18,13856992,NVDA,-0.02441836093062244,201.6725,200.2662,0.023302629908942683,25.38105840041105,224.57202228874178,178.77297771125825,1.0,NVDA,1505.0929668552951,14.050929668552925
2017-12-14,185.92,189.34,184.6,186.47,10954056,NVDA,0.0015576323987538387,200.497,200.3782,0.023166487547413652,23.0891438658429,224.00650096853238,176.98749903146765,1.0,NVDA,1507.4373484236055,14.074373484236029
2017-12-15,188.251,192.38,185.62,191.56,16750878,NVDA,0.027296616077653324,199.4945,200.59400000000002,0.024152837708458223,30.83842498302785,222.71690340705396,176.272096592946,1.0,NVDA,1548.5852869846403,14.485852869846378
2017-12-18,193.2,198.02,192.0,197.9,11942558,NVDA,0.033096679891417846,198.8215,200.926,0.025587800817137265,39.640950994662795,221.36630383591643,176.27669616408355,0.0,NVDA,1599.8383185125303,14.998383185125277
2017-12-19,197.52,197.73,194.96,196.11,9327493,NVDA,-0.009044972208185897,197.923,201.1404,0.02534200800924985,49.685789580377076,219.30995234310558,176.53604765689443,1.0,NVDA,1585.3678253839937,14.853678253839911
2017-12-20,197.7,198.07,194.55,196.8,7220456,NVDA,0.0035184335322013816,196.9605,201.2978,0.025216987518997556,45.72490706319703,216.57146951359397,177.34953048640602,0.0,NVDA,1590.945836701698,14.909458367016953
2017-12-21,196.94,197.95,195.55,195.89,7522626,NVDA,-0.004623983739837523,196.0085,201.3968,0.025216319898176656,47.94771841320796,213.70131778159111,178.31568221840888,0.0,NVDA,1583.5893290218269,14.835893290218245
2017-12-22,194.4,195.65,191.25,195.27,11656871,NVDA,-0.0031650416049823216,194.924,201.4816,0.02501087483508835,62.96296296296299,209.61361165335123,180.23438834664879,1.0,NVDA,1578.577202910267,14.785772029102644
2017-12-26,193.03,197.75,191.82,197.44,8877033,NVDA,0.011112818149229264,194.089,201.5386,0.0251829938050669,64.1399416909621,205.76991903377646,182.40808096622354,0.0,NVDA,1596.1196443007277,14.961196443007251
2017-12-27,196.9,199.97,196.31,197.17,8237223,NVDA,-0.0013675040518639214,193.41199999999998,201.5234,0.025019728700008504,61.96671709531014,202.2637226393605,184.56027736063945,1.0,NVDA,1593.936944219887,14.939369442198844
2017-12-28,198.13,199.38,197.1514,197.4,6006248,NVDA,0.0011665060607597422,193.46099999999998,201.5164,0.019832591084908514,58.854337152209496,202.39331601957977,184.5286839804202,0.0,NVDA,1595.7962813257882,14.957962813257858
2017-12-29,198.46,198.46,193.5,193.5,6999116,NVDA,-0.019756838905775065,193.10049999999998,201.4348,0.019650266643837334,52.960235640647994,201.35741537917792,184.84358462082204,1.0,NVDA,1564.2683912691998,14.642683912691973
2018-01-02,195.78,199.5,194.5,199.35,8890417,NVDA,0.03023255813953485,193.18400000000003,201.46580000000003,0.0206075468377988,56.4018564018564,201.66660238121844,184.7013976187816,1.0,NVDA,1611.5602263540825,15.1156022635408
2018-01-03,204.1,213.7,203.75,212.47,22867591,NVDA,0.06581389515926772,194.4745,201.77720000000002,0.021028601551203212,73.54670150228608,206.06272900959866,182.88627099040136,1.0,NVDA,1717.623282134196,16.176232821341934
2018-01-04,215.76,218.05,212.69,213.59,14581720,NVDA,0.005271332423401054,195.767,202.1166,0.0210300968985822,82.33073838169378,209.71805142236346,181.81594857763653,1.0,NVDA,1726.6774454324982,16.26677445432496
2018-01-05,214.19,216.91,211.08,215.4,14503103,NVDA,0.008474179502785617,197.074,202.451,0.021031608979498215,82.94238214529719,213.18839291277592,180.9596070872241,1.0,NVDA,1741.3096200485047,16.413096200485022
2018-01-08,220.4,225.0,218.58,222.0,22030422,NVDA,0.03064066852367686,198.5745,203.0178,0.021648774625397042,83.50946719506824,217.9536982616183,179.1953017383817,0.0,NVDA,1794.6645109135006,16.94664510913498
2018-01-09,222.22,223.82,218.64,221.94,12424995,NVDA,-0.0002702702702702675,200.097,203.5428,0.02159763228502775,80.71027082268776,221.78024417366294,178.41375582633708,1.0,NVDA,1794.1794664510915,16.94179466451089
2018-01-10,218.2,223.82,216.0,223.68,14566626,NVDA,0.007839956745066212,201.548,203.97920000000002,0.021495631305113172,85.26477359938599,225.46788171067286,177.62811828932715,1.0,NVDA,1808.245755860954,17.082457558609516
2018-01-11,225.0,226.27,223.21,224.08,10150767,NVDA,0.0017882689556509845,203.21,204.38400000000001,0.020604743381168272,85.1546391752577,228.57283397746335,177.84716602253667,0.0,NVDA,1811.479385610348,17.114793856103454
2018-01-12,223.6,224.99,221.34,222.98,8997902,NVDA,-0.004908961085326791,205.05,204.70739999999998,0.019403122363067824,84.73967684021541,230.5499211557078,179.55007884429222,0.0,NVDA,1802.586903799515,17.025869037995125
2018-01-16,224.05,227.51,216.69,220.11,17558687,NVDA,-0.012871109516548462,206.73200000000003,204.96560000000002,0.01996369102548911,80.1163918525703,231.49901167618668,181.96498832381337,1.0,NVDA,1779.3856103476155,16.79385610347613
2018-01-17,220.7,225.12,216.9,224.72,13460222,NVDA,0.02094407341783655,208.39000000000001,205.3412,0.01969786147787939,81.2271062271062,233.3196796272181,183.46032037278192,0.0,NVDA,1816.6531932093776,17.166531932093754
2018-01-18,223.94,226.64,222.68,224.44,10215841,NVDA,-0.0012459950160199629,209.717,205.65619999999998,0.018893252725804843,81.20851453421835,235.11661135218506,184.31738864781497,1.0,NVDA,1814.389652384802,17.143896523848
2018-01-19,228.09,231.09,227.0,230.11,15234486,NVDA,0.025262876492603947,211.417,206.06580000000002,0.018967067841904706,83.28923264807652,237.52342276286862,185.31057723713138,1.0,NVDA,1860.2263540824576,17.60226354082456
2018-01-22,230.43,233.76,228.1,233.69,13773561,NVDA,0.015557776715483751,213.26149999999998,206.49899999999997,0.01900192461698866,91.1698422454415,240.2184889580448,186.30451104195518,1.0,NVDA,1889.1673403395312,17.89167340339529
2018-01-23,235.85,239.83,235.101,238.91,11880705,NVDA,0.02233728443664673,215.4125,207.09399999999997,0.018956156357139653,91.05437941054379,243.37964980867713,187.44535019132286,0.0,NVDA,1931.3662085691187,18.313662085691167
2018-01-24,239.04,240.4936,233.55,235.8,14499309,NVDA,-0.013017454271482931,217.43900000000002,207.7036,0.01944198807807284,80.56064972491488,245.13305324727844,189.7449467527216,1.0,NVDA,1906.2247372675831,18.06224737267581
2018-01-25,238.0,239.75,235.75,236.35,10247091,NVDA,0.002332485156912645,219.38449999999997,208.10780000000003,0.019506250210911524,80.26595744680853,246.62622223862226,192.1427777613777,1.0,NVDA,1910.6709781729994,18.106709781729972
2018-01-26,238.12,243.34,237.6,243.33,12908854,NVDA,0.029532473027290118,221.69249999999997,208.7218,0.019845041427558056,82.65139116202948,248.83111096782747,194.55388903217246,1.0,NVDA,1967.0978172999196,18.670978172999174
2018-01-29,242.74,248.11,240.61,246.85,11377853,NVDA,0.014465951588377823,224.16500000000002,209.37519999999998,0.01972927876588028,81.30511463844799,250.99351625063252,197.33648374936752,0.0,NVDA,1995.5537590945837,18.955537590945816
2018-01-30,241.11,246.42,238.41,242.72,14270844,NVDA,-0.016730808183107126,226.62600000000003,210.03,0.019487718453983918,73.74314442413166,250.47517290853034,202.77682709146973,1.0,NVDA,1962.166531932094,18.62166531932092
2018-01-31,245.77,249.27,244.45,245.8,11964444,NVDA,0.012689518787079912,228.94850000000002,210.71380000000002,0.018992121434238247,74.52328159645235,250.55503631609815,207.3419636839019,0.0,NVDA,1987.0654810024255,18.870654810024234
2018-02-01,238.52,246.9,238.06,240.5,12980572,NVDA,-0.021562245728234397,230.35000000000005,211.2966,0.01534527927586737,66.41999999999999,251.07432387316703,209.62567612683307,0.0,NVDA,1944.2198868229589,18.442198868229568
2018-02-02,237.0,237.97,231.17,233.52,17961555,NVDA,-0.02902286902286899,231.34650000000002,211.68540000000002,0.01726532001612906,59.43092340730139,250.53753219845206,212.15546780154799,0.0,NVDA,1887.7930476960391,17.87793047696037
2018-02-05,227.0,233.23,205.0,213.7,29130140,NVDA,-0.08487495717711557,231.26149999999998,211.6384,0.026378810309990515,45.599340930935035,250.76247571107987,211.7605242889201,1.0,NVDA,1727.5666936135813,16.275666936135792
2018-02-06,204.4,225.7,204.0,225.58,27870031,NVDA,0.05559195133364536,231.4405,211.85140000000004,0.02841816979092299,50.536828963795266,250.6470312082257,212.23396879177426,1.0,NVDA,1823.6054971705742,17.23605497170572
2018-02-07,229.58,234.97,226.7,228.8,20073316,NVDA,0.014274315098856238,231.7835,212.0882,0.02856450648487998,52.625240847784205,250.51479244985572,213.0522075501443,0.0,NVDA,1849.6362166531935,17.49636216653191
2013-02-08,67.7142,68.4014,66.8928,67.8542,158168416,AAPL,,,,,,,,,AAPL,100.0,
2013-02-11,68.0714,69.2771,67.6071,68.5614,129029425,AAPL,0.010422346737563704,,,,,,,,AAPL,101.04223467375637,0.010422346737563704
2013-02-12,68.5014,68.9114,66.8205,66.8428,151829363,AAPL,-0.02506658265438,,,,,,,,AAPL,98.5094511467234,-0.014905488532766076
2013-02-13,66.7442,67.6628,66.1742,66.7156,118721995,AAPL,-0.001902972347059051,,,,,,,,AAPL,98.32199038526723,-0.016780096147327894
2013-02-14,66.3599,67.3771,66.2885,66.6556,88809154,AAPL,-0.0008993398845246192,,,,,,,,AAPL,98.23356549778791,-0.01766434502212111
2013-02-15,66.9785,67.1656,65.7028,65.7371,97924631,AAPL,-0.013779787444715974,,,,,,,,AAPL,96.8799278452918,-0.03120072154708209
2013-02-19,65.8714,66.1042,64.8356,65.7128,108854046,AAPL,-0.0003696542743747422,,,,,,,,AAPL,96.84411576586268,-0.031558842341373405
2013-02-20,65.3842,65.3842,64.1142,64.1214,118891367,AAPL,-0.02421750404791767,,,,,,,,AAPL,94.49879300028589,-0.055012069997141255
2013-02-21,63.7142,64.1671,63.2599,63.7228,111596821,AAPL,-0.006216333392595863,,,,,,,,AAPL,93.91135699779821,-0.0608864300220181
2013-02-22,64.1785,64.5142,63.7999,64.4014,82583823,AAPL,0.010649249562166174,,,,,,,,AAPL,94.91144247518943,-0.050885575248105774
2013-02-25,64.8356,65.0171,63.2242,63.2571,92899597,AAPL,-0.017768247274127513,,,,,,,,AAPL,93.22503249614614,-0.06774967503853868
2013-02-26,63.4028,64.5056,62.5228,64.1385,125096657,AAPL,0.01393361377616098,,,,,,,,AAPL,94.5239940932175,-0.054760059067825106
2013-02-27,64.0614,64.6342,62.9499,63.5099,146674682,AAPL,-0.009800665746782178,,,,,,,,AAPL,93.59759602205907,-0.06402403977940951
2013-02-28,63.4357,63.9814,63.0571,63.0571,80532382,AAPL,-0.007129597117929709,,,,,,,,AAPL,92.93028287121503,-0.07069717128784969
2013-03-01,62.5714,62.5971,61.4257,61.4957,137899041,AAPL,-0.02476168425125802,,,,,,,,AAPL,90.62917254937793,-0.09370827450622088
2013-03-04,61.1142,61.1714,59.8571,60.0071,145406366,AAPL,-0.02420657054070441,,,,,,,,AAPL,88.43535109101573,-0.11564648908984276
2013-03-05,60.2114,62.1699,60.1071,61.5919,159298020,AAPL,0.02641020812537187,,,,,,,,AAPL,90.77094711896979,-0.0922905288103022
2013-03-06,62.0728,62.1785,60.6328,60.8088,114903180,AAPL,-0.012714334190047749,,,,,,,,AAPL,89.61685496255205,-0.1038314503744795
2013-03-07,60.6428,61.7157,60.1514,61.5117,116992841,AAPL,0.01155918222362562,,,,,,,,AAPL,90.6527525193724,-0.09347247480627585
2013-03-08,61.3999,62.2042,61.2299,61.6742,97854442,AAPL,0.0026417738413992975,,,,,,,,AAPL,90.89223658962892,-0.09107763410371061
2013-03-11,61.3928,62.7157,60.7342,62.5528,118272126,AAPL,0.014245827266506916,,,,,,,,AAPL,92.18707169195126,-0.07812928308048728
2013-03-12,62.2285,62.6971,61.0814,61.2042,116268341,AAPL,-0.02155938663017476,,,,,,,,AAPL,90.19957497104085,-0.09800425028959148
2013-03-13,61.2071,62.0714,60.7657,61.1928,101369051,AAPL,-0.00018626172713642752,,,,,,,,AAPL,90.18277424241975,-0.09817225757580228
2013-03-14,61.8328,62.0914,61.4928,61.7857,75834906,AAPL,0.009689048384777355,,,,,,,,AAPL,91.05655950552803,-0.08943440494471966
2013-03-15,62.5614,63.4614,62.4642,63.3799,160710606,AAPL,0.025802086890655884,,,,,,,,AAPL,93.40600876585383,-0.06593991234146157
2013-03-18,63.0642,65.3514,63.0285,65.1028,150441144,AAPL,0.027183697039597776,,,,,,,,AAPL,95.94512940982281,-0.04054870590177173
2013-03-19,65.6428,65.8528,64.0714,64.9271,131531708,AAPL,-0.002698808653391338,,,,,,,,AAPL,95.68619186432083,-0.043138081356791536
2013-03-20,65.3456,65.3756,64.2271,64.5828,77016849,AAPL,-0.005302870450089259,,,,,,,,AAPL,95.17878038500196,-0.04821219614998029
2013-03-21,64.3171,65.4256,64.2999,64.6756,95493524,AAPL,0.001436915091943991,,,,,,,,AAPL,95.31554421096999,-0.046844557890299954
2013-03-22,64.9399,66.0142,64.7299,65.9871,98570591,AAPL,0.020278126526850793,,,,,,,,AAPL,97.24836487645568,-0.02751635123544305
2013-03-25,66.3842,67.1356,65.9685,66.2256,125073165,AAPL,0.003614342803366144,,,,,,,,AAPL,97.59985380418603,-0.02400146195813957
2013-03-26,66.4914,66.5485,65.7899,65.8765,73428208,AAPL,-0.005271375419777402,,,,,,,,AAPL,97.08536833386877,-0.029146316661312066
2013-03-27,65.2085,65.2571,64.3899,64.5828,81854409,AAPL,-0.019638262506356363,,,,,,,,AAPL,95.17878038500196,-0.04821219614998018
2013-03-28,64.2599,64.5455,63.0885,63.2371,110698007,AAPL,-0.020836817233071514,,,,,,,,AAPL,93.19555753365303,-0.0680444246634696
2013-04-01,63.1285,63.3854,61.1057,61.2728,97294421,AAPL,-0.031062461751092396,,,,,,,,AAPL,90.30067409239221,-0.09699325907607792
2013-04-02,61.0857,62.5914,60.9142,61.3988,132350022,AAPL,0.002056377381154606,,,,,,,,AAPL,90.4863663560988,-0.09513633643901187
2013-04-03,61.6242,62.4685,61.4728,61.7128,90719482,AAPL,0.005114106464621404,,,,,,,,AAPL,90.94912326724064,-0.09050876732759361
2013-04-04,61.9657,62.1428,60.7499,61.1028,89589332,AAPL,-0.009884497219377453,,,,,,,,AAPL,90.05013691120077,-0.09949863088799216
2013-04-05,60.6428,60.7071,59.9542,60.4571,95743088,AAPL,-0.010567437171455363,,,,,,,,AAPL,89.09853774711071,-0.10901462252889282
2013-04-08,60.6928,61.0714,60.3557,60.8871,75169647,AAPL,0.007112481412439475,,,,,,,,AAPL,89.73224944071258,-0.10267750559287425
2013-04-09,60.9085,61.2142,60.3928,60.9971,76615504,AAPL,0.0018066224208412862,,,,,,,,AAPL,89.89436173442469,-0.10105638265575312
2013-04-10,61.1571,62.4371,60.8585,62.2414,93895844,AAPL,0.020399330459972553,,,,,,,,AAPL,91.72814652593354,-0.0827185347406647
2013-04-11,61.9599,62.5699,61.5999,62.0471,82073628,AAPL,-0.0031217164138338527,,,,,,,,AAPL,91.44179726531297,-0.08558202734687037
2013-04-12,62.0214,62.0214,61.2985,61.3999,59651011,AAPL,-0.010430785645098584,,,,,,,,AAPL,90.48798747903592,-0.09512012520964075
2013-04-15,60.9999,61.1271,59.9357,59.9785,79157071,AAPL,-0.023149874836929762,,,,,,,,AAPL,88.39320189465057,-0.11606798105349425
2013-04-16,60.2242,60.9442,60.0814,60.8914,76222076,AAPL,0.015220453996015237,,,,,,,,AAPL,89.73858655764859,-0.10261413442351408
2013-04-17,60.0385,60.0857,56.8728,57.5428,236138966,AAPL,-0.05499298751547832,,,,,,,,AAPL,84.80359358742714,-0.1519640641257285
2013-04-18,57.8557,57.9699,55.6774,56.0071,166438048,AAPL,-0.02668796096123227,,,,,,,,AAPL,82.54035859239369,-0.17459641407606308
2013-04-19,55.4242,57.0857,55.0142,55.7899,152194413,AAPL,-0.0038780797434611047,,,,,,,,AAPL,82.2202604997185,-0.17779739500281488
2013-04-22,56.0914,57.4571,55.8964,56.9528,107338322,AAPL,0.020844274680542618,,,,,,,,AAPL,83.93408219388041,-0.1606591780611959
2013-04-23,57.7128,58.3401,56.9728,58.0185,160760747,AAPL,0.018711986065654385,,,,,,,,AAPL,85.50465557032578,-0.14495344429674206
2013-04-24,56.2199,59.3214,56.0714,57.9231,242387530,AAPL,-0.0016443031102149064,,,,,,,,AAPL,85.36405999923365,-0.14635940000766345
2013-04-25,58.7464,59.1342,58.1428,58.3399,95984896,AAPL,0.007195747465173596,,,,,,,,AAPL,85.97831821759007,-0.14021681782409934
2013-04-26,58.5442,59.8241,58.3214,59.6007,191006032,AAPL,0.021611281472885713,,,,,,,,AAPL,87.83641985315573,-0.12163580146844255
2013-04-29,60.0642,61.9452,59.9999,61.4457,159958876,AAPL,0.03095601226160083,,,,,,,,AAPL,90.55548514314515,-0.09444514856854846
2013-04-30,62.1571,63.6071,61.7242,63.2542,172737600,AAPL,0.029432490800820776,,,,,,,,AAPL,93.22075862658463,-0.06779241373415368
2013-05-01,63.4942,63.5614,62.0557,62.7557,126720237,AAPL,-0.007880899608247338,,,,,,,,AAPL,92.48609518644386,-0.07513904813556138
2013-05-02,63.1114,64.0842,62.9471,63.6457,105449078,AAPL,0.014181978688788455,,,,,,,,AAPL,93.79773101738726,-0.06202268982612735
2013-05-03,64.4728,64.7471,64.1642,64.2828,90319201,AAPL,0.010010102803488685,,,,,,,,AAPL,94.73665594760529,-0.05263344052394714
2013-05-06,65.1014,66.0285,64.9014,65.8156,124017747,AAPL,0.023844636512410977,,,,,,,,AAPL,96.99561707307727,-0.03004382926922733
2013-05-07,66.4242,66.5356,64.8142,65.5225,120499960,AAPL,-0.004453351485058432,,,,,,,,AAPL,96.56366149774072,-0.03436338502259284
2013-05-08,65.5771,66.4814,65.1156,66.2628,118010781,AAPL,0.011298408943492877,,,,,,,,AAPL,97.6546772344232,-0.02345322765576796
2013-05-09,65.6871,66.1428,65.0828,65.2528,99555337,AAPL,-0.015242338084113682,,,,,,,,AAPL,96.16619162852113,-0.03833808371478875
2013-05-10,65.4242,65.6728,64.3542,64.7099,83631828,AAPL,-0.008319949488757361,,,,,,,,AAPL,95.36609377164568,-0.04633906228354334
2013-05-13,64.5014,65.4142,64.4999,64.9628,79220953,AAPL,0.003908211881025858,,,,,,,,AAPL,95.73880467237105,-0.04261195327628964
2013-05-14,64.8356,65.0285,63.1642,63.4085,111647130,AAPL,-0.023926000726569696,,,,,,,,AAPL,93.44815796221899,-0.0655184203778103
2013-05-15,62.7371,62.9999,60.3371,61.2642,185278968,AAPL,-0.03381723270539427,,,,,,,,AAPL,90.28799985852018,-0.09712000141479837
2013-05-16,60.4628,62.5499,59.8428,62.0825,150794546,AAPL,0.013356903379134977,,,,,,,,AAPL,91.49396794892579,-0.0850603205107423
2013-05-17,62.7214,62.8699,61.5728,61.8942,106973181,AAPL,-0.003033060846454383,,,,,,,,AAPL,91.21646117705315,-0.08783538822946868
2013-05-20,61.7014,63.6857,61.4428,63.2757,112681030,AAPL,0.02232034665606797,,,,,,,,AAPL,93.25244421126473,-0.06747555788735271
2013-05-21,62.5928,63.6399,62.0285,62.8085,113921367,AAPL,-0.007383561145905881,,,,,,,,AAPL,92.56390908742567,-0.07436090912574322
2013-05-22,63.4357,64.0499,62.6028,63.0505,110727309,AAPL,0.003852981682415546,,,,,,,,AAPL,92.92055613359231,-0.07079443866407698
2013-05-23,62.2785,63.7371,62.2557,63.1628,88244695,AAPL,0.0017811119658051044,,,,,,,,AAPL,93.08605804799113,-0.06913941952008895
2013-05-24,62.9785,63.6657,62.9085,63.5928,69036716,AAPL,0.006807804593843114,,,,,,,,AAPL,93.719769741593,-0.06280230258407038
2013-05-28,64.2714,64.4442,62.9785,63.0627,96404189,AAPL,-0.008335849341434831,,,,,,,,AAPL,92.93853586071312,-0.07061464139286922
2013-05-29,62.8571,63.9285,62.7714,63.5642,82641944,AAPL,0.007952402925976765,,,,,,,,AAPL,93.67762054522785,-0.06322379454772187
2013-05-30,63.6642,64.9285,63.5014,64.5114,88379522,AAPL,0.014901469695205671,,,,,,,,AAPL,95.07355476890153,-0.049264452310984974
2013-05-31,64.6428,65.2999,64.2142,64.2478,95832240,AAPL,-0.004086099511094066,,,,,,,,AAPL,94.68507476324235,-0.05314925236757684
2013-06-03,64.3899,64.6228,63.2114,64.3885,92926932,AAPL,0.0021899582553799313,,,,,,,,AAPL,94.89243112438137,-0.05107568875618651
2013-06-04,64.7456,64.9185,63.9128,64.1871,72860221,AAPL,-0.0031278877439293584,,,,,,,,AAPL,94.59561825207577,-0.054043817479242695
2013-06-05,63.6642,64.3885,63.3871,63.5871,72545760,AAPL,-0.009347672663198692,,,,,,,,AAPL,93.71136937728247,-0.06288630622717573
2013-06-06,63.6385,63.8571,62.0071,62.6371,104230322,AAPL,-0.014940137229092154,,,,,,,,AAPL,92.31130865885972,-0.07688691341140319
2013-06-07,62.3571,63.3199,61.8242,63.1158,101120551,AAPL,0.007642435553370186,,,,,,,,AAPL,93.01679188613232,-0.06983208113867723
2013-06-10,63.5328,64.1541,62.3999,62.6985,112522179,AAPL,-0.006611656669169963,,,,,,,,AAPL,92.40179679371357,-0.07598203206286469
2013-06-11,62.2485,63.2514,61.9028,62.5142,71526560,AAPL,-0.0029394642615054867,,,,,,,,AAPL,92.13018501433956,-0.07869814985660484
2013-06-12,62.7857,63.0357,61.6428,61.7414,66295887,AAPL,-0.01236199135556404,,,,,,,,AAPL,90.99127246360578,-0.09008727536394268
2013-06-13,61.7857,62.4485,61.2499,62.2807,71456693,AAPL,0.008734819748175582,,,,,,,,AAPL,91.78606482723251,-0.08213935172767539
2013-06-14,62.1999,62.3271,61.2142,61.4357,67962419,AAPL,-0.013567606015988942,,,,,,,,AAPL,90.54074766189859,-0.09459252338101454
2013-06-17,61.6342,62.2428,61.4802,61.7142,64818670,AAPL,0.004533194868781454,,,,,,,,AAPL,90.95118651461515,-0.09048813485384899
2013-06-18,61.6514,62.1285,61.4585,61.6814,48753768,AAPL,-0.0005314822196512692,,,,,,,,AAPL,90.90284757612645,-0.090971524238736
2013-06-19,61.6285,61.6657,60.4285,60.4285,77715057,AAPL,-0.020312444270071617,,,,,,,,AAPL,89.05638855074555,-0.10943611449254487
2013-06-20,59.8999,60.8542,59.3099,59.5482,89327210,AAPL,-0.014567629512564406,,,,,,,,AAPL,87.75904807661131,-0.12240951923388732
2013-06-21,59.7842,59.9999,58.3,59.0714,120286768,AAPL,-0.008006959068452169,,,,,,,,AAPL,87.05636497077556,-0.12943635029224487
2013-06-24,58.1999,58.3799,56.8642,57.5057,120104964,AAPL,-0.026505212336257467,,,,,,,,AAPL,84.74891753200244,-0.15251082467997623
2013-06-25,57.9571,58.2557,56.9757,57.5185,78534687,AAPL,0.00022258663054275374,,,,,,,,AAPL,84.76778150799802,-0.15232218492002025
2013-06-26,57.6999,57.8271,56.5228,56.8671,91924994,AAPL,-0.011325051939810704,,,,,,,,AAPL,83.80778197959742,-0.16192218020402627
2013-06-27,57.0357,57.3414,56.2199,56.2542,84297955,AAPL,-0.01077776077907966,,,,,,,,AAPL,82.90452175399605,-0.17095478246003992
2013-06-28,55.9085,57.1814,55.5528,56.6471,144619734,AAPL,0.00698436738945718,,,,,,,,AAPL,83.48355739217321,-0.16516442607826842
2013-07-01,57.5271,58.8957,57.3171,58.4599,97743408,AAPL,0.03200163821272395,,,,,,,,AAPL,86.15516799254873,-0.13844832007451335
2013-07-02,58.5657,60.2328,58.4957,59.7842,117442150,AAPL,0.022653134883911852,,,,,,,,AAPL,88.10685263403,-0.11893147365970047
2013-07-03,60.1228,60.4257,59.6357,60.1142,60232158,AAPL,0.005519853071547232,,,,,,,,AAPL,88.59318951516633,-0.1140681048483374
2013-07-05,60.0557,60.4699,59.3357,59.6314,68505794,AAPL,-0.008031380272880528,,,,,,,,AAPL,87.88166392058265,-0.12118336079417413
2013-07-08,60.0157,60.1428,58.6642,59.2928,74521398,AAPL,-0.005678216510093703,,,,,,,,AAPL,87.3826528055743,-0.12617347194425776
2013-07-09,59.0857,60.4999,58.6257,60.3357,88142026,AAPL,0.017588982136111042,,,,,,,,AAPL,88.91962472477753,-0.11080375275222543
2013-07-10,59.9428,60.6857,59.7499,60.1042,70107226,AAPL,-0.003836866067684741,,,,,,,,AAPL,88.57845203391977,-0.11421547966080303
2013-07-11,60.4214,61.1785,60.1671,61.0411,81571665,AAPL,0.015587928963366915,,,,,,,,AAPL,89.95920665190953,-0.1004079334809056
2013-07-12,61.0928,61.3985,60.4871,60.9299,69882694,AAPL,-0.0018217233962034562,,,,,,,,AAPL,89.79532586044783,-0.1020467413955225
2013-07-15,60.7157,61.6371,60.6857,61.0628,60478033,AAPL,0.0021811951111030403,,,,,,,,AAPL,89.99118698621456,-0.10008813013785534
2013-07-16,60.9314,61.5299,60.5957,61.4564,54033805,AAPL,0.006445822988791816,,,,,,,,AAPL,90.57125424807897,-0.0942874575192113
2013-07-17,61.3857,61.7457,61.1742,61.4728,49743169,AAPL,0.0002668558522789244,,,,,,,,AAPL,90.59542371732331,-0.09404576282676791
2013-07-18,61.9114,62.1242,61.5157,61.6797,54696012,AAPL,0.0033657162192057832,,,,,,,,AAPL,90.90034220431453,-0.09099657795685578
2013-07-19,61.8714,61.9971,60.6214,60.7071,67174828,AAPL,-0.015768559185599162,,,,,,,,AAPL,89.46697477827458,-0.10533025221725523
2013-07-22,61.3514,61.3928,60.7811,60.9014,51946202,AAPL,0.003200614096209531,,,,,,,,AAPL,89.75332403889516,-0.10246675961104956
2013-07-23,60.8571,60.9942,59.8157,59.8557,91062300,AAPL,-0.017170377035667594,,,,,,,,AAPL,88.21222562494289,-0.11787774375057236
2013-07-24,62.7042,63.5128,62.1799,62.9299,147978789,AAPL,0.05136018791861097,,,,,,,,AAPL,92.74282210975886,-0.07257177890241262
2013-07-25,62.9571,63.0571,62.2585,62.6428,57371671,AAPL,-0.004562219231239895,,,,,,,,AAPL,92.31970902317026,-0.07680290976829862
2013-07-26,62.1857,63.0057,62.0485,62.9985,50031170,AAPL,0.005678226388347918,,,,,,,,AAPL,92.84392123111023,-0.07156078768889895
2013-07-29,62.9714,64.2842,62.8857,63.9699,62021344,AAPL,0.015419414747970261,,,,,,,,AAPL,94.2755201594006,-0.05724479840599528
2013-07-30,64.2799,65.3071,64.1757,64.7599,77257432,AAPL,0.01234955815156824,,,,,,,,AAPL,95.43978117787844,-0.045602188221216644
2013-07-31,64.9985,65.3346,64.2042,64.6471,80637830,AAPL,-0.0017418186254148926,,,,,,,,AAPL,95.2735423894173,-0.04726457610582813
2013-08-01,65.1075,65.2571,64.7514,65.2394,51461179,AAPL,0.009162050579221814,,,,,,,,AAPL,96.14644340365076,-0.03853556596349339
2013-08-02,65.4299,66.1214,65.2371,66.0771,68467077,AAPL,0.012840400126304052,,,,,,,,AAPL,97.38100220767468,-0.02618997792325417
2013-08-05,66.3842,67.2385,66.0214,67.0642,79589930,AAPL,0.014938609593944108,,,,,,,,AAPL,98.83573898152214,-0.011642610184779523
2013-08-06,66.8599,67.4128,66.0242,66.4642,83715443,AAPL,-0.008946651119375093,,,,,,,,AAPL,97.95149010672884,-0.020485098932712553
2013-08-07,66.2571,66.7142,65.9671,66.4256,74663176,AAPL,-0.0005807637795987031,,,,,,,,AAPL,97.89460342911713,-0.02105396570882967
2013-08-08,66.2649,66.2999,65.4214,65.8585,63946841,AAPL,-0.008537371134020533,,,,,,,,AAPL,97.058840867625,-0.02941159132375093
2013-08-09,65.5199,65.7799,64.8071,64.9214,66772986,AAPL,-0.014228990942702913,,,,,,,,AAPL,95.67779150001031,-0.04322208499989766
2013-08-12,65.2656,66.9499,65.2328,66.7656,91008477,AAPL,0.02840665789708785,,,,,,,,AAPL,98.39567779150002,-0.016043222085000752
2013-08-13,67.2771,70.6656,66.8642,69.9385,219634975,AAPL,0.04752297590375876,,,,,,,,AAPL,103.07173321621947,0.030717332162193856
2013-08-14,71.1256,72.0356,70.4856,71.2142,188602792,AAPL,0.01824031113049318,,,,,,,,AAPL,104.95179369884251,0.049517936988424216
2013-08-15,70.9171,71.7712,69.869,71.1299,122441893,AAPL,-0.001183752678538763,,,,,,,,AAPL,104.82755673193407,0.048275567319339796
2013-08-16,71.4499,71.8485,71.2656,71.7614,90461889,AAPL,0.008878122983442704,,,,,,,,AAPL,105.75822867265398,0.05758228672653898
2013-08-19,72.0485,73.3914,71.9999,72.5342,127478547,AAPL,0.01076902067128005,,,,,,,,AAPL,106.89714122338778,0.0689714122338767
2013-08-20,72.8156,72.9385,71.5456,71.5814,89531771,AAPL,-0.013135872457406217,,,,,,,,AAPL,105.49295401021601,0.054929540102159
2013-08-21,71.9414,72.4499,71.5999,71.7656,83809726,AAPL,0.0025732941797729225,,,,,,,,AAPL,105.76441841477757,0.05764418414777439
2013-08-22,72.1399,72.2271,71.1714,71.8514,60877852,AAPL,0.0011955588750041102,,,,,,,,AAPL,105.89086600387301,0.058908660038728744
2013-08-23,71.8956,71.9071,71.3356,71.5742,55587686,AAPL,-0.0038579624057428763,,,,,,,,AAPL,105.4823430237185,0.05482343023718372
2013-08-26,71.5356,72.8856,71.4999,71.8528,82398085,AAPL,0.0038924640443063208,,,,,,,,AAPL,105.89292925124751,0.05892929251247381
2013-08-27,71.1428,71.7871,69.4714,69.7985,105930335,AAPL,-0.028590395920548684,,,,,,,,AAPL,102.8654084787677,0.028654084787675727
2013-08-28,69.4285,70.8285,69.4285,70.1279,76793066,AAPL,0.004719299125339305,,,,,,,,AAPL,103.35086111102922,0.03350861111029091
2013-08-29,70.2356,70.9285,70.1614,70.2428,59807748,AAPL,0.0016384349167735124,,,,,,,,AAPL,103.52019477055214,0.0352019477055201
2013-08-30,70.2856,70.4214,69.4999,69.6022,68078395,AAPL,-0.009119795907908124,,,,,,,,AAPL,102.57611172189782,0.02576111721897667
2013-09-03,70.4428,71.5142,69.6214,69.7971,83000148,AAPL,0.002800198844289392,,,,,,,,AAPL,102.86334523139318,0.02863345231393022
2013-09-04,71.3656,71.7485,70.8971,71.2415,86049453,AAPL,0.02069426953268838,,,,,,,,AAPL,104.9920270226456,0.04992027022645451
2013-09-05,71.4642,71.5256,70.5199,70.7528,58913211,AAPL,-0.00685976572643765,,,,,,,,AAPL,104.27180631412645,0.04271806314126292
2013-09-06,71.2056,71.3399,69.9928,71.1742,89551595,AAPL,0.005955948033152136,,,,,,,,AAPL,104.89284377385628,0.04892843773856126
2013-09-09,72.1428,72.5599,71.9256,72.3099,84887432,AAPL,0.01595662473199555,,,,,,,,AAPL,106.56657951902756,0.06566579519027393
2013-09-10,72.3142,72.4928,69.9285,70.6628,185494435,AAPL,-0.02277834708663673,,,,,,,,AAPL,104.13916898290748,0.04139168982907315
2013-09-11,66.7157,67.6699,66.4014,66.8156,224250866,AAPL,-0.05444448847201078,,,,,,,,AAPL,98.46936519773278,-0.01530634802267361
2013-09-12,66.9285,67.9142,66.5728,67.5271,100874816,AAPL,0.010648710780117199,,,,,,,,AAPL,99.51793698842518,-0.0048206301157497355
2013-09-13,67.0485,67.4041,66.3856,66.4142,74578903,AAPL,-0.01648079067515129,,,,,,,,AAPL,97.87780270049605,-0.021221972995041027
2013-09-16,65.8571,65.9442,63.8885,64.3028,136823442,AAPL,-0.03179139400911235,,,,,,,,AAPL,94.76613091009841,-0.052338690899017326
2013-09-17,63.9942,65.6728,63.9285,65.0456,99756489,AAPL,0.011551596509016493,,,,,,,,AAPL,95.86083101709251,-0.04139168982907637
2013-09-18,66.1685,66.6214,65.8085,66.3828,113743049,AAPL,0.020557885544910226,,,,,,,,AAPL,97.83152700938189,-0.021684729906182754
2013-09-19,67.2428,67.9756,67.0356,67.4714,100918377,AAPL,0.016398826201967864,,,,,,,,AAPL,99.43584921788187,-0.0056415078211830005
2013-09-20,68.2856,68.3642,66.5714,66.7728,174570949,AAPL,-0.010354016664838706,,,,,,,,AAPL,98.40628877799753,-0.01593711222002636
2013-09-23,70.8714,70.9871,68.9428,70.0914,190021706,AAPL,0.049699877794550984,,,,,,,,AAPL,103.29706930447928,0.03297069304479128
2013-09-24,70.6971,70.7814,69.6885,69.8714,90602953,AAPL,-0.0031387588206256423,,,,,,,,AAPL,102.97284471705508,0.029728447170549233
2013-09-25,69.8856,69.9485,68.7757,68.7899,79110192,AAPL,-0.015478436098317672,,,,,,,,AAPL,101.37898612024017,0.013789861202400111
2013-09-26,69.4285,69.7942,69.1285,69.4599,59086559,AAPL,0.009739801918595692,,,,,,,,AAPL,102.36639736375935,0.023663973637592095
2013-09-27,69.1114,69.2385,68.6742,68.9642,56816676,AAPL,-0.007136491702406711,,,,,,,,AAPL,101.63586041836761,0.01635860418367474
2013-09-30,68.1785,68.8085,67.7729,68.1071,64852879,AAPL,-0.012428187378378919,,,,,,,,AAPL,100.37271090072537,0.0037271090072523716
2013-10-01,68.3499,69.8771,68.3401,69.7085,88255013,AAPL,0.023512967076853908,,,,,,,,AAPL,102.7327711475487,0.02732771147548574
2013-10-02,69.3756,70.2571,69.1071,69.9371,71849680,AAPL,0.003279370521529046,,,,,,,,AAPL,103.06966996884496,0.030696699688448348
2013-10-03,70.0728,70.3356,68.6769,69.0585,80629248,AAPL,-0.012562717070053075,,,,,,,,AAPL,101.77483486652261,0.01774834866522501
2013-10-04,69.1228,69.2285,68.3714,69.0042,64673329,AAPL,-0.0007862898846630051,,,,,,,,AAPL,101.69481034335384,0.016948103433537032
2013-10-07,69.5085,70.3785,69.3356,69.6785,77919884,AAPL,0.009771868958701191,,,,,,,,AAPL,102.68855870380904,0.026885587038089298
2013-10-08,69.9914,70.0914,68.6485,68.7056,72418815,AAPL,-0.01396270011553058,,,,,,,,AAPL,101.2547491533317,0.012547491533315913
2013-10-09,69.2342,69.6842,68.3256,69.5125,75311488,AAPL,0.011744311962925913,,,,,,,,AAPL,102.44391651511624,0.02443916515116129
2013-10-10,70.1885,70.3399,69.5771,69.9482,69650490,AAPL,0.00626793742132703,,,,,,,,AAPL,103.08602857302861,0.03086028573028532
2013-10-11,69.5699,70.5485,69.3085,70.4016,66934938,AAPL,0.006481939492367195,,,,,,,,AAPL,103.75422597274743,0.03754225972747349
2013-10-14,69.9756,71.0828,69.9071,70.8628,65474542,AAPL,0.006550987477557113,,,,,,,,AAPL,104.43391860783855,0.044339186078384385
2013-10-15,71.0721,71.7142,70.7885,71.2399,80018603,AAPL,0.0053215509406912,,,,,,,,AAPL,104.98966902564617,0.049896690256460596
2013-10-16,71.5414,71.7899,71.3185,71.5876,62775013,AAPL,0.004880691859477482,,,,,,,,AAPL,105.50209124858887,0.055020912485887585
2013-10-17,71.4256,72.1114,71.3828,72.0714,63398335,AAPL,0.0067581536467209435,,,,,,,,AAPL,106.21509059129721,0.06215090591297101
2013-10-18,72.2842,72.7514,72.2442,72.6985,72635570,AAPL,0.00870109363769811,,,,,,,,AAPL,107.13927804026868,0.07139278040268571
2013-10-21,73.1099,74.8999,73.0742,74.4802,99526945,AAPL,0.024508071005591603,,,,,,,,AAPL,109.7650550739674,0.09765055073967299
2013-10-22,75.2006,75.4927,72.5756,74.2667,133515753,AAPL,-0.002866533655924597,,,,,,,,AAPL,109.45040984935346,0.09450409849353347
2013-10-23,74.1428,75.0956,74.1428,74.9942,78431122,AAPL,0.009795776572811388,,,,,,,,AAPL,110.52256161004036,0.10522561610040237
2013-10-24,74.9999,76.0671,74.6356,75.9871,96191095,AAPL,0.013239690536068105,,,,,,,,AAPL,111.98584612301079,0.11985846123010702
2013-10-25,75.9021,76.1756,75.0156,75.1368,84448133,AAPL,-0.01119005725971911,,,,,,,,AAPL,110.7327180926162,0.10732718092616111
2013-10-28,75.5771,75.8571,74.7442,75.6965,137610123,AAPL,0.007449079545575721,,,,,,,,AAPL,111.5575749179859,0.11557574917985813
2013-10-29,76.6099,77.0356,73.5056,73.8111,158952115,AAPL,-0.024907360313885074,,,,,,,,AAPL,108.7789702037604,0.08778970203760306
2013-10-30,74.2299,75.3599,73.8599,74.9851,88540697,AAPL,0.01590546679293503,,,,,,,,AAPL,110.509150502106,0.1050915050210588
2013-10-31,74.9999,75.3556,74.4671,74.6716,68923785,AAPL,-0.00418083059167762,,,,,,,,AAPL,110.04713046502647,0.10047130465026366
2013-11-01,74.8599,74.9714,73.6914,74.2899,68722304,AAPL,-0.005111715833060915,,,,,,,,AAPL,109.48460080584547,0.09484600805845367
2013-11-04,74.4428,75.2599,74.1156,75.2499,61157033,AAPL,0.012922348798423355,,,,,,,,AAPL,110.89939900551475,0.10899399005514643
2013-11-05,74.9399,75.5549,74.7142,75.0641,66368071,AAPL,-0.002469106271237531,,,,,,,,AAPL,110.62557660395376,0.10625576603953646
2013-11-06,74.8785,74.9799,74.0285,74.4171,55844152,AAPL,-0.008619300038233857,,,,,,,,AAPL,109.67206156730165,0.09672061567301538
2013-11-07,74.2256,74.7414,73.1971,73.2131,65655100,AAPL,-0.016179077120715646,,,,,,,,AAPL,107.89766882521641,0.07897668825216297
2013-11-08,73.5114,74.4471,73.2271,74.3656,69829543,AAPL,0.015741718353682543,,,,,,,,AAPL,109.59616353888188,0.09596163538881775
2013-11-11,74.2842,74.5242,73.4871,74.1496,56863303,AAPL,-0.002904568779112826,,,,,,,,AAPL,109.27783394395631,0.09277833943956204
2013-11-12,73.9528,74.8456,73.8571,74.2871,51114651,AAPL,0.0018543592952624532,,,,,,,,AAPL,109.48047431109642,0.09480474311096332
2013-11-13,73.9999,74.6071,73.8514,74.3762,49304927,AAPL,0.001199400703487008,,,,,,,,AAPL,109.61178526900324,0.09611785269003148
2013-11-14,74.6871,75.6114,74.5528,75.4514,70605087,AAPL,0.014456237344742107,,,,,,,,AAPL,111.19635925263285,0.1119635925263276
2013-11-15,75.2256,75.5842,74.9271,74.9986,79479764,AAPL,-0.006001214026512547,,,,,,,,AAPL,110.52904610178882,0.1052904610178873
2013-11-18,74.9985,75.3128,74.0285,74.0898,61236224,AAPL,-0.012117559527777821,,,,,,,,AAPL,109.18970380610189,0.09189703806101801
2013-11-19,74.1471,74.7685,73.9956,74.2214,52234707,AAPL,0.0017762229078768232,,,,,,,,AAPL,109.38364905930658,0.09383649059306487
2013-11-20,74.1756,74.3456,73.4756,73.5714,48545798,AAPL,-0.0087575820450706,,,,,,,,AAPL,108.42571277828048,0.08425712778280392
2013-11-21,73.9428,74.4585,73.3814,74.4479,65506861,AAPL,0.011913596859649322,,,,,,,,AAPL,109.71745300954103,0.09717453009540944
2013-11-22,74.2171,74.5942,74.0756,74.2571,55931232,AAPL,-0.002562866111737283,,,,,,,,AAPL,109.43626186735675,0.09436261867356666
2013-11-25,74.4314,75.1242,74.4285,74.8199,57348403,AAPL,0.007579073246868129,,,,,,,,AAPL,110.26568731191288,0.10265687311912797
2013-11-26,74.8742,76.5914,74.8571,76.1999,100345728,AAPL,0.018444290890525128,,,,,,,,AAPL,112.29945972393749,0.122994597239374
2013-11-27,76.6156,77.9999,76.1999,77.9942,90861841,AAPL,0.02354727499642406,,,,,,,,AAPL,114.94380598400689,0.14943805984006797
2013-11-29,78.4971,79.7613,78.2585,79.4385,79532215,AAPL,0.018518043649399463,,,,,,,,AAPL,117.07234040044683,0.1707234040044674
2013-12-02,79.7142,80.6185,78.6885,78.7471,118135885,AAPL,-0.008703588310454036,,,,,,,,AAPL,116.05339094706002,0.1605339094705991
2013-12-03,79.7571,80.9113,79.6685,80.9031,112741734,AAPL,0.02737878601243726,,,,,,,,AAPL,119.23079190381729,0.1923079190381718
2013-12-04,80.7856,81.3128,80.1171,80.7142,94452666,AAPL,-0.002334891988069576,,,,,,,,AAPL,118.95240088306987,0.18952400883069775
2013-12-05,81.8071,82.1622,80.9156,81.1286,111895315,AAPL,0.005134164744245773,,,,,,,,AAPL,119.56312210592712,0.1956312210592701
2013-12-06,80.8271,80.9642,79.9385,80.0028,86088352,AAPL,-0.013876733975441646,,,,,,,,AAPL,117.90397646718993,0.1790397646718982
2013-12-09,80.1285,81.3685,80.1285,80.9185,80123533,AAPL,0.011445849395271157,,,,,,,,AAPL,119.25348762493697,0.1925348762493686
2013-12-10,80.5113,81.1256,80.1713,80.7928,69567610,AAPL,-0.0015534148556880512,,,,,,,,AAPL,119.0682374856678,0.19068237485667683
2013-12-11,80.9999,81.5671,79.9556,80.1942,89929693,AAPL,-0.007409076056282271,,,,,,,,AAPL,118.186051858249,0.18186051858248886
2013-12-12,80.3058,80.7628,80.0042,80.0771,65572318,AAPL,-0.0014602053515091473,,,,,,,,AAPL,118.01347595285183,0.18013475952851743
2013-12-13,80.4071,80.4113,79.0956,79.2042,83205283,AAPL,-0.010900744407577267,,,,,,,,AAPL,116.72704121484006,0.16727041214839944
2013-12-16,79.2885,80.3769,79.2871,79.6428,70648452,AAPL,0.00553758512806124,,,,,,,,AAPL,117.37342714231393,0.17373427142313824
2013-12-17,79.4013,79.9199,79.0535,79.2842,57475649,AAPL,-0.004502604127428866,,,,,,,,AAPL,116.84494106481249,0.1684494106481238
2013-12-18,78.5285,78.7785,76.9714,78.6813,141465807,AAPL,-0.007604289379220641,,,,,,,,AAPL,115.95641832045767,0.15956418320457555
2013-12-19,78.4999,78.5713,77.6757,77.7799,80239369,AAPL,-0.01145634350220437,,,,,,,,AAPL,114.62798176089319,0.14627981760893083
2013-12-20,77.9185,78.8013,77.831,78.4314,109103435,AAPL,0.008376200020828062,,,,,,,,AAPL,115.58812866410626,0.1558812866410615
2013-12-23,81.1428,81.5313,80.3942,81.4413,125326831,AAPL,0.038376211568325935,,,,,,,,AAPL,120.0239631445069,0.20023963144506762
2013-12-24,81.4128,81.6971,80.8613,81.0956,41888735,AAPL,-0.004244775071124751,,,,,,,,AAPL,119.5144884178135,0.19514488417813358
2013-12-26,81.1571,81.3571,80.4822,80.5571,51002035,AAPL,-0.006640310941654071,,,,,,,,AAPL,118.7208750526865,0.1872087505268636
2013-12-27,80.5456,80.6299,79.9285,80.0128,56471317,AAPL,-0.0067566980439962565,,,,,,,,AAPL,117.91871394843649,0.17918713948436338
2013-12-30,79.6371,80.0128,78.9029,79.2171,63407722,AAPL,-0.009944658854583177,,,,,,,,AAPL,116.7460525656481,0.16746052565647962
2013-12-31,79.1671,80.1828,79.1428,80.1456,55819372,AAPL,0.011720954187921517,,,,,,,,AAPL,118.11442769939073,0.181144276993906
2014-01-02,79.3828,79.5756,78.8601,79.0185,58791957,AAPL,-0.014063155057794763,,,,,,,,AAPL,116.45336618809152,0.1645336618809139
2014-01-03,78.9799,79.0999,77.2042,77.2828,98303870,AAPL,-0.02196574219961156,,,,,,,,AAPL,113.89538156812694,0.1389538156812682
2014-01-06,76.7785,78.1142,76.2285,77.7042,103359151,AAPL,0.005452700989094561,,,,,,,,AAPL,114.51641902785678,0.14516419027856653
2014-01-07,77.7599,77.9942,76.8464,77.1481,79432766,AAPL,-0.007156627312294606,,,,,,,,AAPL,113.69686769573583,0.13696867695735726
2014-01-08,76.9728,77.9371,76.9556,77.6371,64686685,AAPL,0.006338458108495315,,,,,,,,AAPL,114.4175305286924,0.1441753052869228
2014-01-09,78.1142,78.1228,76.4785,76.6455,69905199,AAPL,-0.012772244197683857,,,,,,,,AAPL,112.95616188828399,0.1295616188828388
2014-01-10,77.1185,77.2571,75.8728,76.1342,76320664,AAPL,-0.006670972203195125,,,,,,,,AAPL,112.20263447214765,0.12202634472147533
2014-01-13,75.7014,77.4999,75.6971,76.5328,94860843,AAPL,0.005235492065326586,,,,,,,,AAPL,112.7900704746353,0.12790070474635207
2014-01-14,76.8885,78.1042,76.8085,78.0556,83734371,AAPL,0.019897351201053626,,,,,,,,AAPL,115.03429411886073,0.15034294118860614
2014-01-15,79.0742,80.0285,78.8085,79.6228,98472619,AAPL,0.020077995685126915,,,,,,,,AAPL,117.34395217982083,0.1734395217982072
2014-01-16,79.2713,79.5499,78.8113,79.1785,57471330,AAPL,-0.005580059982818963,,,,,,,,AAPL,116.6891658880364,0.16689165888036284
2014-01-17,78.7828,78.8671,77.1285,77.2385,108426689,AAPL,-0.024501600813352065,,,,,,,,AAPL,113.83009452620472,0.13830094526204606
2014-01-21,77.2842,78.5813,77.2028,78.4385,82255544,AAPL,0.015536293428795256,,,,,,,,AAPL,115.59859227579132,0.15598592275791212
2014-01-22,78.702,79.6128,78.2585,78.7871,95219334,AAPL,0.004444246129132967,,,,,,,,AAPL,116.11234087204623,0.16112340872046116
2014-01-23,78.5628,79.4999,77.8294,79.4542,100978346,AAPL,0.008467122155784379,,,,,,,,AAPL,117.09547824600392,0.17095478246003815
2014-01-24,79.1428,79.3742,77.8214,78.0099,108384437,AAPL,-0.01817776782095848,,,,,,,,AAPL,114.96694382956396,0.14966943829563872
2014-01-27,78.5813,79.2571,77.9642,78.6428,144219152,AAPL,0.008113072827935941,,,,,,,,AAPL,115.89967901765843,0.1589967901765834
2014-01-28,72.6799,73.5714,71.7242,72.3571,266833581,AAPL,-0.07992721520596913,,,,,,,,AAPL,106.6361404305113,0.06636140430511217
2014-01-29,71.9928,72.4814,71.2314,71.5356,125942796,AAPL,-0.011353412450194944,,,,,,,,AAPL,105.42545634610678,0.05425456346106716
2014-01-30,71.7914,72.3571,70.9571,71.3974,169762789,AAPL,-0.0019319052331985276,,,,,,,,AAPL,105.2217843552794,0.05221784355279335
2014-01-31,70.7399,71.6471,70.5071,71.5142,116336444,AAPL,0.001635913912831466,,,,,,,,AAPL,105.39391813623918,0.05393918136239084
2014-02-03,71.8014,72.5328,71.3285,71.6471,100620772,AAPL,0.0018583721834264377,,,,,,,,AAPL,105.58977926200588,0.055897792620057896
2014-02-04,72.2642,72.7799,71.8228,72.6842,94273543,AAPL,0.014475114833677916,,,,,,,,AAPL,107.11820344208611,0.07118203442086024
2014-02-05,72.3656,73.6114,72.3216,73.2271,82322156,AAPL,0.007469298692150295,,,,,,,,AAPL,107.91830129896158,0.07918301298961494
2014-02-06,72.8656,73.3571,72.5442,73.2156,64497223,AAPL,-0.00015704568390662033,,,,,,,,AAPL,107.90135319552805,0.0790135319552796
2014-02-07,74.4828,74.7042,73.9114,74.2399,93638601,AAPL,0.01399018788345674,,,,,,,,AAPL,109.41091339961271,0.09410913399612619
2014-02-10,74.0942,75.9985,73.9999,75.5699,86451022,AAPL,0.017914894820709515,,,,,,,,AAPL,111.37099840540452,0.11370998405404431
2014-02-11,75.8014,76.8214,75.6428,76.5656,70672252,AAPL,0.01317588087320476,,,,,,,,AAPL,112.83840941312403,0.12838409413123908
2014-02-12,76.7071,77.0799,76.1771,76.5599,77127064,AAPL,-7.444596528993763e-05,,,,,,,,AAPL,112.83000904881348,0.12830009048813373
2014-02-13,76.3799,77.8356,76.3142,77.7756,76960156,AAPL,0.015879069852494654,,,,,,,,AAPL,114.62164464395717,0.14621644643957077
2014-02-14,77.4956,77.9971,77.3156,77.7128,68468036,AAPL,-0.0008074511800615358,,,,,,,,AAPL,114.52909326172882,0.1452909326172871
2014-02-18,77.9999,78.7413,77.9442,77.9985,65306248,AAPL,0.00367635704800251,,,,,,,,AAPL,114.95014310094291,0.14950143100942803
2014-02-19,77.8214,78.1271,76.3356,76.7671,78554420,AAPL,-0.015787483092623678,,,,,,,,AAPL,113.13536966024209,0.13135369660242002
2014-02-20,76.1414,76.7142,75.5714,75.8785,76529103,AAPL,-0.011575271177366342,,,,,,,,AAPL,111.82579707667321,0.11825797076673106
2014-02-21,76.1132,76.3671,74.9428,75.0356,69757247,AAPL,-0.011108548534828677,,,,,,,,AAPL,110.58357478240109,0.10583574782400973
2014-02-24,74.7356,75.7028,74.6314,75.3642,72364950,AAPL,0.004379254647127517,,,,,,,,AAPL,111.06784841616289,0.11067848416162773
2014-02-25,75.6256,75.6521,74.4285,74.5799,58247350,AAPL,-0.010406797922621114,,,,,,,,AAPL,109.91198776199556,0.09911987761995444
2014-02-26,74.8014,74.9999,73.6571,73.9071,69131286,AAPL,-0.009021197400371883,,,,,,,,AAPL,108.92045002372734,0.08920450023727233
2014-02-27,73.8771,75.5399,73.7214,75.3814,75557321,AAPL,0.019948015819860387,,,,,,,,AAPL,111.09319688390696,0.11093196883906864
2014-02-28,75.5828,76.1071,74.5885,75.1771,93074653,AAPL,-0.002710217639895318,,,,,,,,AAPL,110.79211014203982,0.10792110142039735
2014-03-03,74.7742,75.8071,74.6871,75.3942,59667923,AAPL,0.0028878474961124834,,,,,,,,AAPL,111.11206085990256,0.1111206085990244
2014-03-04,75.8571,76.0914,75.3956,75.8914,64884834,AAPL,0.006594671738674895,,,,,,,,AAPL,111.84480842748128,0.11844808427481168
2014-03-05,75.8456,76.3928,75.5899,76.0514,50065519,AAPL,0.0021082757730124246,,,,,,,,AAPL,112.08060812742615,0.1208060812742604
2014-03-06,76.1128,76.3485,75.4428,75.8214,46423111,AAPL,-0.00302427042763187,,,,,,,,AAPL,111.74164605875538,0.11741646058755273
2014-03-07,75.8699,75.9971,75.1499,75.7771,55415241,AAPL,-0.0005842677660923279,,,,,,,,AAPL,111.67635901683315,0.11676359016833038
2014-03-10,75.4799,76.1899,75.4769,75.8456,44691430,AAPL,0.0009039670296171476,,,,,,,,AAPL,111.77731076337206,0.1177731076337194
2014-03-11,76.4928,76.9628,76.0842,76.5842,70198849,AAPL,0.009738204984863774,,,,,,,,AAPL,112.8658211282426,0.12865821128242483
2014-03-12,76.3585,76.7642,75.9999,76.6585,50195460,AAPL,0.0009701740045597873,,,,,,,,AAPL,112.97532061390451,0.12975320613904406
2014-03-13,76.7771,77.0942,75.5942,75.8071,64435609,AAPL,-0.01110640046439726,,,,,,,,AAPL,111.72057146057281,0.11720571460572704
2014-03-14,75.5414,75.8414,74.7142,74.9556,59299492,AAPL,-0.0112324571181327,,,,,,,,AAPL,110.46567493242864,0.10465674932428537
2014-03-17,75.3856,75.7099,75.1214,75.2485,49886074,AAPL,0.003907646660156194,,,,,,,,AAPL,110.89733575814024,0.10897335758140136
2014-03-18,75.1285,75.9956,75.0285,75.9142,52411863,AAPL,0.008846687973846468,,,,,,,,AAPL,111.8784098847234,0.11878409884723284
2014-03-19,76.0371,76.6056,75.5714,75.8942,56188958,AAPL,-0.00026345532192917354,,,,,,,,AAPL,111.84893492223028,0.11848934922230181
2014-03-20,75.6985,76.0956,75.3356,75.5285,52099537,AAPL,-0.0048185500341264564,,,,,,,,AAPL,111.30998523304376,0.11309985233043651
2014-03-21,75.9899,76.2499,75.1899,76.1242,93612169,AAPL,0.007887088979656731,,,,,,,,AAPL,112.18789699090108,0.12187896990900948
2014-03-24,76.9171,77.2142,76.4371,77.0271,88924871,AAPL,0.011860879982975137,,,,,,,,AAPL,113.51854417265255,0.13518544172652391
2014-03-25,77.3571,77.9642,77.0842,77.8556,70573356,AAPL,0.01075595472242874,,,,,,,,AAPL,114.73954449392963,0.14739544493929468
2014-03-26,78.0742,78.4285,76.9799,77.1114,74942224,AAPL,-0.009558721530628422,,,,,,,,AAPL,113.642781139561,0.13642781139560856
2014-03-27,77.1449,77.3571,76.4457,76.7799,55507676,AAPL,-0.0042989752487959665,,,,,,,,AAPL,113.15423363623769,0.13154233636237556
2014-03-28,76.9028,76.9913,76.3214,76.6942,50141063,AAPL,-0.0011161775412575903,,,,,,,,AAPL,113.0279334219547,0.13027933421954563
2014-03-31,77.0328,77.2585,76.5614,76.6771,42167188,AAPL,-0.00022296340531613446,,,,,,,,AAPL,113.00273232902309,0.1300273232902296
2014-04-01,76.8228,77.4099,76.6814,77.3785,50189685,AAPL,0.009147450803434154,,,,,,,,AAPL,114.03641926365648,0.1403641926365633
2014-04-02,77.4828,77.6399,77.1799,77.5071,44792195,AAPL,0.0016619603636667257,,,,,,,,AAPL,114.22594327248716,0.14225943272487007
2014-04-03,77.3414,77.4999,76.8056,76.9699,40648111,AAPL,-0.006930977936214888,,,,,,,,AAPL,113.43424577992222,0.13434245779922072
2014-04-04,77.1156,77.1428,75.7971,75.9742,68812485,AAPL,-0.01293622571940456,,,,,,,,AAPL,111.96683477220273,0.11966834772202595
2014-04-07,75.4314,75.8428,74.5556,74.7814,72462530,AAPL,-0.01570006660155676,,,,,,,,AAPL,110.20894800911366,0.10208948009113517
2014-04-08,75.0271,75.1599,74.0999,74.7771,60971883,AAPL,-5.75009293755091e-05,,,,,,,,AAPL,110.20261089217765,0.10202610892177488
2014-04-09,74.6628,75.7842,74.5742,75.7599,51542722,AAPL,0.013143061177820492,,,,,,,,AAPL,111.65101054908908,0.11651010549088925
2014-04-10,75.8114,76.0342,74.7385,74.7828,59912818,AAPL,-0.012897324310090275,,,,,,,,AAPL,110.21101125648815,0.10211011256488023
2014-04-11,74.1428,74.6899,73.8771,74.2299,67975012,AAPL,-0.007393411319180254,,,,,,,,AAPL,109.39617591836614,0.09396175918366012
2014-04-14,74.5571,74.5942,73.8871,74.5256,51445177,AAPL,0.003983569963047273,,,,,,,,AAPL,109.83196323882676,0.09831963238826646
2014-04-15,74.3242,74.5199,73.0471,73.9942,66622577,AAPL,-0.007130435716049099,,,,,,,,AAPL,109.04881348538484,0.09048813485384732
2014-04-16,74.0071,74.4414,73.4478,74.1442,53732994,AAPL,0.0020271859145715165,,,,,,,,AAPL,109.26987570408315,0.09269875704083042
2014-04-17,74.2856,75.3942,74.1714,74.9914,71106721,AAPL,0.011426382643551447,,,,,,,,AAPL,110.51843511529131,0.10518435115291203
2014-04-21,75.0485,76.0199,74.8514,75.8814,45668931,AAPL,0.011868027533823877,,,,,,,,AAPL,111.83007094623471,0.11830070946234605
2014-04-22,75.4728,75.9751,75.2144,75.9569,50664453,AAPL,0.0009949737353291965,,,,,,,,AAPL,111.94133892964622,0.11941338929646106
2014-04-23,75.5799,75.8756,74.9214,74.9642,98735259,AAPL,-0.013069253747849063,,,,,,,,AAPL,110.47834916630069,0.10478349166300593
2014-04-24,81.1728,81.4285,80.1042,81.1099,189978082,AAPL,0.08198179931220495,,,,,,,,AAPL,119.53556301599603,0.1953556301599595
2014-04-25,80.6471,81.7128,80.5656,81.7056,97568814,AAPL,0.007344356237648064,,,,,,,,AAPL,120.41347477385334,0.20413474773853246
2014-04-28,81.8285,85.1071,81.7928,84.8699,167371680,AAPL,0.03872806759879377,,,,,,,,AAPL,125.07685596470077,0.25076855964700684
2014-04-29,84.8199,85.1399,84.2156,84.6185,84344673,AAPL,-0.002962180938118286,,,,,,,,AAPL,124.70635568616237,0.24706355686162285
2014-04-30,84.6628,85.6328,84.2571,84.2985,114220883,AAPL,-0.003781678947274991,,,,,,,,AAPL,124.23475628627263,0.2423475628627254
2014-05-01,84.5713,84.9713,83.7656,84.4971,61052418,AAPL,0.0023559138062954066,,,,,,,,AAPL,124.5274426638292,0.24527442663829113
2014-05-02,84.6199,84.8856,84.2442,84.6542,47878572,AAPL,0.0018592354057120897,,,,,,,,AAPL,124.75896849421258,0.24758968494212485
2014-05-05,84.3056,85.8571,84.2856,85.8513,71766758,AAPL,0.014141058565316111,,,,,,,,AAPL,126.52319237423768,0.2652319237423757
2014-05-06,85.9713,86.3442,84.9156,84.9156,93641373,AAPL,-0.010899077824098158,,,,,,,,AAPL,125.14420625399754,0.25144206253997403
2014-05-07,85.0356,85.3271,83.9613,84.6185,70715988,AAPL,-0.003498768188648471,,,,,,,,AAPL,124.70635568616237,0.24706355686162262
2014-05-08,84.0356,84.9156,83.7713,83.9985,57574363,AAPL,-0.007327002960345386,,,,,,,,AAPL,123.79263184887597,0.23792631848875856
2014-05-09,83.5056,83.7499,82.9042,83.6488,72899498,AAPL,-0.004163169580409298,,,,,,,,AAPL,123.27726212968393,0.23277262129683818
2014-05-12,83.9271,84.8085,83.9142,84.6899,53324677,AAPL,0.012446084104015931,,,,,,,,AAPL,124.81158130226278,0.24811581302262686
2014-05-13,84.5713,84.9342,84.3856,84.8228,39934594,AAPL,0.001569254421129429,,,,,,,,AAPL,125.0074424280295,0.25007442428029414
2014-05-14,84.6328,85.3428,84.5342,84.8385,41600846,AAPL,0.00018509174420078267,,,,,,,,AAPL,125.03058027358658,0.2503058027358649
2014-05-15,84.9571,85.2285,84.0056,84.1171,57711731,AAPL,-0.008503214931900094,,,,,,,,AAPL,123.9674183764601,0.23967418376459992
2014-05-16,84.0899,85.3613,83.6285,85.3585,69091834,AAPL,0.014757998076491141,,,,,,,,AAPL,125.79692929840746,0.25796929298407356
2014-05-19,85.4071,86.7613,85.3328,86.3699,79439024,AAPL,0.011848849265158057,,,,,,,,AAPL,127.28747815168404,0.2728747815168393
2014-05-20,86.3585,86.6285,85.8185,86.3871,58708986,AAPL,0.00019914345159599556,,,,,,,,AAPL,127.31282661942814,0.27312826619428
2014-05-21,86.2613,86.6713,86.0085,86.6156,49249914,AAPL,0.002645070849698561,,,,,,,,AAPL,127.64957806591191,0.27649578065911773
2014-05-22,86.6571,87.1213,86.2999,86.7528,50218945,AAPL,0.0015840102706670134,,,,,,,,AAPL,127.85177630861462,0.27851776308614484
2014-05-23,86.7499,87.8184,86.6385,87.7328,58052491,AAPL,0.011296465359043273,,,,,,,,AAPL,129.29604947077704,0.2929604947077691
2014-05-27,87.9828,89.4085,87.9471,89.3756,87216605,AAPL,0.018725037842175496,,,,,,,,AAPL,131.7171228899611,0.31717122889961
2014-05-28,89.4313,89.9756,89.1113,89.1442,78921885,AAPL,-0.002589073527898056,,,,,,,,AAPL,131.3760975739158,0.31376097573915707
2014-05-29,89.6928,90.9813,89.6813,90.7685,94118633,AAPL,0.018221039618954604,,,,,,,,AAPL,133.7699066527938,0.3376990665279367
2014-05-30,91.1399,92.0242,89.8428,90.4285,141005137,AAPL,-0.0037457928686713826,,,,,,,,AAPL,133.2688322904109,0.332688322904108
2014-06-02,90.5656,90.6899,88.9285,89.8071,92337903,AAPL,-0.006871727386830395,,,,,,,,AAPL,132.35304520574996,0.32353045205749886
2014-06-03,89.7799,91.2485,89.7499,91.0771,73231620,AAPL,0.014141420889885126,,,,,,,,AAPL,134.22470532406248,0.3422470532406239
2014-06-04,91.0628,92.5556,90.8728,92.1171,83870521,AAPL,0.01141889673694041,,,,,,,,AAPL,135.7574033737042,0.3575740337370412
2014-06-05,92.3142,92.767,91.8013,92.4785,75951141,AAPL,0.0039232672326854345,,,,,,,,AAPL,136.29001594595468,0.36290015945954623
2014-06-06,92.8428,93.037,92.0671,92.2242,87620911,AAPL,-0.0027498283384786992,,,,,,,,AAPL,135.9152417978548,0.35915241797854724
2014-06-09,92.7,93.88,91.75,93.7,75414804,AAPL,0.016002307420395212,,,,,,,,AAPL,138.0901992802214,0.3809019928022135
2014-06-10,94.73,95.05,93.57,94.25,62777042,AAPL,0.005869797225186657,,,,,,,,AAPL,138.90076074878192,0.3890076074878186
2014-06-11,94.13,94.76,93.47,93.86,45681114,AAPL,-0.004137931034482789,,,,,,,,AAPL,138.32599898016628,0.383259989801662
2014-06-12,94.04,94.12,91.9,92.29,54748791,AAPL,-0.01672704027274652,,,,,,,,AAPL,136.01221442445714,0.36012214424457056
2014-06-13,92.2,92.44,90.88,91.28,54525280,AAPL,-0.010943764221475805,,,,,,,,AAPL,134.52372881855507,0.3452372881855499
2014-06-16,91.51,92.75,91.45,92.2,35561270,AAPL,0.010078878177037787,,,,,,,,AAPL,135.87957709323814,0.3587957709323808
2014-06-17,92.31,92.7,91.8,92.08,29726347,AAPL,-0.0013015184381779399,,,,,,,,AAPL,135.70272731827947,0.35702727318279415
2014-06-18,92.27,92.29,91.35,92.18,33514108,AAPL,0.0010860121633362585,,,,,,,,AAPL,135.85010213074503,0.35850102130744976
2014-06-19,92.29,92.3,91.3389,91.86,35527686,AAPL,-0.003471468865263727,,,,,,,,AAPL,135.37850273085525,0.3537850273085519
2014-06-20,91.85,92.55,90.9,90.91,100898066,AAPL,-0.0103418245155672,,,,,,,,AAPL,133.9784420124325,0.3397844201243245
2014-06-23,91.32,91.62,90.6,90.83,43694391,AAPL,-0.0008799912000879706,,,,,,,,AAPL,133.8605421624601,0.33860542162460017
2014-06-24,90.75,91.74,90.19,90.28,39036087,AAPL,-0.0060552680832324235,,,,,,,,AAPL,133.04998069389956,0.33049980693899483
2014-06-25,90.21,90.7,89.65,90.36,36868541,AAPL,0.0008861320336730483,,,,,,,,AAPL,133.16788054387197,0.3316788054387192
2014-06-26,90.37,91.05,89.8,90.9,32629359,AAPL,0.005976095617529875,,,,,,,,AAPL,133.96370453118598,0.3396370453118589
2014-06-27,90.82,92.0,90.77,91.98,64028803,AAPL,0.011881188118811892,,,,,,,,AAPL,135.55535250581391,0.35555352505813853
2014-06-30,92.1,93.725,92.09,92.93,49589028,AAPL,0.010328332246140493,,,,,,,,AAPL,136.95541322423668,0.3695541322423659
2014-07-01,93.52,94.07,93.13,93.52,38223477,AAPL,0.006348864736898552,,,,,,,,AAPL,137.82492461778338,0.37824924617783307
2014-07-02,93.865,94.06,93.09,93.48,28465073,AAPL,-0.00042771599657820403,,,,,,,,AAPL,137.7659746927972,0.377659746927971
2014-07-03,93.67,94.1,93.2,94.03,22891753,AAPL,0.005883611467693672,,,,,,,,AAPL,138.57653616135772,0.38576536161357633
2014-07-07,94.14,95.99,94.1,95.968,56467939,AAPL,0.020610443475486573,,,,,,,,AAPL,141.4326600269401,0.41432660026940016
2014-07-08,96.27,96.8,93.92,95.35,65221678,AAPL,-0.0064396465488497645,,,,,,,,AAPL,140.521883685903,0.4052188368590288
2014-07-09,95.44,95.95,94.76,95.39,36436440,AAPL,0.0004195070791819244,,,,,,,,AAPL,140.58083361088921,0.4058083361088909
2014-07-10,93.76,95.55,93.52,95.035,39685552,AAPL,-0.003721564105252151,,,,,,,,AAPL,140.0576530266365,0.40057653026636375
2014-07-11,95.36,95.89,94.8625,95.22,34018228,AAPL,0.001946651233756036,,,,,,,,AAPL,140.3302964296978,0.40330296429697654
2014-07-14,95.86,96.89,95.65,96.45,42810155,AAPL,0.012917454316320187,,,,,,,,AAPL,142.14300662302406,0.4214300662302395
2014-07-15,96.8,96.85,95.03,95.32,45696176,AAPL,-0.01171591498185598,,,,,,,,AAPL,140.47767124216332,0.40477671242163216
2014-07-16,96.97,97.1,94.74,94.78,53502415,AAPL,-0.005665127989928576,,,,,,,,AAPL,139.68184725484934,0.39681847254849245
2014-07-17,95.03,95.279,92.57,93.0899,57298243,AAPL,-0.01783182105929526,,,,,,,,AAPL,137.19106554936909,0.3719106554936895
2014-07-18,93.62,94.74,93.02,94.43,49987593,AAPL,0.014395761516555527,,,,,,,,AAPL,139.16603541121995,0.39166035411219813
2014-07-21,94.99,95.0,93.72,93.939,39079002,AAPL,-0.005199618765223013,,,,,,,,AAPL,138.44242508201404,0.3844242508201394
2014-07-22,94.68,94.89,94.12,94.72,55196597,AAPL,0.00831390583250835,,,,,,,,AAPL,139.59342236737,0.3959342236736989
2014-07-23,95.42,97.88,95.17,97.19,92917719,AAPL,0.026076858108108114,,,,,,,,AAPL,143.23358023526913,0.43233580235269
2014-07-24,97.035,97.32,96.42,97.03,45728843,AAPL,-0.0016462599032821545,,,,,,,,AAPL,142.99778053532427,0.42997780535324126
2014-07-25,96.85,97.84,96.64,97.671,43469117,AAPL,0.006606204266721649,,,,,,,,AAPL,143.94245308322843,0.43942453083228306
2014-07-28,97.82,99.24,97.55,99.02,55317689,AAPL,0.013811673884776443,,,,,,,,AAPL,145.93053930338874,0.45930539303388596
2014-07-29,99.33,99.44,98.25,98.38,43143095,AAPL,-0.006463340739244594,,,,,,,,AAPL,144.9873405036092,0.44987340503609063
2014-07-30,98.44,98.7,97.67,98.15,33010001,AAPL,-0.002337873551534808,,,,,,,,AAPL,144.64837843493842,0.44648378434938296
2014-07-31,97.16,97.45,95.33,95.6,56842647,AAPL,-0.025980641874681742,,,,,,,,AAPL,140.89032071706686,0.4089032071706673
2014-08-01,94.9,96.62,94.81,96.13,48511286,AAPL,0.00554393305439338,,,,,,,,AAPL,141.67140722313428,0.4167140722313416
2014-08-04,96.37,96.58,95.17,95.59,39958144,AAPL,-0.005617393113492075,,,,,,,,AAPL,140.87558323582033,0.4087558323582019
2014-08-05,95.36,95.68,94.36,95.12,55932663,AAPL,-0.004916832304634355,,,,,,,,AAPL,140.18292161723224,0.4018292161723209
2014-08-06,94.75,95.48,94.71,94.96,38558342,AAPL,-0.001682085786375187,,,,,,,,AAPL,139.94712191728732,0.399471219172872
2014-08-07,94.93,95.95,94.1,94.48,46711179,AAPL,-0.005054759898904693,,,,,,,,AAPL,139.23972281745273,0.3923972281745256
2014-08-08,94.26,94.82,93.28,94.74,41865193,AAPL,0.0027519051651141435,,,,,,,,AAPL,139.62289732986312,0.3962289732986297
2014-08-11,95.27,96.08,94.8355,95.99,36584844,AAPL,0.013194004644289548,,,,,,,,AAPL,141.46508248568253,0.4146508248568235
2014-08-12,96.04,96.88,95.61,95.97,33795352,AAPL,-0.00020835503698302116,,,,,,,,AAPL,141.43560752318942,0.41435607523189244
2014-08-13,96.15,97.24,96.04,97.24,31866088,AAPL,0.013233302073564657,,,,,,,,AAPL,143.3072676415019,0.43307267641501745
2014-08-14,97.33,97.57,96.8,97.5,28115566,AAPL,0.002673796791443861,,,,,,,,AAPL,143.69044215391236,0.4369044215391218
2014-08-15,97.9,98.19,96.86,97.98,48951331,AAPL,0.00492307692307703,,,,,,,,AAPL,144.397841253747,0.4439784125374684
2014-08-18,98.49,99.37,97.98,99.16,47572413,AAPL,0.012043274137579107,,,,,,,,AAPL,146.1368640408405,0.4613686404084034
2014-08-19,99.41,100.68,99.32,100.53,69399270,AAPL,0.01381605486083104,,,,,,,,AAPL,148.15589897161854,0.48155898971618405
2014-08-20,100.44,101.09,99.95,100.57,52699192,AAPL,0.0003978911767630322,,,,,,,,AAPL,148.21484889660476,0.4821484889660461
2014-08-21,100.57,100.94,100.11,100.58,33478198,AAPL,9.94332305856993e-05,,,,,,,,AAPL,148.22958637785132,0.48229586377851175
2014-08-22,100.29,101.47,100.19,101.32,44183834,AAPL,0.007357327500497002,,,,,,,,AAPL,149.32015999009639,0.49320159990096224
2014-08-25,101.79,102.17,101.28,101.54,40270173,AAPL,0.0021713383339914127,,,,,,,,AAPL,149.64438457752064,0.4964438457752045
2014-08-26,101.42,101.5,100.86,100.889,33151984,AAPL,-0.006411266495962242,,,,,,,,AAPL,148.68497454836987,0.4868497454836971
2014-08-27,101.02,102.57,100.7,102.13,52369011,AAPL,0.012300647245983232,,,,,,,,AAPL,150.51389597106734,0.5051389597106719
2014-08-28,101.59,102.78,101.56,102.25,68459801,AAPL,0.0011749730735337582,,,,,,,,AAPL,150.69074574602604,0.5069074574602586
2014-08-29,102.86,102.9,102.2,102.5,44595247,AAPL,0.0024449877750611915,,,,,,,,AAPL,151.0591827771899,0.5105918277718975
2014-09-02,103.06,103.74,102.72,103.3,53564262,AAPL,0.007804878048780495,,,,,,,,AAPL,152.2381812769143,0.5223818127691415
2014-09-03,103.1,103.2,98.58,98.94,125420521,AAPL,-0.04220716360116161,,,,,,,,AAPL,145.81263945341627,0.4581263945341614
2014-09-04,98.85,100.09,97.79,98.12,85718221,AAPL,-0.008287851222963383,,,,,,,,AAPL,144.60416599119876,0.4460416599119863
2014-09-05,98.8,99.39,98.31,98.97,58457035,AAPL,0.008662861801875144,,,,,,,,AAPL,145.85685189715593,0.45856851897155804
2014-09-08,99.3,99.31,98.05,98.36,46356742,AAPL,-0.0061634838840052275,,,,,,,,AAPL,144.9578655411161,0.4495786554111594
2014-09-09,99.08,103.08,96.14,97.99,189846255,AAPL,-0.003761691744611717,,,,,,,,AAPL,144.41257873499353,0.4441257873499338
2014-09-10,98.01,101.11,97.76,101.0,100869587,AAPL,0.030717420144912744,,,,,,,,AAPL,148.84856059020663,0.4884856059020646
2014-09-11,100.41,101.44,99.62,101.43,62399743,AAPL,0.004257425742574261,,,,,,,,AAPL,149.48227228380853,0.49482272283808326
2014-09-12,101.21,102.19,101.08,101.66,64096903,AAPL,0.0022675736961450532,,,,,,,,AAPL,149.82123435247928,0.49821234352479093
2014-09-15,102.81,103.05,101.44,101.63,61316516,AAPL,-0.000295101318119273,,,,,,,,AAPL,149.7770219087396,0.4977702190873943
2014-09-16,99.8,101.26,98.89,100.86,66908133,AAPL,-0.007576503001082369,,,,,,,,AAPL,148.64223585275488,0.4864223585275469
2014-09-17,101.27,101.8,100.5922,101.58,60926498,AAPL,0.007138607971445499,,,,,,,,AAPL,149.70333450250683,0.49703334502506635
2014-09-18,101.93,102.35,101.56,101.79,37299435,AAPL,0.0020673360897816018,,,,,,,,AAPL,150.0128216086845,0.5001282160868432
2014-09-19,102.29,102.35,100.88,100.96,70902406,AAPL,-0.008154042636801417,,,,,,,,AAPL,148.7896106652204,0.4878961066522023
2014-09-22,101.8,102.14,100.58,101.06,52788426,AAPL,0.0009904912836768975,,,,,,,,AAPL,148.93698547768597,0.4893698547768581
2014-09-23,100.6,102.94,100.54,102.64,63402196,AAPL,0.015634276667326308,,,,,,,,AAPL,151.26550751464168,0.5126550751464152
2014-09-24,102.16,102.85,101.2,101.75,60171828,AAPL,-0.008671083398285262,,,,,,,,AAPL,149.95387168369828,0.49953871683698114
2014-09-25,100.51,100.71,97.72,97.87,100091990,AAPL,-0.038132678132678066,,,,,,,,AAPL,144.2357289600349,0.44235728960034737
2014-09-26,98.53,100.75,98.4,100.75,62370501,AAPL,0.029426790640645795,,,,,,,,AAPL,148.48012355904277,0.4848012355904261
2014-09-29,98.65,100.435,98.63,100.11,49766312,AAPL,-0.006352357320099311,,,,,,,,AAPL,147.53692475926323,0.4753692475926308
2014-09-30,100.81,101.54,100.53,100.75,55264139,AAPL,0.006392967735491029,,,,,,,,AAPL,148.48012355904277,0.4848012355904261
2014-10-01,100.59,100.69,98.7,99.18,51491286,AAPL,-0.015583126550868465,,,,,,,,AAPL,146.16633900333363,0.4616633900333347
2014-10-02,99.27,100.22,98.04,99.9,47757828,AAPL,0.007259528130671544,,,,,,,,AAPL,147.2274376530856,0.47227437653085436
2014-10-03,99.44,100.21,99.04,99.62,43469585,AAPL,-0.002802802802802762,,,,,,,,AAPL,146.81478817818203,0.468147881781819
2014-10-06,99.95,100.65,99.42,99.62,37051182,AAPL,0.0,,,,,,,,AAPL,146.81478817818203,0.468147881781819
2014-10-07,99.43,100.12,98.73,98.75,42094183,AAPL,-0.008733186107207414,,,,,,,,AAPL,145.53262730973174,0.455326273097316
2014-10-08,98.76,101.11,98.31,100.8,57404674,AAPL,0.020759493670886142,,,,,,,,AAPL,148.55381096527555,0.485538109652754
2014-10-09,101.54,102.38,100.61,101.02,77376525,AAPL,0.002182539682539675,,,,,,,,AAPL,148.87803555269974,0.48878035552699606
2014-10-10,100.69,102.03,100.3,100.73,66331592,AAPL,-0.002870718669570338,,,,,,,,AAPL,148.45064859654966,0.48450648596549506
2014-10-13,101.33,101.78,99.81,99.81,53583368,AAPL,-0.009133326714980683,,,,,,,,AAPL,147.09480032186656,0.47094800321866437
2014-10-14,100.39,100.52,98.57,98.75,63688562,AAPL,-0.010620178338843878,,,,,,,,AAPL,145.53262730973174,0.45532627309731577
2014-10-15,97.97,99.15,95.18,97.54,100933600,AAPL,-0.012253164556962015,,,,,,,,AAPL,143.74939207889858,0.4374939207889841
2014-10-16,95.55,97.72,95.41,96.26,72154523,AAPL,-0.01312282140660248,,,,,,,,AAPL,141.86299447933953,0.41862994479339344
2014-10-17,97.5,99.0,96.81,97.67,68179688,AAPL,0.014647828797007989,,,,,,,,AAPL,143.9409793351038,0.4394097933510359
2014-10-20,98.315,99.96,98.22,99.76,77517279,AAPL,0.02139858707893927,,,,,,,,AAPL,147.0211129156338,0.470211129156336
2014-10-21,103.02,103.02,101.27,102.47,94623904,AAPL,0.027165196471531594,,,,,,,,AAPL,151.01497033345024,0.5101497033345002
2014-10-22,102.84,104.11,102.6,102.99,68263146,AAPL,0.005074655996877064,,,,,,,,AAPL,151.7813193582711,0.5178131935827086
2014-10-23,104.08,105.051,103.63,104.83,71074674,AAPL,0.01786581221477812,,,,,,,,AAPL,154.49301590763724,0.54493015907637
2014-10-24,105.18,105.49,104.53,105.22,47053916,AAPL,0.0037203090718305187,,,,,,,,AAPL,155.0677776762529,0.5506777767625264
2014-10-27,104.85,105.48,104.7,105.11,34187701,AAPL,-0.001045428625736533,,,,,,,,AAPL,154.90566538254077,0.5490566538254054
2014-10-28,105.4,106.74,105.35,106.74,48060949,AAPL,0.015507563504899569,,,,,,,,AAPL,157.30787482572924,0.5730787482572901
2014-10-29,106.65,107.37,106.36,107.34,52687879,AAPL,0.005621135469364935,,,,,,,,AAPL,158.1921237005226,0.5819212370052234
2014-10-30,106.959,107.35,105.9,106.98,40654793,AAPL,-0.003353828954723359,,,,,,,,AAPL,157.6615743756466,0.5766157437564634
2014-10-31,108.01,108.04,107.21,108.0,44639285,AAPL,0.009534492428491248,,,,,,,,AAPL,159.1647974627952,0.5916479746279495
2014-11-03,108.22,110.3,108.01,109.4,52282550,AAPL,0.012962962962963065,,,,,,,,AAPL,161.22804483731295,0.6122804483731268
2014-11-04,109.36,109.49,107.72,108.6,41574365,AAPL,-0.007312614259597949,,,,,,,,AAPL,160.04904633758852,0.6004904633758825
2014-11-05,109.1,109.3,108.125,108.86,37435905,AAPL,0.0023941068139963217,,,,,,,,AAPL,160.43222084999894,0.6043222084999869
2014-11-06,108.6,108.79,107.8,108.7,34968457,AAPL,-0.0014697776961234421,,,,,,,,AAPL,160.19642115005408,0.6019642115005381
2014-11-07,108.75,109.32,108.55,109.01,33691535,AAPL,0.00285188592456298,,,,,,,,AAPL,160.65328306869728,0.6065328306869702
2014-11-10,109.02,109.33,108.67,108.83,27195547,AAPL,-0.001651224658288264,,,,,,,,AAPL,160.38800840625927,0.6038800840625902
2014-11-11,108.7,109.75,108.4,109.7,27442252,AAPL,0.007994119268584177,,,,,,,,AAPL,161.6701692747096,0.6167016927470934
2014-11-12,109.38,111.43,109.37,111.25,46942431,AAPL,0.014129443938012631,,,,,,,,AAPL,163.95447886792562,0.6395447886792536
2014-11-13,111.8,113.45,111.6,112.82,59522855,AAPL,0.01411235955056167,,,,,,,,AAPL,166.26826342363478,0.6626826342363448
2014-11-14,113.15,114.19,113.05,114.18,44063595,AAPL,0.012054600248183167,,,,,,,,AAPL,168.2725608731663,0.68272560873166
2014-11-17,114.27,117.28,113.3,113.99,46746712,AAPL,-0.0016640392362936574,,,,,,,,AAPL,167.99254872948174,0.6799254872948144
2014-11-18,113.94,115.69,113.89,115.47,44223978,AAPL,0.012983595052197705,,,,,,,,AAPL,170.1736959539719,0.7017369595397163
2014-11-19,115.44,115.74,113.8,114.67,41869160,AAPL,-0.006928206460552477,,,,,,,,AAPL,168.99469745424747,0.6899469745424722
2014-11-20,114.91,116.86,114.85,116.31,43395537,AAPL,0.014301909828202675,,,,,,,,AAPL,171.41164437868252,0.7141164437868226
2014-11-21,117.51,117.57,116.03,116.47,57179298,AAPL,0.0013756340813342316,,,,,,,,AAPL,171.6474440786274,0.7164744407862711
2014-11-24,116.85,118.77,116.62,118.625,47450824,AAPL,0.01850261870009451,,,,,,,,AAPL,174.82337128726002,0.7482337128725973
2014-11-25,119.07,119.75,117.45,117.6,68840440,AAPL,-0.008640674394099102,,,,,,,,AAPL,173.3127794594881,0.7331277945948782
2014-11-26,117.94,119.1,117.83,119.0,40831886,AAPL,0.011904761904761862,,,,,,,,AAPL,175.37602683400584,0.7537602683400553
2014-11-28,119.27,119.4,118.05,118.93,24814402,AAPL,-0.0005882352941175562,,,,,,,,AAPL,175.27286446527995,0.7527286446527965
2014-12-01,118.81,119.25,111.27,115.07,83814037,AAPL,-0.03245606659379474,,,,,,,,AAPL,169.58419670410967,0.6958419670410938
2014-12-02,113.5,115.75,112.75,114.63,59348940,AAPL,-0.003823759450769071,,,,,,,,AAPL,168.93574752926125,0.6893574752926097
2014-12-03,115.75,116.35,115.11,115.93,43063440,AAPL,0.011340835732356336,,,,,,,,AAPL,170.85162009131344,0.7085162009131314
2014-12-04,115.77,117.2,115.29,115.49,42155776,AAPL,-0.0037953937721039166,,,,,,,,AAPL,170.20317091646498,0.7020317091646471
2014-12-05,115.99,116.08,114.64,115.0,38318895,AAPL,-0.0042427915836869,,,,,,,,AAPL,169.48103433538378,0.6948103433538351
2014-12-08,114.1,114.648,111.62,112.4,57664850,AAPL,-0.022608695652173827,,,,,,,,AAPL,165.6492892112795,0.6564928921127919
2014-12-09,110.19,114.3,109.35,114.12,60208036,AAPL,0.01530249110320292,,,,,,,,AAPL,168.18413598568696,0.6818413598568669
2014-12-10,114.41,114.85,111.54,111.95,44565318,AAPL,-0.019015071854188603,,,,,,,,AAPL,164.9861025551845,0.6498610255518422
2014-12-11,112.26,113.8,111.34,111.62,41471578,AAPL,-0.0029477445288075277,,,,,,,,AAPL,164.49976567404818,0.6449976567404789
2014-12-12,110.46,111.87,109.58,109.73,56028138,AAPL,-0.01693244938183125,,,,,,,,AAPL,161.71438171844926,0.6171438171844899
2014-12-15,110.7,111.6,106.35,108.225,67218082,AAPL,-0.013715483459400435,,,,,,,,AAPL,159.4963907908427,0.5949639079084243
2014-12-16,106.37,110.16,106.26,106.745,60790733,AAPL,-0.013675213675213627,,,,,,,,AAPL,157.31524356635256,0.5731524356635229
2014-12-17,107.12,109.84,106.82,109.41,53411773,AAPL,0.02496604056396068,,,,,,,,AAPL,161.24278231855948,0.612427823185592
2014-12-18,111.87,112.65,110.66,112.65,59006218,AAPL,0.029613380860981753,,,,,,,,AAPL,166.01772624244336,0.6601772624244306
2014-12-19,112.26,113.24,111.66,111.78,88429770,AAPL,-0.007723035952063917,,,,,,,,AAPL,164.73556537399304,0.6473556537399277
2014-12-22,112.16,113.49,111.97,112.94,45167549,AAPL,0.010377527285739818,,,,,,,,AAPL,166.44511319859342,0.6644511319859314
2014-12-23,113.23,113.33,112.46,112.54,26028419,AAPL,-0.0035417035594119683,,,,,,,,AAPL,165.85561394873125,0.6585561394873096
2014-12-24,112.58,112.71,112.01,112.01,14479611,AAPL,-0.004709436644748544,,,,,,,,AAPL,165.07452744266382,0.6507452744266353
2014-12-26,112.1,114.52,112.01,113.99,33720951,AAPL,0.01767699312561377,,,,,,,,AAPL,167.99254872948174,0.6799254872948144
2014-12-29,113.79,114.77,113.7,113.91,27598920,AAPL,-0.0007018159487673925,,,,,,,,AAPL,167.8746488795093,0.67874648879509
2014-12-30,113.64,113.92,112.11,112.52,29881477,AAPL,-0.012202616100430164,,,,,,,,AAPL,165.82613898623813,0.6582613898623784
2014-12-31,112.82,113.13,110.21,110.38,41403351,AAPL,-0.019018841094916472,,,,,,,,AAPL,162.67231799947533,0.6267231799947504
2015-01-02,111.39,111.44,107.35,109.33,53204626,AAPL,-0.00951259286102557,,,,,,,,AAPL,161.12488246858706,0.6112488246858674
2015-01-05,108.29,108.65,105.41,106.25,64285491,AAPL,-0.028171590597274254,,,,,,,,AAPL,156.58573824464807,0.5658573824464779
2015-01-06,106.54,107.43,104.63,106.26,65797116,AAPL,9.41176470588001e-05,,,,,,,,AAPL,156.60047572589463,0.5660047572589433
2015-01-07,107.2,108.2,106.695,107.75,40105934,AAPL,0.014022209674383612,,,,,,,,AAPL,158.79636043163134,0.5879636043163103
2015-01-08,109.23,112.15,108.7,111.89,59364547,AAPL,0.03842227378190266,,,,,,,,AAPL,164.89767766770515,0.6489767766770485
2015-01-09,112.67,113.25,110.21,112.01,53699527,AAPL,0.0010724819018679277,,,,,,,,AAPL,165.07452744266382,0.6507452744266351
2015-01-12,112.6,112.63,108.8,109.25,49650790,AAPL,-0.024640657084188944,,,,,,,,AAPL,161.00698261861461,0.610069826186143
2015-01-13,111.43,112.8,108.91,110.22,67091928,AAPL,0.008878718535469066,,,,,,,,AAPL,162.43651829953046,0.6243651829953014
2015-01-14,109.04,110.49,108.5,109.8,48956588,AAPL,-0.003810560696788312,,,,,,,,AAPL,161.81754408717512,0.6181754408717481
2015-01-15,110.0,110.06,106.66,106.82,60013996,AAPL,-0.02714025500910755,,,,,,,,AAPL,157.4257746757017,0.5742577467570138
2015-01-16,107.03,107.58,105.2,105.99,78513345,AAPL,-0.007770080509267863,,,,,,,,AAPL,156.20256373223762,0.5620256373223731
2015-01-20,107.84,108.9667,106.5,108.72,49899907,AAPL,0.025757146900651007,,,,,,,,AAPL,160.2258961125472,0.6022589611254685
2015-01-21,108.95,111.06,108.27,109.55,48575897,AAPL,0.007634289919058013,,,,,,,,AAPL,161.44910705601126,0.614491070560109
2015-01-22,110.26,112.47,109.72,112.4,53796409,AAPL,0.026015518028297713,,,,,,,,AAPL,165.6492892112795,0.6564928921127913
2015-01-23,112.3,113.75,111.53,112.98,46464828,AAPL,0.005160142348754393,,,,,,,,AAPL,166.50406312357967,0.665040631235793
2015-01-26,113.74,114.3626,112.8,113.1,55614979,AAPL,0.0010621348911310502,,,,,,,,AAPL,166.68091289853834,0.6668091289853795
2015-01-27,112.42,112.48,109.03,109.14,95568749,AAPL,-0.035013262599469464,,,,,,,,AAPL,160.8448703249025,0.6084487032490213
2015-01-28,117.625,118.12,115.31,115.31,146477063,AAPL,0.056532893531244355,,,,,,,,AAPL,169.937896254027,0.6993789625402662
2015-01-29,116.32,119.19,115.56,118.9,84436432,AAPL,0.031133466308212565,,,,,,,,AAPL,175.2286520215403,0.7522865202153988
2015-01-30,118.4,120.0,116.85,117.16,83745461,AAPL,-0.014634146341463539,,,,,,,,AAPL,172.6643302846397,0.7266433028463928
2015-02-02,118.05,119.17,116.08,118.63,62739100,AAPL,0.012546944349607347,,,,,,,,AAPL,174.8307400278833,0.7483074002788288
2015-02-03,118.5,119.09,117.61,118.65,51915749,AAPL,0.00016859141869685068,,,,,,,,AAPL,174.86021499037642,0.7486021499037601
2015-02-04,118.5,120.51,118.309,119.56,70149743,AAPL,0.007669616519174083,,,,,,,,AAPL,176.20132578381293,0.7620132578381253
2015-02-05,120.02,120.23,119.25,119.94,42246245,AAPL,0.003178320508531174,,,,,,,,AAPL,176.76135007118202,0.7676135007118161
2015-02-06,120.02,120.25,118.45,118.93,43706567,AAPL,-0.008420877105219216,,,,,,,,AAPL,175.27286446527995,0.7527286446527957
2015-02-09,118.55,119.84,118.43,119.72,38889797,AAPL,0.006642562852097855,,,,,,,,AAPL,176.4371254837578,0.7643712548375741
2015-02-10,120.17,122.15,120.16,122.02,62008506,AAPL,0.01921149348479778,,,,,,,,AAPL,179.82674617046547,0.7982674617046506
2015-02-11,122.77,124.92,122.5,124.88,73561797,AAPL,0.023438780527782255,,,,,,,,AAPL,184.04166580698023,0.840416658069798
2015-02-12,126.06,127.48,125.57,126.46,74474466,AAPL,0.012652146060217806,,,,,,,,AAPL,186.37018784393595,0.8637018784393551
2015-02-13,127.28,127.28,125.65,127.08,54272219,AAPL,0.004902736043017608,,,,,,,,AAPL,187.28391168122235,0.8728391168122194
2015-02-17,127.49,128.88,126.92,127.83,63152405,AAPL,0.005901794145420247,,,,,,,,AAPL,188.389222774714,0.8838922277471357
2015-02-18,127.625,128.78,127.45,128.715,44891737,AAPL,0.006923257451302511,,,,,,,,AAPL,189.69348986503414,0.8969348986503369
2015-02-19,128.48,129.03,128.33,128.45,37362381,AAPL,-0.0020588121042615093,,,,,,,,AAPL,189.3029466120004,0.8930294661199996
2015-02-20,128.62,129.5,128.05,129.495,48948419,AAPL,0.008135461268976352,,,,,,,,AAPL,190.84301340226543,0.9084301340226497
2015-02-23,130.02,133.0,129.66,133.0,70974110,AAPL,0.027066682111278384,,,,,,,,AAPL,196.008500579183,0.9600850057918251
2015-02-24,132.94,133.6,131.17,132.17,69228130,AAPL,-0.006240601503759491,,,,,,,,AAPL,194.7852896357189,0.9478528963571842
2015-02-25,131.56,131.6,128.15,128.79,74711746,AAPL,-0.025573125520163442,,,,,,,,AAPL,189.8040209743833,0.898040209743828
2015-02-26,128.785,130.87,126.61,130.415,91287529,AAPL,0.012617439242177175,,,,,,,,AAPL,192.1988616769485,0.92198861676948
2015-02-27,130.0,130.57,128.24,128.46,62014847,AAPL,-0.014990606908714343,,,,,,,,AAPL,189.31768409324698,0.893176840932465
2015-03-02,129.25,130.28,128.3,129.09,48096663,AAPL,0.004904250350303618,,,,,,,,AAPL,190.24614541177996,0.9024614541177947
2015-03-03,128.96,129.52,128.09,129.36,37816283,AAPL,0.002091564025098913,,,,,,,,AAPL,190.64405740543694,0.9064405740543648
2015-03-04,129.1,129.56,128.32,128.54,31666340,AAPL,-0.006338899196042247,,,,,,,,AAPL,189.4355839432194,0.8943558394321893
2015-03-05,128.58,128.75,125.76,126.41,56517146,AAPL,-0.016570717286447767,,,,,,,,AAPL,186.29650043770317,0.8629650043770272
2015-03-06,128.4,129.37,126.26,126.6,72842060,AAPL,0.0015030456451230467,,,,,,,,AAPL,186.57651258138773,0.8657651258138728
2015-03-09,127.96,129.57,125.06,127.14,88528487,AAPL,0.004265402843601995,,,,,,,,AAPL,187.37233656870168,0.8737233656870127
2015-03-10,126.41,127.22,123.8,124.51,68856582,AAPL,-0.020685858109171007,,,,,,,,AAPL,183.4963790008577,0.8349637900085729
2015-03-11,124.75,124.77,122.11,122.24,68938974,AAPL,-0.01823146735201997,,,,,,,,AAPL,180.1509707578897,0.8015097075788928
2015-03-12,122.31,124.9,121.63,124.45,48362719,AAPL,0.018079188481675557,,,,,,,,AAPL,183.40795411337837,0.8340795411337798
2015-03-13,124.4,125.3951,122.58,123.59,51827283,AAPL,-0.006910405785455986,,,,,,,,AAPL,182.14053072617463,0.8214053072617424
2015-03-16,123.88,124.95,122.87,124.95,35874300,AAPL,0.011004126547455195,,,,,,,,AAPL,184.14482817570615,0.8414482817570572
2015-03-17,125.9,127.32,125.65,127.04,51023104,AAPL,0.01672669067627064,,,,,,,,AAPL,187.22496175623615,0.8722496175623575
2015-03-18,127.0,129.16,126.37,128.47,65270945,AAPL,0.01125629722921917,,,,,,,,AAPL,189.33242157449354,0.8933242157449313
2015-03-19,128.75,129.2451,127.4,127.495,45809490,AAPL,-0.007589320463921467,,,,,,,,AAPL,187.8955171529544,0.8789551715295403
2015-03-20,128.25,128.4,125.16,125.9,68695136,AAPL,-0.01251029452135377,,,,,,,,AAPL,185.5448888941289,0.855448888941285
2015-03-23,127.12,127.85,126.52,127.21,37709674,AAPL,0.010405083399523285,,,,,,,,AAPL,187.47549893742757,0.8747549893742719
2015-03-24,127.23,128.04,126.56,126.69,32842304,AAPL,-0.00408772895212639,,,,,,,,AAPL,186.70914991260673,0.8670914991260632
2015-03-25,126.54,126.82,123.38,123.38,51655177,AAPL,-0.02612676612203013,,,,,,,,AAPL,181.831043619997,0.818310436199966
2015-03-26,122.76,124.88,122.6,124.24,47572869,AAPL,0.006970335548711404,,,,,,,,AAPL,183.09846700720072,0.8309846700720036
2015-03-27,124.57,124.7,122.91,123.25,39546151,AAPL,-0.007968448164842212,,,,,,,,AAPL,181.63945636379174,0.8163945636379142
2015-03-30,124.05,126.4,124.0,126.37,47099670,AAPL,0.02531440162271803,,,,,,,,AAPL,186.23755051271695,0.862375505127166
2015-03-31,126.09,126.49,124.355,124.43,42090553,AAPL,-0.015351744876157314,,,,,,,,AAPL,183.37847915088528,0.8337847915088492
2015-04-01,124.82,125.12,123.1,124.25,40621437,AAPL,-0.001446596479948603,,,,,,,,AAPL,183.11320448844728,0.8311320448844692
2015-04-02,125.03,125.56,124.19,125.32,32220131,AAPL,0.008611670020120643,,,,,,,,AAPL,184.69011498182866,0.846901149818283
2015-04-06,124.47,127.51,124.33,127.35,37193975,AAPL,0.016198531758697676,,,,,,,,AAPL,187.68182367487935,0.8768182367487898
2015-04-07,127.64,128.1218,125.98,126.01,35012268,AAPL,-0.01052218296034546,,,,,,,,AAPL,185.70700118784097,0.857070011878406
2015-04-08,125.85,126.4,124.97,125.6,37329243,AAPL,-0.0032537100230141114,,,,,,,,AAPL,185.1027644567322,0.8510276445673184
2015-04-09,125.85,126.58,124.66,126.56,32483974,AAPL,0.007643312101910826,,,,,,,,AAPL,186.5175626564015,0.8651756265640114
2015-04-10,125.95,127.21,125.26,127.1,40187953,AAPL,0.004266750948166864,,,,,,,,AAPL,187.31338664371546,0.8731338664371511
2015-04-13,128.37,128.57,126.61,126.85,36365123,AAPL,-0.0019669551534224894,,,,,,,,AAPL,186.9449496125516,0.8694494961255124
2015-04-14,127.0,127.29,125.91,126.3,25524593,AAPL,-0.004335829720141904,,,,,,,,AAPL,186.13438814399106,0.861343881439907
2015-04-15,126.41,127.13,126.01,126.78,28970419,AAPL,0.0038004750593825243,,,,,,,,AAPL,186.8417872438257,0.8684178724382536
2015-04-16,126.28,127.1,126.11,126.17,28368987,AAPL,-0.0048114844612714425,,,,,,,,AAPL,185.94280088778586,0.8594280088778552
2015-04-17,125.55,126.14,124.46,124.75,51957046,AAPL,-0.011254656415946807,,,,,,,,AAPL,183.850078550775,0.8385007855077469
2015-04-20,125.57,128.12,125.17,127.6,47054310,AAPL,0.022845691382765487,,,,,,,,AAPL,188.05026070604322,0.8805026070604287
2015-04-21,128.1,128.2,126.67,126.91,32435057,AAPL,-0.0054075235109717346,,,,,,,,AAPL,187.03337450003093,0.8703337450003057
2015-04-22,126.99,128.87,126.32,128.62,37654505,AAPL,0.013474115514931828,,,,,,,,AAPL,189.55348379319184,0.8955348379319148
2015-04-23,128.3,130.42,128.14,129.67,45770902,AAPL,0.00816358264655559,,,,,,,,AAPL,191.10091932408014,0.9110091932407973
2015-04-24,130.49,130.63,129.23,130.28,44525905,AAPL,0.004704249248091319,,,,,,,,AAPL,191.99990568012,0.919999056801196
2015-04-27,132.31,133.13,131.15,132.65,96954207,AAPL,0.018191587350322447,,,,,,,,AAPL,195.49268873555357,0.9549268873555317
2015-04-28,134.455,134.54,129.57,130.56,118923970,AAPL,-0.01575574820957404,,,,,,,,AAPL,192.41255515502357,0.9241255515502316
2015-04-29,130.16,131.59,128.3,128.64,63386083,AAPL,-0.014705882352941346,,,,,,,,AAPL,189.58295875568493,0.8958295875568454
2015-04-30,127.5,127.88,124.58,125.15,83195423,AAPL,-0.02712997512437798,,,,,,,,AAPL,184.43957780063724,0.8443957780063684
2015-05-01,126.1,130.13,125.3,128.95,58512638,AAPL,0.03036356372353155,,,,,,,,AAPL,190.03982067432815,0.9003982067432774
2015-05-04,129.5,130.57,128.26,128.7,50988278,AAPL,-0.0019387359441643826,,,,,,,,AAPL,189.67138364316426,0.8967138364316387
2015-05-05,128.15,128.4498,125.78,125.8,49271416,AAPL,-0.022533022533022473,,,,,,,,AAPL,185.3975140816633,0.8539751408166292
2015-05-06,126.56,126.75,123.36,125.01,72141010,AAPL,-0.006279809220985588,,,,,,,,AAPL,184.2332530631855,0.8423325306318508
2015-05-07,124.77,126.08,124.02,125.26,43940895,AAPL,0.001999840012798959,,,,,,,,AAPL,184.60169009434935,0.8460169009434895
2015-05-08,126.68,127.62,126.11,127.62,55550382,AAPL,0.01884081111288527,,,,,,,,AAPL,188.07973566853636,0.8807973566853595
2015-05-11,127.39,127.56,125.625,126.32,42035757,AAPL,-0.010186491145588561,,,,,,,,AAPL,186.16386310648417,0.8616386310648378
2015-05-12,125.6,126.88,124.82,125.865,48160032,AAPL,-0.003601963267891084,,,,,,,,AAPL,185.4933077097659,0.8549330770976553
2015-05-13,126.15,127.19,125.87,126.01,34694235,AAPL,0.001152027966472069,,,,,,,,AAPL,185.70700118784097,0.8570700118784058
2015-05-14,127.41,128.95,127.16,128.95,45203456,AAPL,0.023331481628442008,,,,,,,,AAPL,190.03982067432815,0.9003982067432774
2015-05-15,129.07,129.49,128.21,128.77,38208034,AAPL,-0.0013958898797982178,,,,,,,,AAPL,189.77454601189018,0.8977454601188979
2015-05-18,128.38,130.72,128.36,130.19,50882918,AAPL,0.011027413217364224,,,,,,,,AAPL,191.867268348901,0.918672683489006
2015-05-19,130.69,130.88,129.64,130.07,44633240,AAPL,-0.00092172977955296,,,,,,,,AAPL,191.69041857394234,0.9169041857394193
2015-05-20,130.0,130.98,129.34,130.06,36454932,AAPL,-7.688167909580823e-05,,,,,,,,AAPL,191.67568109269578,0.9167568109269539
2015-05-21,130.07,131.63,129.83,131.39,39730364,AAPL,0.010226049515608127,,,,,,,,AAPL,193.6357660984876,0.936357660984872
2015-05-22,131.6,132.97,131.4,132.54,45595972,AAPL,0.008752568688636941,,,,,,,,AAPL,195.33057644184143,0.9533057644184104
2015-05-26,132.6,132.91,129.12,129.62,70697560,AAPL,-0.022031084955485003,,,,,,,,AAPL,191.0272319178474,0.9102723191784698
2015-05-27,130.34,132.26,130.05,132.045,45833246,AAPL,0.018708532633852748,,,,,,,,AAPL,194.60107112013696,0.9460107112013658
2015-05-28,131.86,131.95,131.1,131.78,30733309,AAPL,-0.0020068915899881246,,,,,,,,AAPL,194.21052786710328,0.9421052786710289
2015-05-29,131.23,131.45,129.9,130.28,50884452,AAPL,-0.011382607375929554,,,,,,,,AAPL,191.99990568012,0.9199990568011964
2015-06-01,131.2,131.39,130.05,130.535,32112797,AAPL,0.0019573226895917006,,,,,,,,AAPL,192.37571145190714,0.9237571145190682
2015-06-02,129.86,130.655,129.32,129.96,33667627,AAPL,-0.004404948864289215,,,,,,,,AAPL,191.52830628023025,0.9152830628022992
2015-06-03,130.66,130.94,129.9,130.12,30983542,AAPL,0.001231148045552466,,,,,,,,AAPL,191.76410598017512,0.9176410598017479
2015-06-04,129.58,130.58,128.91,129.36,38450118,AAPL,-0.005840762373193864,,,,,,,,AAPL,190.64405740543694,0.9064405740543662
2015-06-05,129.5,129.69,128.36,128.65,35626800,AAPL,-0.0054885590599876855,,,,,,,,AAPL,189.5976962369315,0.8959769623693119
2015-06-08,128.9,129.21,126.83,127.8,52674786,AAPL,-0.006607073455110801,,,,,,,,AAPL,188.34501033097433,0.8834501033097399
2015-06-09,126.7,128.08,125.62,127.42,56075420,AAPL,-0.0029733959311423197,,,,,,,,AAPL,187.78498604360524,0.8778498604360492
2015-06-10,127.92,129.34,127.85,128.88,39087250,AAPL,0.011458169832051501,,,,,,,,AAPL,189.9366583056023,0.8993665830560196
2015-06-11,129.18,130.18,128.475,128.59,35390887,AAPL,-0.0022501551831159983,,,,,,,,AAPL,189.50927134945218,0.8950927134945188
2015-06-12,128.185,128.33,127.11,127.17,36886246,AAPL,-0.0110428493662027,,,,,,,,AAPL,187.41654901244135,0.8741654901244105
2015-06-15,126.1,127.24,125.71,126.92,43988946,AAPL,-0.0019658724541952166,,,,,,,,AAPL,187.0481119812775,0.8704811198127715
2015-06-16,127.03,127.85,126.37,127.6,31494131,AAPL,0.005357705641348742,,,,,,,,AAPL,188.05026070604322,0.8805026070604287
2015-06-17,127.72,127.88,126.74,127.3,32918071,AAPL,-0.0023510971786833146,,,,,,,,AAPL,187.60813626864658,0.8760813626864623
2015-06-18,127.23,128.31,127.22,127.88,35407220,AAPL,0.004556166535742312,,,,,,,,AAPL,188.46291018094675,0.8846291018094643
2015-06-19,127.71,127.82,126.4,126.6,54716887,AAPL,-0.010009383797309979,,,,,,,,AAPL,186.57651258138773,0.8657651258138739
2015-06-22,127.49,128.06,127.08,127.61,34039345,AAPL,0.0079778830963666,,,,,,,,AAPL,188.0649981872898,0.8806499818728948
2015-06-23,127.48,127.61,126.8792,127.03,30268863,AAPL,-0.004545098346524501,,,,,,,,AAPL,187.2102242749896,0.872102242749893
2015-06-24,127.21,129.8,127.12,128.11,55280855,AAPL,0.008501928678265047,,,,,,,,AAPL,188.8018722496176,0.8880187224961726
2015-06-25,128.86,129.2,127.5,127.5,31938100,AAPL,-0.0047615330575287995,,,,,,,,AAPL,187.9028858935777,0.8790288589357738
2015-06-26,127.67,127.99,126.51,126.75,44066841,AAPL,-0.00588235294117645,,,,,,,,AAPL,186.79757480008604,0.8679757480008574
2015-06-29,125.46,126.47,124.48,124.53,49161427,AAPL,-0.01751479289940827,,,,,,,,AAPL,183.5258539633508,0.835258539633505
2015-06-30,125.57,126.12,124.86,125.425,44370682,AAPL,0.00718702320725928,,,,,,,,AAPL,184.8448585349175,0.8484485853491719
2015-07-01,126.9,126.94,125.99,126.6,30238811,AAPL,0.009368148295794354,,,,,,,,AAPL,186.57651258138773,0.8657651258138743
2015-07-02,126.43,126.69,125.77,126.44,27210952,AAPL,-0.0012638230647709081,,,,,,,,AAPL,186.34071288144284,0.8634071288144256
2015-07-06,124.94,126.23,124.85,126.0,28060431,AAPL,-0.0034799114204365766,,,,,,,,AAPL,185.69226370659442,0.8569226370659413
2015-07-07,125.89,126.15,123.77,125.69,46946811,AAPL,-0.002460317460317496,,,,,,,,AAPL,185.23540178795122,0.852354017879509
2015-07-08,124.48,124.64,122.54,122.57,60761614,AAPL,-0.024822977166043425,,,,,,,,AAPL,180.637307639026,0.8063730763902572
2015-07-09,123.85,124.06,119.22,120.07,78595038,AAPL,-0.02039650811781024,,,,,,,,AAPL,176.95293732738722,0.7695293732738695
2015-07-10,121.94,123.85,121.21,123.28,61354474,AAPL,0.0267344049304572,,,,,,,,AAPL,181.6836688075314,0.8168366880753113
2015-07-13,125.03,125.755,124.32,125.66,41440538,AAPL,0.019305645684620343,,,,,,,,AAPL,185.19118934421155,0.8519118934421124
2015-07-14,126.04,126.37,125.04,125.61,31768139,AAPL,-0.0003978990927900883,,,,,,,,AAPL,185.11750193797874,0.8511750193797847
2015-07-15,125.72,127.15,125.58,126.82,33649200,AAPL,0.009632991003900804,,,,,,,,AAPL,186.90073716881193,0.8690073716881161
2015-07-16,127.74,128.57,127.35,128.51,36222447,AAPL,0.013325973821163739,,,,,,,,AAPL,189.39137149947973,0.893913714994794
2015-07-17,129.08,129.62,128.31,129.62,46164710,AAPL,0.008637460119835128,,,,,,,,AAPL,191.0272319178474,0.9102723191784703
2015-07-20,130.97,132.97,130.7,132.07,58900203,AAPL,0.018901404104304742,,,,,,,,AAPL,194.63791482325337,0.9463791482325299
2015-07-21,132.85,132.92,130.32,130.75,76756427,AAPL,-0.009994699780419447,,,,,,,,AAPL,192.6925672987081,0.9269256729870772
2015-07-22,121.99,125.5,121.99,125.22,115450607,AAPL,-0.042294455066921643,,,,,,,,AAPL,184.54274016936313,0.8454274016936274
2015-07-23,126.2,127.09,125.06,125.16,50999452,AAPL,-0.00047915668423581526,,,,,,,,AAPL,184.4543152818838,0.8445431528188341
2015-07-24,125.32,125.74,123.9,124.5,42162332,AAPL,-0.005273250239693161,,,,,,,,AAPL,183.48164151961114,0.8348164151961077
2015-07-27,123.09,123.61,122.12,122.77,44455540,AAPL,-0.013895582329317313,,,,,,,,AAPL,180.93205726395712,0.8093205726395674
2015-07-28,123.38,123.91,122.55,123.38,33618097,AAPL,0.004968640547365011,,,,,,,,AAPL,181.831043619997,0.818310436199966
2015-07-29,123.15,123.5,122.27,122.99,37011653,AAPL,-0.0031609661209272,,,,,,,,AAPL,181.25628185138132,0.8125628185138096
2015-07-30,122.32,122.5699,121.71,122.37,33628268,AAPL,-0.005041060248800688,,,,,,,,AAPL,180.34255801409492,0.8034255801409456
2015-07-31,122.6,122.6425,120.91,121.3,42884953,AAPL,-0.008743973196044807,,,,,,,,AAPL,178.76564752071351,0.7876564752071316
2015-08-03,121.5,122.57,117.52,118.44,69975968,AAPL,-0.023577906018136807,,,,,,,,AAPL,174.55072788419875,0.7455072788419841
2015-08-04,117.42,117.7,113.25,114.64,124138623,AAPL,-0.03208375548801079,,,,,,,,AAPL,168.9504850105078,0.6895048501050749
2015-08-05,112.95,117.44,112.1,115.4,99312613,AAPL,0.0066294487090021725,,,,,,,,AAPL,170.070533585246,0.7007053358524569
2015-08-06,115.97,116.5,114.115,115.13,52903040,AAPL,-0.0023396880415945676,,,,,,,,AAPL,169.672621591589,0.6967262159158869
2015-08-07,114.58,116.25,114.5,115.52,38670405,AAPL,0.0033874750282290034,,,,,,,,AAPL,170.24738336020465,0.7024738336020435
2015-08-10,116.53,119.99,116.53,119.72,54951597,AAPL,0.036357340720221565,,,,,,,,AAPL,176.4371254837578,0.7643712548375747
2015-08-11,117.81,118.18,113.33,113.49,97082814,AAPL,-0.05203808887403949,,,,,,,,AAPL,167.25567466715395,0.6725567466715365
2015-08-12,112.53,115.42,109.63,115.24,101685610,AAPL,0.015419860780685468,,,,,,,,AAPL,169.8347338853011,0.6983473388530079
2015-08-13,116.04,116.4,114.54,115.15,48535789,AAPL,-0.0007809788267961748,,,,,,,,AAPL,169.70209655408212,0.6970209655408182
2015-08-14,114.32,116.31,114.01,115.96,42929516,AAPL,0.007034303082935178,,,,,,,,AAPL,170.89583253505307,0.7089583253505276
2015-08-17,116.04,117.65,115.5,117.16,40884745,AAPL,0.010348395998620141,,,,,,,,AAPL,172.6643302846397,0.7266433028463937
2015-08-18,116.43,117.44,116.01,116.5,34560708,AAPL,-0.0056333219528849066,,,,,,,,AAPL,171.69165652236705,0.7169165652236673
2015-08-19,116.1,116.52,114.68,115.01,48286510,AAPL,-0.012789699570815438,,,,,,,,AAPL,169.49577181663037,0.6949577181663003
2015-08-20,114.08,114.35,111.63,112.65,68501622,AAPL,-0.02051995478654034,,,,,,,,AAPL,166.01772624244336,0.6601772624244302
2015-08-21,110.43,111.9,105.645,105.76,128275471,AAPL,-0.06116289391921881,,,,,,,,AAPL,155.86360166356687,0.5586360166356656
2015-08-24,94.87,108.8,92.0,103.12,162206292,AAPL,-0.024962178517397904,,,,,,,,AAPL,151.97290661447633,0.5197290661447602
2015-08-25,111.11,111.11,103.5,103.74,103601599,AAPL,0.006012412723040983,,,,,,,,AAPL,152.88663045176273,0.5288663045176241
2015-08-26,107.085,109.89,105.05,109.69,96774611,AAPL,0.05735492577597845,,,,,,,,AAPL,161.655431793463,0.6165543179346269
2015-08-27,112.25,113.24,110.02,112.92,84616056,AAPL,0.029446622299206915,,,,,,,,AAPL,166.41563823610034,0.6641563823609999
2015-08-28,112.17,113.31,111.54,113.29,53164407,AAPL,0.0032766560396741973,,,,,,,,AAPL,166.9609250422229,0.6696092504222255
2015-08-31,112.13,114.53,112.0,112.76,56229271,AAPL,-0.004678259334451429,,,,,,,,AAPL,166.17983853615544,0.6617983853615512
2015-09-01,110.18,111.88,107.36,107.72,76845860,AAPL,-0.04469670095778655,,,,,,,,AAPL,158.75214798789168,0.5875214798789135
2015-09-02,110.0,112.34,109.131,112.34,61888812,AAPL,0.04288897140735237,,,,,,,,AAPL,165.56086432380016,0.655608643237998
2015-09-03,112.49,112.78,110.04,110.37,53233940,AAPL,-0.01753605127292146,,,,,,,,AAPL,162.65758051822877,0.6265758051822845
2015-09-04,108.97,110.45,108.51,109.27,49996311,AAPL,-0.009966476397571866,,,,,,,,AAPL,161.03645758110773,0.6103645758110738
2015-09-08,111.65,112.56,110.32,112.31,54843626,AAPL,0.027820993868399535,,,,,,,,AAPL,165.51665188006046,0.6551665188006015
2015-09-09,113.76,114.02,109.77,110.15,85010804,AAPL,-0.019232481524352196,,,,,,,,AAPL,162.33335593080457,0.6233335593080427
2015-09-10,110.27,113.2825,109.9,112.57,62892831,AAPL,0.02197004085338161,,,,,,,,AAPL,165.89982639247089,0.6589982639247058
2015-09-11,111.79,114.21,111.76,114.21,49915473,AAPL,0.014568712800923977,,,,,,,,AAPL,168.31677331690594,0.6831677331690564
2015-09-14,116.58,116.89,114.86,115.31,58363431,AAPL,0.009631380789773214,,,,,,,,AAPL,169.937896254027,0.6993789625402671
2015-09-15,115.93,116.53,114.42,116.28,43341155,AAPL,0.008412106495533811,,,,,,,,AAPL,171.36743193494286,0.7136743193494255
2015-09-16,116.25,116.54,115.44,116.41,37173489,AAPL,0.0011179910560714656,,,,,,,,AAPL,171.55901919114805,0.7155901919114775
2015-09-17,115.66,116.49,113.715,113.92,64112641,AAPL,-0.021389914955759814,,,,,,,,AAPL,167.88938636075585,0.6788938636075554
2015-09-18,112.21,114.3,111.87,113.45,74285291,AAPL,-0.004125702247190999,,,,,,,,AAPL,167.19672474216776,0.6719672474216745
2015-09-21,113.67,115.37,113.66,115.21,50221965,AAPL,0.01551344204495364,,,,,,,,AAPL,169.79052144156142,0.6979052144156113
2015-09-22,113.38,114.18,112.5201,113.4,50346159,AAPL,-0.015710441801926822,,,,,,,,AAPL,167.12303733593498,0.6712303733593468
2015-09-23,113.63,114.72,113.3,114.32,35756716,AAPL,0.008112874779541368,,,,,,,,AAPL,168.47888561061802,0.6847888561061772
2015-09-24,113.25,115.5,112.37,115.0,50219475,AAPL,0.005948215535339418,,,,,,,,AAPL,169.48103433538378,0.6948103433538346
2015-09-25,116.44,116.69,114.02,114.71,56151926,AAPL,-0.0025217391304348524,,,,,,,,AAPL,169.0536473792337,0.6905364737923336
2015-09-28,113.85,114.57,112.44,112.44,52109011,AAPL,-0.01978903321419223,,,,,,,,AAPL,165.7082391362657,0.6570823913626538
2015-09-29,112.83,113.51,107.86,109.06,73365384,AAPL,-0.030060476698683725,,,,,,,,AAPL,160.72697047493006,0.6072697047492976
2015-09-30,110.17,111.54,108.73,110.3,66473033,AAPL,0.011369888134971529,,,,,,,,AAPL,162.55441814950288,0.6255441814950258
2015-10-01,109.07,109.62,107.31,109.58,63929100,AAPL,-0.006527651858567518,,,,,,,,AAPL,161.49331949975092,0.6149331949975061
2015-10-02,108.01,111.0136,107.55,110.38,58019758,AAPL,0.007300602299689762,,,,,,,,AAPL,162.67231799947533,0.6267231799947501
2015-10-05,109.88,111.3698,109.07,110.78,52064743,AAPL,0.0036238448994383443,,,,,,,,AAPL,163.26181724933755,0.6326181724933722
2015-10-06,110.63,111.74,109.765,111.31,48856977,AAPL,0.004784257086116739,,,,,,,,AAPL,164.04290375540495,0.6404290375540465
2015-10-07,111.74,111.77,109.41,110.78,46765550,AAPL,-0.0047614769562482895,,,,,,,,AAPL,163.26181724933755,0.6326181724933724
2015-10-08,110.19,110.19,108.21,109.5,61979577,AAPL,-0.011554432207979803,,,,,,,,AAPL,161.37541964977848,0.6137541964977817
2015-10-09,110.0,112.28,109.49,112.12,52766140,AAPL,0.02392694063926948,,,,,,,,AAPL,165.23663973637593,0.6523663973637561
2015-10-12,112.73,112.75,111.44,111.6,30467204,AAPL,-0.004637887977167465,,,,,,,,AAPL,164.47029071155507,0.6447029071155472
2015-10-13,110.82,112.45,110.68,111.79,33049256,AAPL,0.0017025089605735566,,,,,,,,AAPL,164.75030285523962,0.6475030285523928
2015-10-14,111.29,111.52,109.56,110.21,44462449,AAPL,-0.01413364343859036,,,,,,,,AAPL,162.42178081828388,0.6242178081828356
2015-10-15,110.93,112.1,110.49,111.86,37673452,AAPL,0.014971418201615183,,,,,,,,AAPL,164.8534652239655,0.6485346522396516
2015-10-16,111.78,112.0,110.53,111.04,39232609,AAPL,-0.007330591811192555,,,,,,,,AAPL,163.64499176174797,0.6364499176174765
2015-10-19,110.8,111.75,110.11,111.73,29759153,AAPL,0.006213976945244948,,,,,,,,AAPL,164.6618779677603,0.6466187796775995
2015-10-20,111.34,114.17,110.82,113.77,48967763,AAPL,0.01825830126197081,,,,,,,,AAPL,167.66832414205751,0.6766832414205719
2015-10-21,114.0,115.58,113.7,113.76,42326974,AAPL,-8.789663355890376e-05,,,,,,,,AAPL,167.65358666081096,0.6765358666081065
2015-10-22,114.33,115.5,114.1,115.5,41654089,AAPL,0.015295358649789037,,,,,,,,AAPL,170.21790839771157,0.7021790839771123
2015-10-23,116.7,119.228,116.33,119.08,59366914,AAPL,0.03099567099567091,,,,,,,,AAPL,175.4939266839783,0.7549392668397794
2015-10-26,118.08,118.13,114.92,115.28,66333781,AAPL,-0.03191132012092712,,,,,,,,AAPL,169.89368381028734,0.69893683810287
2015-10-27,115.4,116.54,113.99,114.55,69884400,AAPL,-0.006332408049965377,,,,,,,,AAPL,168.8178476792888,0.6881784767928847
2015-10-28,116.93,119.3,116.06,119.27,85551352,AAPL,0.0412047140986469,,,,,,,,AAPL,175.77393882766282,0.7577393882766248
2015-10-29,118.7,120.69,118.27,120.53,51227334,AAPL,0.0105642659512033,,,,,,,,AAPL,177.63086146472878,0.7763086146472844
2015-10-30,120.99,121.22,119.45,119.5,49365254,AAPL,-0.008545590309466555,,,,,,,,AAPL,176.1129008963336,0.7611290089633327
2015-11-02,119.87,121.36,119.61,121.18,32203267,AAPL,0.014058577405857697,,,,,,,,AAPL,178.58879774575487,0.7858879774575451
2015-11-03,120.79,123.49,120.7,122.57,45518976,AAPL,0.011470539693018589,,,,,,,,AAPL,180.637307639026,0.8063730763902566
2015-11-04,123.13,123.82,121.62,122.0,44886050,AAPL,-0.004650403850860685,,,,,,,,AAPL,179.7972712079724,0.7979727120797202
2015-11-05,121.85,122.69,120.18,120.92,39552680,AAPL,-0.008852459016393421,,,,,,,,AAPL,178.20562323334443,0.7820562323334408
2015-11-06,121.11,121.81,120.62,121.06,33042283,AAPL,0.001157790274561643,,,,,,,,AAPL,178.4119479707962,0.7841194797079585
2015-11-09,120.96,121.81,120.05,120.57,33871405,AAPL,-0.004047579712539329,,,,,,,,AAPL,177.68981138971498,0.7768981138971462
2015-11-10,116.9,118.07,116.061,116.77,59127931,AAPL,-0.03151696110143487,,,,,,,,AAPL,172.08956851602403,0.7208956851602368
2015-11-11,116.37,117.42,115.21,116.11,45217971,AAPL,-0.005652136678941488,,,,,,,,AAPL,171.1168947537514,0.7111689475375105
2015-11-12,116.26,116.82,115.65,115.72,32525579,AAPL,-0.0033588838170700575,,,,,,,,AAPL,170.54213298513577,0.7054213298513539
2015-11-13,115.2,115.57,112.27,112.34,45812403,AAPL,-0.029208434151399842,,,,,,,,AAPL,165.56086432380016,0.655608643237998
2015-11-16,111.38,114.24,111.0,114.175,38106701,AAPL,0.01633434217553842,,,,,,,,AAPL,168.26519213254298,0.6826519213254263
2015-11-17,114.92,115.05,113.32,113.69,27616939,AAPL,-0.004247865119334393,,,,,,,,AAPL,167.55042429208507,0.6755042429208471
2015-11-18,115.76,117.49,115.5,117.29,46674697,AAPL,0.031665054094467404,,,,,,,,AAPL,172.85591754084493,0.7285591754084453
2015-11-19,117.64,119.75,116.76,118.78,43295820,AAPL,0.01270355529030609,,,,,,,,AAPL,175.05180224658164,0.7505180224658123
2015-11-20,119.2,119.92,118.85,119.3,34287096,AAPL,0.004377841387438908,,,,,,,,AAPL,175.81815127140248,0.7581815127140208
2015-11-23,119.27,119.73,117.34,117.75,32482528,AAPL,-0.012992455993294239,,,,,,,,AAPL,173.53384167818643,0.7353384167818604
2015-11-24,117.33,119.35,117.12,118.88,42803172,AAPL,0.00959660297239906,,,,,,,,AAPL,175.19917705904717,0.7519917705904675
2015-11-25,119.21,119.23,117.92,118.03,21388308,AAPL,-0.007150067294750984,,,,,,,,AAPL,173.94649115309,0.7394649115308958
2015-11-27,118.29,118.41,117.6,117.81,13046445,AAPL,-0.0018639328984156878,,,,,,,,AAPL,173.62226656566577,0.7362226656566535
2015-11-30,117.99,119.41,117.75,118.3,39180322,AAPL,0.004159239453357166,,,,,,,,AAPL,174.34440314674697,0.7434440314674655
2015-12-01,118.75,118.81,116.86,117.34,34852374,AAPL,-0.008114961961115719,,,,,,,,AAPL,172.9296049470777,0.7292960494707728
2015-12-02,117.05,118.11,116.08,116.28,33386563,AAPL,-0.009033577637634238,,,,,,,,AAPL,171.36743193494286,0.7136743193494244
2015-12-03,116.55,116.79,114.22,115.2,41569509,AAPL,-0.009287925696594423,,,,,,,,AAPL,169.7757839603149,0.697757839603145
2015-12-04,115.29,119.25,115.11,119.03,57776977,AAPL,0.03324652777777781,,,,,,,,AAPL,175.4202392777455,0.754202392777451
2015-12-07,118.98,119.86,117.81,118.28,32084249,AAPL,-0.006300932538015669,,,,,,,,AAPL,174.31492818425386,0.7431492818425347
2015-12-08,117.52,118.6,116.86,118.23,34309450,AAPL,-0.000422725735542806,,,,,,,,AAPL,174.2412407780211,0.742412407780207
2015-12-09,117.64,117.69,115.08,115.62,46361357,AAPL,-0.022075615326059395,,,,,,,,AAPL,170.39475817267024,0.7039475817266982
2015-12-10,116.04,116.94,115.51,116.17,29212727,AAPL,0.004756962463241532,,,,,,,,AAPL,171.20531964123074,0.7120531964123034
2015-12-11,115.19,115.39,112.851,113.18,46886161,AAPL,-0.02573814237755012,,,,,,,,AAPL,166.79881274851078,0.6679881274851036
2015-12-14,112.18,112.68,109.79,112.48,65003609,AAPL,-0.006184838310655638,,,,,,,,AAPL,165.7671890612519,0.657671890612515
2015-12-15,111.94,112.8,110.35,110.49,53323105,AAPL,-0.01769203413940268,,,,,,,,AAPL,162.83443029318744,0.6283443029318703
2015-12-16,111.07,111.99,108.8,111.34,56238467,AAPL,0.00769300389175509,,,,,,,,AAPL,164.08711619914462,0.6408711619914425
2015-12-17,112.02,112.25,108.98,108.98,44772827,AAPL,-0.02119633554876954,,,,,,,,AAPL,160.6090706249576,0.6060907062495724
2015-12-18,108.91,109.52,105.81,106.03,96453327,AAPL,-0.027069187006790285,,,,,,,,AAPL,156.26151365722384,0.5626151365722349
2015-12-21,107.28,107.37,105.57,107.33,47590610,AAPL,0.012260680939356838,,,,,,,,AAPL,158.17738621927603,0.5817738621927566
2015-12-22,107.4,107.72,106.451,107.23,32789367,AAPL,-0.0009317059536010364,,,,,,,,AAPL,158.03001140681047,0.5803001140681012
2015-12-23,107.27,108.85,107.2,108.61,32657354,AAPL,0.012869532780005466,,,,,,,,AAPL,160.06378381883508,0.600637838188347
2015-12-24,109.0,109.0,107.95,108.03,13596680,AAPL,-0.005340208083970177,,,,,,,,AAPL,159.20900990653487,0.592090099065345
2015-12-28,107.59,107.69,106.1807,106.82,26704210,AAPL,-0.011200592428029288,,,,,,,,AAPL,157.4257746757017,0.5742577467570134
2015-12-29,106.96,109.43,106.86,108.74,30931243,AAPL,0.017974162141920935,,,,,,,,AAPL,160.25537107504027,0.6025537107503991
2015-12-30,108.58,108.7,107.18,107.32,25213777,AAPL,-0.013058672061798782,,,,,,,,AAPL,158.16264873802945,0.581626487380291
2015-12-31,107.01,107.03,104.82,105.26,40912316,AAPL,-0.01919493104733494,,,,,,,,AAPL,155.1267276012391,0.5512672760123878
2016-01-04,102.61,105.368,102.0,105.35,67649387,AAPL,0.0008550256507693366,,,,,,,,AAPL,155.2593649324581,0.5525936493245776
2016-01-05,105.75,105.85,102.41,102.71,55790992,AAPL,-0.025059326056003806,,,,,,,,AAPL,151.36866988336755,0.5136866988336721
2016-01-06,100.56,102.37,99.87,100.7,68457388,AAPL,-0.019569662155583645,,,,,,,,AAPL,148.40643615281,0.4840643615280964
2016-01-07,98.68,100.13,96.43,96.45,81094428,AAPL,-0.04220456802383321,,,,,,,,AAPL,142.14300662302406,0.42143006623023727
2016-01-08,98.55,99.11,96.76,96.96,70798016,AAPL,0.005287713841368502,,,,,,,,AAPL,142.89461816659838,0.4289461816659803
2016-01-11,98.97,99.06,97.34,98.53,49739377,AAPL,0.016192244224422447,,,,,,,,AAPL,145.20840272230754,0.4520840272230717
2016-01-12,100.55,100.69,98.8399,99.96,49154227,AAPL,0.014513346188977927,,,,,,,,AAPL,147.3158625405649,0.47315862540564546
2016-01-13,100.32,101.19,97.3,97.39,62439631,AAPL,-0.0257102841136454,,,,,,,,AAPL,143.52832986020024,0.435283298601999
2016-01-14,97.96,100.48,95.74,99.52,63170127,AAPL,0.02187082862716916,,,,,,,,AAPL,146.66741336571647,0.46667413365716137
2016-01-15,96.2,97.71,95.36,97.13,79833891,AAPL,-0.024015273311897123,,,,,,,,AAPL,143.1451553477898,0.43145155347789466
2016-01-19,98.41,98.65,95.5,96.66,53087747,AAPL,-0.004838875733552905,,,,,,,,AAPL,142.4524937292017,0.4245249372920139
2016-01-20,95.1,98.1897,93.42,96.79,72334416,AAPL,0.001344920339333866,,,,,,,,AAPL,142.64408098540696,0.4264408098540662
2016-01-21,97.06,97.88,94.94,96.3,52161463,AAPL,-0.0050625064572787926,,,,,,,,AAPL,141.92194440432573,0.41921944404325395
2016-01-22,98.63,101.46,98.37,101.42,65800467,AAPL,0.05316718587746627,,,,,,,,AAPL,149.46753480256197,0.4946753480256161
2016-01-25,101.52,101.53,99.21,99.44,51794525,AAPL,-0.0195227765726681,,,,,,,,AAPL,146.54951351574402,0.465495135157437
2016-01-26,99.93,100.88,98.07,99.99,75077002,AAPL,0.005530973451327359,,,,,,,,AAPL,147.36007498430456,0.4736007498430421
2016-01-27,96.04,96.6289,93.34,93.42,133369674,AAPL,-0.06570657065706564,,,,,,,,AAPL,137.67754980531785,0.37677549805317545
2016-01-28,93.79,94.52,92.39,94.09,55678825,AAPL,0.0071719117961892564,,,,,,,,AAPL,138.66496104883706,0.38664961048836743
2016-01-29,94.79,97.34,94.35,97.34,64416504,AAPL,0.03454139653523214,,,,,,,,AAPL,143.45464245396747,0.4345464245396713
2016-02-01,96.47,96.71,95.4,96.43,40943541,AAPL,-0.00934867474830492,,,,,,,,AAPL,142.11353166053095,0.42113531660530623
2016-02-02,95.42,96.04,94.28,94.48,37357215,AAPL,-0.02022192263818312,,,,,,,,AAPL,139.23972281745273,0.3923972281745238
2016-02-03,95.0,96.84,94.08,96.35,45964294,AAPL,0.019792548687552758,,,,,,,,AAPL,141.9956318105585,0.41995631810558165
2016-02-04,95.86,97.33,95.19,96.6,46471652,AAPL,0.002594706798131785,,,,,,,,AAPL,142.36406884172237,0.42364068841722036
2016-02-05,96.52,96.92,93.69,94.02,46418064,AAPL,-0.026708074534161463,,,,,,,,AAPL,138.56179868011117,0.38561798680110826
2016-02-08,93.13,95.7,93.04,95.01,54021375,AAPL,0.010529674537332667,,,,,,,,AAPL,140.02080932352013,0.4002080932351981
2016-02-09,94.29,95.94,93.93,94.99,44331195,AAPL,-0.0002105041574572697,,,,,,,,AAPL,139.991334361027,0.39991334361026687
2016-02-10,95.92,96.35,94.1,94.27,42343601,AAPL,-0.00757974523634064,,,,,,,,AAPL,138.93023571127503,0.3893023571127472
2016-02-11,93.79,94.72,92.59,93.7,50074711,AAPL,-0.006046462289169385,,,,,,,,AAPL,138.0901992802214,0.3809019928022108
2016-02-12,94.19,94.5,93.01,93.99,40351381,AAPL,0.003094983991462019,,,,,,,,AAPL,138.5175862363715,0.3851758623637116
2016-02-16,95.02,96.85,94.61,96.64,49057916,AAPL,0.02819448877540176,,,,,,,,AAPL,142.4230187667086,0.42423018766708265
2016-02-17,96.67,98.21,96.15,98.12,44863243,AAPL,0.01531456953642385,,,,,,,,AAPL,144.60416599119876,0.4460416599119841
2016-02-18,98.84,98.89,96.091,96.26,39020983,AAPL,-0.018956379942926982,,,,,,,,AAPL,141.86299447933953,0.41862994479339166
2016-02-19,96.0,96.7599,95.8,96.04,35374173,AAPL,-0.002285476833575717,,,,,,,,AAPL,141.5387698919153,0.4153876989191496
2016-02-22,96.31,96.9,95.92,96.88,34280758,AAPL,0.008746355685131046,,,,,,,,AAPL,142.77671831662593,0.4277671831662557
2016-02-23,96.4,96.5,94.55,94.69,31942633,AAPL,-0.02260528488852187,,,,,,,,AAPL,139.54920992363037,0.3954920992363
2016-02-24,93.98,96.38,93.32,96.1,36255745,AAPL,0.014890695955222188,,,,,,,,AAPL,141.6271947793946,0.4162719477939425
2016-02-25,96.05,96.76,95.25,96.76,27582659,AAPL,0.006867845993756561,,,,,,,,AAPL,142.5998685416673,0.42599868541666885
2016-02-26,97.2,98.0237,96.58,96.91,28991131,AAPL,0.0015502273666803124,,,,,,,,AAPL,142.8209307603656,0.42820930760365195
2016-02-29,96.86,98.23,96.65,96.69,35216277,AAPL,-0.002270147559591318,,,,,,,,AAPL,142.4967061729414,0.4249670617294099
2016-03-01,97.65,100.77,97.42,100.53,50407147,AAPL,0.0397145516599442,,,,,,,,AAPL,148.15589897161854,0.4815589897161814
2016-03-02,100.51,100.89,99.64,100.75,33169560,AAPL,0.0021884014721973433,,,,,,,,AAPL,148.48012355904277,0.48480123559042343
2016-03-03,100.58,101.7099,100.45,101.5,36955742,AAPL,0.007444168734491274,,,,,,,,AAPL,149.5854346525344,0.4958543465253398
2016-03-04,102.37,103.75,101.37,103.01,46055100,AAPL,0.014876847290640427,,,,,,,,AAPL,151.81079432076422,0.5181079432076381
2016-03-07,102.39,102.83,100.96,101.87,35915810,AAPL,-0.011066886710028201,,,,,,,,AAPL,150.13072145865692,0.5013072145865651
2016-03-08,100.78,101.76,100.4,101.03,31561889,AAPL,-0.008245803475017244,,,,,,,,AAPL,148.8927730339463,0.4889277303394588
2016-03-09,101.31,101.58,100.27,101.12,27201683,AAPL,0.0008908245075720522,,,,,,,,AAPL,149.0254103651653,0.4902541036516488
2016-03-10,101.41,102.24,100.15,101.17,33513577,AAPL,0.0004944620253164445,,,,,,,,AAPL,149.09909777139808,0.4909909777139765
2016-03-11,102.24,102.28,101.5,102.26,27408237,AAPL,0.010773944845309913,,,,,,,,AAPL,150.7054832272726,0.5070548322727215
2016-03-14,101.91,102.91,101.78,102.52,25076062,AAPL,0.002542538627029023,,,,,,,,AAPL,151.08865773968301,0.5108865773968256
2016-03-15,103.96,105.18,103.85,104.58,40067734,AAPL,0.020093640265314017,,,,,,,,AAPL,154.12457887647338,0.5412457887647291
2016-03-16,104.61,106.31,104.59,105.97,38303493,AAPL,0.013291260279212125,,,,,,,,AAPL,156.1730887697445,0.5617308876974407
2016-03-17,105.52,106.47,104.96,105.8,34420705,AAPL,-0.0016042276115881826,,,,,,,,AAPL,155.9225515885531,0.5592255158855264
2016-03-18,106.34,106.5,105.19,105.92,44205171,AAPL,0.0011342155009452792,,,,,,,,AAPL,156.09940136351176,0.5609940136351133
2016-03-21,105.93,107.65,105.1401,105.91,35502678,AAPL,-9.44108761329332e-05,,,,,,,,AAPL,156.08466388226518,0.5608466388226476
2016-03-22,105.25,107.29,105.21,106.72,32444375,AAPL,0.007648003021433425,,,,,,,,AAPL,157.27839986323616,0.5727839986323575
2016-03-23,106.48,107.07,105.9,106.13,25703495,AAPL,-0.005528485757121504,,,,,,,,AAPL,156.4088884696894,0.5640888846968899
2016-03-24,105.47,106.25,104.89,105.67,26132955,AAPL,-0.0043343069820031,,,,,,,,AAPL,155.73096433234787,0.5573096433234748
2016-03-28,106.0,106.19,105.06,105.19,19411372,AAPL,-0.004542443456042489,,,,,,,,AAPL,155.02356523251322,0.5502356523251282
2016-03-29,104.89,107.79,104.88,107.68,31190083,AAPL,0.023671451658902942,,,,,,,,AAPL,158.69319806290548,0.5869319806290503
2016-03-30,108.65,110.42,108.6,109.56,45601149,AAPL,0.017459138187221335,,,,,,,,AAPL,161.4638445372578,0.6146384453725737
2016-03-31,109.72,109.9,108.88,108.99,25888449,AAPL,-0.005202628696604705,,,,,,,,AAPL,160.62380810620417,0.6062380810620371
2016-04-01,108.78,110.0,108.2,109.99,25873950,AAPL,0.009175153683824266,,,,,,,,AAPL,162.09755623085968,0.6209755623085924
2016-04-04,110.42,112.19,110.27,111.12,37356204,AAPL,0.010273661241931187,,,,,,,,AAPL,163.76289161172042,0.6376289161171997
2016-04-05,109.51,110.73,109.42,109.81,26578652,AAPL,-0.011789056875449955,,,,,,,,AAPL,161.83228156842168,0.6183228156842127
2016-04-06,110.23,110.98,109.2,110.96,26404077,AAPL,0.010472634550587223,,,,,,,,AAPL,163.52709191177553,0.6352709191177508
2016-04-07,109.95,110.42,108.121,108.54,31801870,AAPL,-0.021809661139149172,,,,,,,,AAPL,159.96062145010922,0.5996062145010876
2016-04-08,108.91,109.77,108.17,108.66,23581740,AAPL,0.001105583195135429,,,,,,,,AAPL,160.13747122506786,0.6013747122506743
2016-04-11,108.97,110.61,108.83,109.02,29407518,AAPL,0.00331308669243513,,,,,,,,AAPL,160.66802054994383,0.6066802054994342
2016-04-12,109.34,110.5,108.66,110.44,27232325,AAPL,0.013025133003118805,,,,,,,,AAPL,162.76074288695466,0.6276074288695426
2016-04-13,110.8,112.34,110.8,112.04,33257316,AAPL,0.014487504527345152,,,,,,,,AAPL,165.1187398864035,0.6511873988640307
2016-04-14,111.62,112.39,111.33,112.1,25473923,AAPL,0.000535523027490159,,,,,,,,AAPL,165.2071647738828,0.652071647738824
2016-04-15,112.11,112.3,109.73,109.85,46938969,AAPL,-0.020071364852810025,,,,,,,,AAPL,161.8912314934079,0.618912314934075
2016-04-18,108.89,108.95,106.94,107.48,60821461,AAPL,-0.02157487482931264,,,,,,,,AAPL,158.39844843797434,0.5839844843797395
2016-04-19,107.88,108.0,106.23,106.91,32384879,AAPL,-0.005303312244138492,,,,,,,,AAPL,157.55841200692072,0.5755841200692031
2016-04-20,106.64,108.09,106.06,107.13,30611030,AAPL,0.002057805630904408,,,,,,,,AAPL,157.88263659434492,0.5788263659434452
2016-04-21,106.93,106.93,105.52,105.97,31552525,AAPL,-0.010827966022589397,,,,,,,,AAPL,156.1730887697445,0.5617308876974412
2016-04-22,105.01,106.48,104.62,105.68,33683121,AAPL,-0.002736623572709207,,,,,,,,AAPL,155.74570181359445,0.5574570181359402
2016-04-25,105.0,105.65,104.51,105.08,28031588,AAPL,-0.005677517032551149,,,,,,,,AAPL,154.8614529388011,0.5486145293880071
2016-04-26,103.91,105.3,103.91,104.35,56016165,AAPL,-0.006947087933003471,,,,,,,,AAPL,153.78561680780257,0.5378561680780218
2016-04-27,96.0,98.71,95.68,97.82,114602142,AAPL,-0.06257786296118828,,,,,,,,AAPL,144.1620415538021,0.44162041553801723
2016-04-28,97.61,97.88,94.25,94.83,82242690,AAPL,-0.030566346350439533,,,,,,,,AAPL,139.75553466108212,0.3975553466108177
2016-04-29,93.99,94.72,92.51,93.74,68531478,AAPL,-0.011494252873563204,,,,,,,,AAPL,138.14914920520764,0.38149149205207267
2016-05-02,93.965,94.08,92.4,93.64,48160104,AAPL,-0.0010667804565819283,,,,,,,,AAPL,138.00177439274208,0.3800177439274173
2016-05-03,94.2,95.74,93.68,95.18,56831277,AAPL,0.016445963263562735,,,,,,,,AAPL,140.27134650471157,0.40271346504711225
2016-05-04,95.2,95.9,93.82,94.19,41025475,AAPL,-0.010401344820340497,,,,,,,,AAPL,138.81233586130259,0.3881233586130226
2016-05-05,94.0,94.07,92.68,93.24,35890500,AAPL,-0.010085996390274965,,,,,,,,AAPL,137.41227514287985,0.37412275142879525
2016-05-06,93.37,93.45,91.85,92.72,43699886,AAPL,-0.005577005577005578,,,,,,,,AAPL,136.64592611805898,0.3664592611805866
2016-05-09,93.0,93.77,92.59,92.79,32936436,AAPL,0.0007549611734254391,,,,,,,,AAPL,136.7490884867849,0.36749088486784554
2016-05-10,93.33,93.57,92.11,93.42,33686836,AAPL,0.006789524733268548,,,,,,,,AAPL,137.67754980531785,0.376775498053175
2016-05-11,93.48,93.57,92.46,92.51,28719109,AAPL,-0.00974095482766002,,,,,,,,AAPL,136.33643901188134,0.36336439011880994
2016-05-12,92.72,92.78,89.47,90.34,76314690,AAPL,-0.023456923575829625,,,,,,,,AAPL,133.1384055813789,0.3313840558137855
2016-05-13,90.0,91.67,90.0,90.52,44392765,AAPL,0.0019924728802300784,,,,,,,,AAPL,133.4036802438169,0.33403680243816525
2016-05-16,92.39,94.39,91.65,93.88,61259756,AAPL,0.03711886875828552,,,,,,,,AAPL,138.3554739426594,0.38355473942659035
2016-05-17,94.55,94.7,93.01,93.49,46916939,AAPL,-0.004154239454622899,,,,,,,,AAPL,137.78071217404374,0.37780712174043396
2016-05-18,94.16,95.21,93.89,94.56,42062391,AAPL,0.011445074339501593,,,,,,,,AAPL,139.35762266742515,0.39357622667424796
2016-05-19,94.64,94.64,93.57,94.2,30442100,AAPL,-0.0038071065989847552,,,,,,,,AAPL,138.82707334254917,0.38827073342548823
2016-05-20,94.64,95.43,94.52,95.22,32025968,AAPL,0.010828025477706893,,,,,,,,AAPL,140.3302964296978,0.4033029642969743
2016-05-23,95.87,97.19,95.67,96.43,38018643,AAPL,0.012707414408737794,,,,,,,,AAPL,142.11353166053095,0.42113531660530623
2016-05-24,97.22,98.09,96.84,97.9,35140174,AAPL,0.015244218604168802,,,,,,,,AAPL,144.27994140377456,0.44279941403774226
2016-05-25,98.67,99.74,98.11,99.62,38642108,AAPL,0.01756894790602659,,,,,,,,AAPL,146.81478817818203,0.468147881781817
2016-05-26,99.68,100.73,98.64,100.41,56331159,AAPL,0.007930134511142217,,,,,,,,AAPL,147.97904919665987,0.4797904919665954
2016-05-27,99.44,100.47,99.245,100.35,36341240,AAPL,-0.0005975500448163196,,,,,,,,AAPL,147.89062430918054,0.4789062430918021
2016-05-31,99.6,100.4,98.82,99.86,42307212,AAPL,-0.004882909815645209,,,,,,,,AAPL,147.16848772809936,0.47168487728099007
2016-06-01,99.02,99.54,98.33,98.46,29173285,AAPL,-0.014019627478469965,,,,,,,,AAPL,145.10524035358162,0.4510524035358128
2016-06-02,97.6,97.84,96.63,97.72,40191600,AAPL,-0.007515742433475525,,,,,,,,AAPL,144.01466674133655,0.44014666741336206
2016-06-03,97.79,98.27,97.45,97.92,28504888,AAPL,0.002046663937781412,,,,,,,,AAPL,144.30941636626767,0.44309416366267307
2016-06-06,97.99,101.89,97.55,98.63,23292504,AAPL,0.007250816993463971,,,,,,,,AAPL,145.35577753477307,0.4535577753477271
2016-06-07,99.25,99.87,98.96,99.03,22409450,AAPL,0.004055561188279544,,,,,,,,AAPL,145.9452767846353,0.45945276784634936
2016-06-08,99.02,99.56,98.68,98.94,20848131,AAPL,-0.0009088155104514106,,,,,,,,AAPL,145.81263945341627,0.4581263945341594
2016-06-09,98.5,99.99,98.46,99.65,26601354,AAPL,0.007176066302809758,,,,,,,,AAPL,146.8590006219217,0.46859000621921343
2016-06-10,98.53,99.3457,98.48,98.83,31712936,AAPL,-0.008228800802809855,,,,,,,,AAPL,145.65052715970415,0.45650527159703813
2016-06-13,98.69,99.12,97.1,97.34,38020494,AAPL,-0.015076393807548216,,,,,,,,AAPL,143.45464245396747,0.4345464245396713
2016-06-14,97.32,98.475,96.75,97.46,31931944,AAPL,0.0012327922745016817,,,,,,,,AAPL,143.63149222892613,0.4363149222892577
2016-06-15,97.82,98.41,97.03,97.14,29445227,AAPL,-0.0032833983172583237,,,,,,,,AAPL,143.15989282903635,0.43159892829036006
2016-06-16,96.45,97.75,96.07,97.55,31326815,AAPL,0.0042207123738933205,,,,,,,,AAPL,143.76412956014514,0.4376412956014477
2016-06-17,96.62,96.65,95.3,95.33,61008219,AAPL,-0.02275756022552533,,,,,,,,AAPL,140.49240872340988,0.40492408723409556
2016-06-20,96.0,96.57,95.03,95.1,34411901,AAPL,-0.0024126717717403157,,,,,,,,AAPL,140.15344665473913,0.4015344665473879
2016-06-21,94.94,96.35,94.676,95.91,35546358,AAPL,0.008517350157728698,,,,,,,,AAPL,141.34718263571008,0.41347182635709756
2016-06-22,96.25,96.89,95.35,95.55,29219122,AAPL,-0.003753518923991228,,,,,,,,AAPL,140.8166333108341,0.40816633310833783
2016-06-23,95.94,96.29,95.25,96.1,32240187,AAPL,0.005756148613291545,,,,,,,,AAPL,141.6271947793946,0.41627194779394316
2016-06-24,92.91,94.655,92.65,93.4,75311356,AAPL,-0.02809573361082196,,,,,,,,AAPL,137.64807484282474,0.37648074842824464
2016-06-27,93.0,93.05,91.5,92.04,46622188,AAPL,-0.0145610278372591,,,,,,,,AAPL,135.64377739329328,0.35643777393292964
2016-06-28,92.9,93.66,92.14,93.59,40444914,AAPL,0.01684050412863969,,,,,,,,AAPL,137.9280869865093,0.37928086986509
2016-06-29,93.97,94.55,93.63,94.4,36531006,AAPL,0.008654770808847134,,,,,,,,AAPL,139.12182296748028,0.3912182296747997
2016-06-30,94.44,95.77,94.3,95.6,35836356,AAPL,0.012711864406779627,,,,,,,,AAPL,140.89032071706686,0.40890320717066575
2016-07-01,95.49,96.465,95.33,95.89,26026540,AAPL,0.0030334728033474256,,,,,,,,AAPL,141.31770767321697,0.41317707673216697
2016-07-05,95.39,95.4,94.46,94.99,27705210,AAPL,-0.009385754510376487,,,,,,,,AAPL,139.991334361027,0.3999133436102673
2016-07-06,94.6,95.66,94.37,95.53,30949090,AAPL,0.005684808927255647,,,,,,,,AAPL,140.787158348341,0.40787158348340724
2016-07-07,95.7,96.5,95.62,95.94,25139558,AAPL,0.0042918454935620964,,,,,,,,AAPL,141.39139507944975,0.41391395079449467
2016-07-08,96.49,96.89,96.05,96.68,28912103,AAPL,0.007713154054617588,,,,,,,,AAPL,142.48196869169482,0.4248196869169456
2016-07-11,96.75,97.65,96.73,96.98,23794945,AAPL,0.0031030202730657486,,,,,,,,AAPL,142.9240931290915,0.429240931290912
2016-07-12,97.17,97.7,97.12,97.42,24167463,AAPL,0.00453701794184358,,,,,,,,AAPL,143.5725423039399,0.4357254230393961
2016-07-13,97.41,97.67,96.84,96.87,25892171,AAPL,-0.005645657975774987,,,,,,,,AAPL,142.76198083537938,0.42761980835379076
2016-07-14,97.39,98.99,97.32,98.79,38918997,AAPL,0.01982037782595225,,,,,,,,AAPL,145.59157723471796,0.4559157723471765
2016-07-15,98.92,99.3,98.5,98.78,30136990,AAPL,-0.00010122482032604019,,,,,,,,AAPL,145.5768397534714,0.4557683975347109
2016-07-18,98.7,100.13,98.6,99.83,36493867,AAPL,0.010629682121886974,,,,,,,,AAPL,147.1242752843597,0.4712427528435936
2016-07-19,99.56,100.0,99.34,99.87,23779924,AAPL,0.000400681157968652,,,,,,,,AAPL,147.18322520934592,0.4718322520934559
2016-07-20,100.0,100.46,99.735,99.96,26275968,AAPL,0.00090117152297986,,,,,,,,AAPL,147.3158625405649,0.4731586254056459
2016-07-21,99.83,101.0,99.13,99.43,32702028,AAPL,-0.0053021208483392535,,,,,,,,AAPL,146.5347760344975,0.46534776034497183
2016-07-22,99.26,99.3,98.31,98.66,28313669,AAPL,-0.00774414160716097,,,,,,,,AAPL,145.39998997851274,0.45399989978512423
2016-07-25,98.25,98.84,96.92,97.34,40382921,AAPL,-0.013379282383944813,,,,,,,,AAPL,143.45464245396747,0.4345464245396715
2016-07-26,96.82,97.97,96.42,96.67,56239822,AAPL,-0.006883090199301445,,,,,,,,AAPL,142.46723121044826,0.42467231210447953
2016-07-27,104.265,104.35,102.75,102.95,92344820,AAPL,0.0649632771283748,,,,,,,,AAPL,151.7223694332849,0.5172236943328452
2016-07-28,102.83,104.45,102.82,104.34,39869839,AAPL,0.013501699854298277,,,,,,,,AAPL,153.77087932655604,0.5377087932655569
2016-07-29,104.19,104.55,103.68,104.21,27733688,AAPL,-0.0012459267778417438,,,,,,,,AAPL,153.57929207035082,0.5357929207035046
2016-08-01,104.41,106.15,104.41,106.05,38167871,AAPL,0.01765665483159018,,,,,,,,AAPL,156.29098861971696,0.5629098861971662
2016-08-02,106.05,106.07,104.0,104.48,33816556,AAPL,-0.014804337576614701,,,,,,,,AAPL,153.97720406400782,0.5397720406400748
2016-08-03,104.81,105.84,104.77,105.79,30202641,AAPL,0.012538284839203717,,,,,,,,AAPL,155.90781410730654,0.5590781410730621
2016-08-04,105.58,106.0,105.28,105.87,27408650,AAPL,0.0007562151432081166,,,,,,,,AAPL,156.02571395727898,0.5602571395727862
2016-08-05,106.27,107.65,106.18,107.48,40553402,AAPL,0.01520732974402561,,,,,,,,AAPL,158.39844843797434,0.5839844843797397
2016-08-08,107.52,108.37,107.16,108.37,28037220,AAPL,0.008280610346110828,,,,,,,,AAPL,159.71008426891774,0.5971008426891735
2016-08-09,108.23,108.94,108.01,108.81,26315204,AAPL,0.004060164252099208,,,,,,,,AAPL,160.3585334437662,0.6035853344376576
2016-08-10,108.71,108.9,107.76,108.0,24008505,AAPL,-0.007444168734491385,,,,,,,,AAPL,159.1647974627952,0.5916479746279479
2016-08-11,108.52,108.93,107.85,107.93,27484506,AAPL,-0.0006481481481480644,,,,,,,,AAPL,159.06163509406935,0.5906163509406892
2016-08-12,107.78,108.44,107.78,108.18,18660434,AAPL,0.002316316130825502,,,,,,,,AAPL,159.4300721252332,0.5943007212523279
2016-08-15,108.14,109.54,108.08,109.48,25868209,AAPL,0.012017008689221731,,,,,,,,AAPL,161.34594468728537,0.6134594468728496
2016-08-16,109.63,110.23,109.21,109.38,33794448,AAPL,-0.0009134088417976916,,,,,,,,AAPL,161.1985698748198,0.611985698748194
2016-08-17,109.1,109.37,108.34,109.22,25355976,AAPL,-0.0014627902724446695,,,,,,,,AAPL,160.96277017487495,0.6096277017487453
2016-08-18,109.23,109.6,109.02,109.08,21984703,AAPL,-0.001281816517121448,,,,,,,,AAPL,160.75644543742317,0.6075644543742276
2016-08-19,108.77,109.69,108.36,109.36,25368072,AAPL,0.0025669233590026597,,,,,,,,AAPL,161.16909491232673,0.6116909491232632
2016-08-22,108.86,109.1,107.85,108.51,25820230,AAPL,-0.007772494513533235,,,,,,,,AAPL,159.91640900636955,0.5991640900636914
2016-08-23,108.59,109.32,108.53,108.85,21257669,AAPL,0.0031333517648142184,,,,,,,,AAPL,160.41748336875239,0.6041748336875201
2016-08-24,108.565,108.75,107.68,108.03,23675081,AAPL,-0.007533302710151513,,,,,,,,AAPL,159.20900990653487,0.592090099065345
2016-08-25,107.39,107.88,106.68,107.57,25086248,AAPL,-0.004258076460242566,,,,,,,,AAPL,158.53108576919334,0.5853108576919297
2016-08-26,107.41,107.95,106.31,106.94,27766291,AAPL,-0.005856651482755382,,,,,,,,AAPL,157.6026244506604,0.5760262445066
2016-08-29,106.62,107.44,106.29,106.82,24970300,AAPL,-0.001122124555825721,,,,,,,,AAPL,157.4257746757017,0.5742577467570134
2016-08-30,105.8,106.5,105.5,106.0,24863945,AAPL,-0.007676465081445372,,,,,,,,AAPL,156.21730121348418,0.5621730121348383
2016-08-31,105.66,106.5699,105.64,106.1,29662406,AAPL,0.0009433962264151496,,,,,,,,AAPL,156.36467602594973,0.5636467602594939
2016-09-01,106.14,106.8,105.62,106.73,26701523,AAPL,0.0059377945334591065,,,,,,,,AAPL,157.29313734448272,0.5729313734448238
2016-09-02,107.7,108.0,106.82,107.73,26802450,AAPL,0.009369436896842442,,,,,,,,AAPL,158.76688546913823,0.5876688546913789
2016-09-06,107.9,108.3,107.51,107.7,26880391,AAPL,-0.0002784739626845445,,,,,,,,AAPL,158.72267302539856,0.5872267302539822
2016-09-07,107.83,108.76,107.07,108.36,42364328,AAPL,0.006128133704735417,,,,,,,,AAPL,159.69534678767118,0.5969534678767086
2016-09-08,107.25,107.27,105.24,105.52,53002026,AAPL,-0.026208933185677408,,,,,,,,AAPL,155.50990211364956,0.5550990211364921
2016-09-09,104.64,105.72,103.13,103.13,46556984,AAPL,-0.02264973464746023,,,,,,,,AAPL,151.98764409572289,0.5198764409572254
2016-09-12,102.65,105.72,102.53,105.44,45292770,AAPL,0.022398913992048852,,,,,,,,AAPL,155.3920022636771,0.5539200226367675
2016-09-13,107.51,108.79,107.24,107.95,62176190,AAPL,0.023805007587253568,,,,,,,,AAPL,159.09111005656246,0.5909111005656211
2016-09-14,108.73,113.03,108.6,111.77,112340318,AAPL,0.035386753126447346,,,,,,,,AAPL,164.72082789274648,0.6472082789274614
2016-09-15,113.86,115.73,113.49,115.57,90613177,AAPL,0.0339983895499687,,,,,,,,AAPL,170.32107076643743,0.7032107076643708
2016-09-16,115.12,116.13,114.04,114.92,79886911,AAPL,-0.0056242969628795825,,,,,,,,AAPL,169.36313448541136,0.69363134485411
2016-09-19,115.19,116.18,113.25,113.58,47023046,AAPL,-0.011660285415941551,,,,,,,,AAPL,167.38831199837296,0.6738831199837263
2016-09-20,113.05,114.12,112.51,113.57,34514269,AAPL,-8.804366966019828e-05,,,,,,,,AAPL,167.3735745171264,0.6737357451712607
2016-09-21,113.85,113.989,112.441,113.55,36003185,AAPL,-0.00017610284406088805,,,,,,,,AAPL,167.3440995546333,0.6734409955463296
2016-09-22,114.35,114.94,114.0,114.62,31073984,AAPL,0.009423161602818197,,,,,,,,AAPL,168.9210100480147,0.6892101004801436
2016-09-23,114.42,114.79,111.55,112.71,52481151,AAPL,-0.01666375850636892,,,,,,,,AAPL,166.10615112992267,0.6610615112992233
2016-09-26,111.64,113.39,111.55,112.88,29869442,AAPL,0.0015082956259426794,,,,,,,,AAPL,166.3566883111141,0.6635668831111377
2016-09-27,113.0,113.18,112.34,113.09,24607412,AAPL,0.0018603827072998236,,,,,,,,AAPL,166.66617541729175,0.6666617541729143
2016-09-28,113.69,114.64,113.43,113.95,29641085,AAPL,0.0076045627376426506,,,,,,,,AAPL,167.93359880449552,0.6793359880449519
2016-09-29,113.16,113.8,111.8,112.18,35886990,AAPL,-0.015533128565160093,,,,,,,,AAPL,165.32506462385527,0.6532506462385494
2016-09-30,112.46,113.37,111.8,113.05,36379106,AAPL,0.007755393118202836,,,,,,,,AAPL,166.60722549230553,0.6660722549230522
2016-10-03,112.71,113.05,112.28,112.52,21701760,AAPL,-0.004688191065900016,,,,,,,,AAPL,165.82613898623813,0.6582613898623781
2016-10-04,113.06,114.31,112.63,113.0,29736835,AAPL,0.004265908282971909,,,,,,,,AAPL,166.53353808607275,0.6653353808607245
2016-10-05,113.4,113.66,112.69,113.05,21453089,AAPL,0.00044247787610607325,,,,,,,,AAPL,166.60722549230553,0.666072254923052
2016-10-06,113.7,114.34,113.13,113.89,28779313,AAPL,0.007430340557275539,,,,,,,,AAPL,167.84517391701615,0.6784517391701583
2016-10-07,114.31,114.56,113.51,114.06,24358443,AAPL,0.001492668364211136,,,,,,,,AAPL,168.09571109820763,0.6809571109820727
2016-10-10,115.02,116.75,114.72,116.05,36235956,AAPL,0.01744695774153948,,,,,,,,AAPL,171.02846986627208,0.7102846986627172
2016-10-11,117.7,118.69,116.2,116.3,64041043,AAPL,0.0021542438604049696,,,,,,,,AAPL,171.39690689743597,0.7139690689743559
2016-10-12,117.35,117.98,116.75,117.34,37586787,AAPL,0.008942390369733433,,,,,,,,AAPL,172.9296049470777,0.7292960494707732
2016-10-13,116.79,117.44,115.72,116.98,35192406,AAPL,-0.0030680074995739215,,,,,,,,AAPL,172.3990556222017,0.7239905562220132
2016-10-14,117.88,118.17,117.13,117.63,35652191,AAPL,0.005556505385535981,,,,,,,,AAPL,173.35699190322777,0.733569919032274
2016-10-17,117.33,117.84,116.78,117.55,23624896,AAPL,-0.0006800986142990739,,,,,,,,AAPL,173.23909205325535,0.7323909205325496
2016-10-18,118.18,118.21,117.45,117.47,24553478,AAPL,-0.0006805614632071633,,,,,,,,AAPL,173.1211922032829,0.7312119220328253
2016-10-19,117.25,117.76,113.8,117.12,20034594,AAPL,-0.0029794841236059355,,,,,,,,AAPL,172.60538035965348,0.7260538035965312
2016-10-20,116.86,117.38,116.33,117.06,24125801,AAPL,-0.0005122950819672623,,,,,,,,AAPL,172.51695547217417,0.7251695547217378
2016-10-21,116.81,116.91,116.28,116.6,23192665,AAPL,-0.0039296087476508035,,,,,,,,AAPL,171.8390313348326,0.7183903133483225
2016-10-24,117.1,117.74,117.0,117.65,23538673,AAPL,0.009005145797598813,,,,,,,,AAPL,173.3864668657209,0.7338646686572057
2016-10-25,117.95,118.36,117.31,118.25,48128970,AAPL,0.0050998725031874415,,,,,,,,AAPL,174.2707157405142,0.7427071574051387
2016-10-26,114.31,115.7,113.31,115.59,66134219,AAPL,-0.022494714587737774,,,,,,,,AAPL,170.35054572893057,0.7035054572893022
2016-10-27,115.39,115.86,114.1,114.48,34562045,AAPL,-0.009602906825849966,,,,,,,,AAPL,168.71468531056294,0.6871468531056262
2016-10-28,113.87,115.21,113.45,113.72,37861662,AAPL,-0.00663871418588402,,,,,,,,AAPL,167.59463673582474,0.6759463673582442
2016-10-31,113.65,114.23,113.2,113.54,26419398,AAPL,-0.0015828350334153862,,,,,,,,AAPL,167.32936207338676,0.6732936207338642
2016-11-01,113.46,113.77,110.53,111.49,43825812,AAPL,-0.018055310903646427,,,,,,,,AAPL,164.30817841784292,0.643081784178426
2016-11-02,111.4,112.35,111.23,111.59,28331709,AAPL,0.0008969414297246292,,,,,,,,AAPL,164.4555532303085,0.6445555323030814
2016-11-03,110.98,111.46,109.55,109.83,26932602,AAPL,-0.015772022582668743,,,,,,,,AAPL,161.8617565309148,0.6186175653091444
2016-11-04,108.53,110.25,108.11,108.84,30836997,AAPL,-0.009013930620049071,,,,,,,,AAPL,160.40274588750586,0.6040274588750549
2016-11-07,110.08,110.51,109.46,110.41,32560000,AAPL,0.014424843807423704,,,,,,,,AAPL,162.716530443215,0.6271653044321464
2016-11-08,110.31,111.72,109.7,111.06,24254179,AAPL,0.005887147903269607,,,,,,,,AAPL,163.67446672424109,0.6367446672424071
2016-11-09,109.88,111.32,108.05,110.88,59176361,AAPL,-0.0016207455429497752,,,,,,,,AAPL,163.40919206180308,0.6340919206180271
2016-11-10,111.09,111.09,105.83,107.79,57134541,AAPL,-0.02786796536796532,,,,,,,,AAPL,158.85531035661757,0.588553103566172
2016-11-11,107.12,108.87,106.55,108.43,34143898,AAPL,0.00593747100844233,,,,,,,,AAPL,159.79850915639707,0.5979850915639673
2016-11-14,107.71,107.809,104.08,105.71,51175504,AAPL,-0.025085308493959402,,,,,,,,AAPL,155.7899142573341,0.5578991425733373
2016-11-15,106.57,107.68,106.1593,107.11,32264510,AAPL,0.013243780153249451,,,,,,,,AAPL,157.8531616318518,0.5785316163185144
2016-11-16,106.7,110.23,106.6,109.99,58840522,AAPL,0.026888245728690086,,,,,,,,AAPL,162.09755623085968,0.6209755623085929
2016-11-17,109.81,110.35,108.83,109.95,27632003,AAPL,-0.0003636694244930627,,,,,,,,AAPL,162.03860630587346,0.6203860630587308
2016-11-18,109.72,110.54,109.66,110.06,28428917,AAPL,0.0010004547521600404,,,,,,,,AAPL,162.20071859958557,0.6220071859958518
2016-11-21,110.12,111.99,110.01,111.73,29264571,AAPL,0.015173541704524895,,,,,,,,AAPL,164.6618779677603,0.6466187796775988
2016-11-22,111.95,112.42,111.4,111.8,25965534,AAPL,0.0006265103374205605,,,,,,,,AAPL,164.76504033648615,0.6476504033648578
2016-11-23,111.36,111.51,110.33,111.23,27426394,AAPL,-0.005098389982110874,,,,,,,,AAPL,163.92500390543253,0.6392500390543214
2016-11-25,111.13,111.87,110.95,111.79,11475922,AAPL,0.005034612964128327,,,,,,,,AAPL,164.75030285523962,0.6475030285523922
2016-11-28,111.43,112.465,111.39,111.57,27193983,AAPL,-0.001967975668664579,,,,,,,,AAPL,164.4260782678154,0.6442607826781499
2016-11-29,110.78,112.03,110.07,111.46,28528750,AAPL,-0.000985928116877255,,,,,,,,AAPL,164.26396597410326,0.6426396597410289
2016-11-30,111.6,112.2,110.27,110.52,36162258,AAPL,-0.008433518751121416,,,,,,,,AAPL,162.8786427369271,0.6287864273692672
2016-12-01,110.365,110.94,109.03,109.49,37086862,AAPL,-0.009319580166485708,,,,,,,,AAPL,161.36068216853192,0.6136068216853154
2016-12-02,109.17,110.09,108.85,109.9,26527997,AAPL,0.0037446342131701726,,,,,,,,AAPL,161.96491889964068,0.6196491889964031
2016-12-05,110.0,110.03,108.25,109.11,34324540,AAPL,-0.007188353048225737,,,,,,,,AAPL,160.80065788116283,0.6080065788116245
2016-12-06,109.5,110.36,109.19,109.95,26195462,AAPL,0.007698652735771194,,,,,,,,AAPL,162.03860630587346,0.6203860630587306
2016-12-07,109.26,111.19,109.16,111.03,29998719,AAPL,0.00982264665757171,,,,,,,,AAPL,163.63025428050142,0.6363025428050102
2016-12-08,110.86,112.43,110.6,112.12,27068316,AAPL,0.009817166531568056,,,,,,,,AAPL,165.23663973637593,0.6523663973637552
2016-12-09,112.31,114.7,112.31,113.95,34402627,AAPL,0.016321798073492655,,,,,,,,AAPL,167.93359880449552,0.679335988044951
2016-12-12,113.29,115.0,112.49,113.3,26374377,AAPL,-0.005704256252742512,,,,,,,,AAPL,166.97566252346942,0.66975662523469
2016-12-13,113.84,115.92,113.75,115.19,43733811,AAPL,0.0166813768755516,,,,,,,,AAPL,169.76104647906834,0.6976104647906791
2016-12-14,115.04,116.2,114.98,115.19,34031834,AAPL,0.0,,,,,,,,AAPL,169.76104647906834,0.6976104647906791
2016-12-15,115.38,116.73,115.23,115.82,46524544,AAPL,0.005469224759093727,,,,,,,,AAPL,170.6895077976013,0.7068950779760088
2016-12-16,116.47,116.5,115.645,115.97,44351134,AAPL,0.0012951131065446209,,,,,,,,AAPL,170.91057001629963,0.7091057001629921
2016-12-19,115.8,117.38,115.75,116.64,27779423,AAPL,0.005777356212813611,,,,,,,,AAPL,171.89798125981883,0.7189798125981839
2016-12-20,116.74,117.5,116.68,116.95,21424965,AAPL,0.002657750342935472,,,,,,,,AAPL,172.35484317846203,0.7235484317846159
2016-12-21,116.8,117.4,116.78,117.06,23783165,AAPL,0.0009405728943994163,,,,,,,,AAPL,172.51695547217417,0.7251695547217372
2016-12-22,116.35,116.51,115.64,116.29,26085854,AAPL,-0.00657782333845891,,,,,,,,AAPL,171.3821694161894,0.7138216941618898
2016-12-23,115.59,116.52,115.59,116.52,14249484,AAPL,0.0019778140854758153,,,,,,,,AAPL,171.72113148486017,0.7172113148485972
2016-12-27,116.52,117.8,116.49,117.26,18296855,AAPL,0.006350841057329193,,,,,,,,AAPL,172.81170509710526,0.728117050971048
2016-12-28,117.52,118.0166,116.2,116.76,20905892,AAPL,-0.004264028654272556,,,,,,,,AAPL,172.0748310347775,0.7207483103477703
2016-12-29,116.45,117.1095,116.4,116.73,15039519,AAPL,-0.0002569373072970338,,,,,,,,AAPL,172.03061859103784,0.7203061859103737
2016-12-30,116.65,117.2,115.43,115.82,30586265,AAPL,-0.007795768011650939,,,,,,,,AAPL,170.6895077976013,0.7068950779760084
2017-01-03,115.8,116.33,114.76,116.15,28781865,AAPL,0.002849248834398299,,,,,,,,AAPL,171.17584467873763,0.7117584467873717
2017-01-04,115.85,116.51,115.75,116.02,21118116,AAPL,-0.001119242359018613,,,,,,,,AAPL,170.9842574225324,0.7098425742253194
2017-01-05,115.92,116.8642,115.81,116.61,22193587,AAPL,0.0050853301154973884,,,,,,,,AAPL,171.85376881607917,0.718537688160787
2017-01-06,116.78,118.16,116.47,117.91,31751900,AAPL,0.011148272017837302,,,,,,,,AAPL,173.76964137813133,0.7376964137813087
2017-01-09,117.95,119.43,117.94,118.99,33561948,AAPL,0.009159528453905441,,,,,,,,AAPL,175.3612893527593,0.7536128935275881
2017-01-10,118.77,119.38,118.3,119.11,24462051,AAPL,0.0010084881082443875,,,,,,,,AAPL,175.53813912771795,0.7553813912771747
2017-01-11,118.74,119.93,118.6,119.75,27588593,AAPL,0.005373184451347601,,,,,,,,AAPL,176.48133792749746,0.7648133792749703
2017-01-12,118.895,119.3,118.21,119.25,27086220,AAPL,-0.0041753653444676075,,,,,,,,AAPL,175.7444638651697,0.7574446386516929
2017-01-13,119.11,119.62,118.81,119.04,26111948,AAPL,-0.001761006289308087,,,,,,,,AAPL,175.43497675899206,0.7543497675899165
2017-01-17,118.34,120.24,118.22,120.0,34439843,AAPL,0.008064516129032251,,,,,,,,AAPL,176.84977495866136,0.7684977495866092
2017-01-18,120.0,120.5,119.71,119.99,23712961,AAPL,-8.333333333332416e-05,,,,,,,,AAPL,176.83503747741477,0.7683503747741436
2017-01-19,119.4,120.09,119.37,119.78,25597291,AAPL,-0.00175014584548705,,,,,,,,AAPL,176.52555037123713,0.7652555037123672
2017-01-20,120.45,120.45,119.7346,120.0,32597892,AAPL,0.0018367006177992806,,,,,,,,AAPL,176.84977495866136,0.7684977495866092
2017-01-23,120.0,120.81,119.77,120.08,22050218,AAPL,0.0006666666666665932,,,,,,,,AAPL,176.96767480863377,0.7696767480863336
2017-01-24,119.55,120.1,119.5,119.97,23211038,AAPL,-0.0009160559626915088,,,,,,,,AAPL,176.8055625149217,0.7680556251492126
2017-01-25,120.42,122.1,120.28,121.88,32586673,AAPL,0.015920646828373686,,,,,,,,AAPL,179.62042143301372,0.7962042143301327
2017-01-26,121.67,122.44,121.6,121.94,26337576,AAPL,0.0004922874958976919,,,,,,,,AAPL,179.70884632049305,0.7970884632049262
2017-01-27,122.14,122.35,121.6,121.95,20562944,AAPL,8.20075446941182e-05,,,,,,,,AAPL,179.7235838017396,0.7972358380173918
2017-01-30,120.93,121.63,120.66,121.63,30377503,AAPL,-0.002624026240262478,,,,,,,,AAPL,179.25198440184982,0.7925198440184942
2017-01-31,121.15,121.39,120.62,121.35,49200993,AAPL,-0.002302063635616247,,,,,,,,AAPL,178.8393349269463,0.7883933492694586
2017-02-01,127.03,130.49,127.01,128.75,111985040,AAPL,0.06098063452822422,,,,,,,,AAPL,189.74507104939707,0.8974507104939662
2017-02-02,127.975,129.39,127.78,128.53,33710411,AAPL,-0.0017087378640776585,,,,,,,,AAPL,189.42084646197287,0.8942084646197241
2017-02-03,128.31,129.19,128.16,129.08,24507301,AAPL,0.004279156617132296,,,,,,,,AAPL,190.2314079305334,0.9023140793053297
2017-02-06,129.13,130.5,128.9,130.29,26845924,AAPL,0.009374031608304856,,,,,,,,AAPL,192.01464316136654,0.9201464316136612
2017-02-07,130.54,132.09,130.45,131.53,38183841,AAPL,0.009517230792846831,,,,,,,,AAPL,193.8420908359394,0.9384209083593897
2017-02-08,131.35,132.22,131.22,132.04,23004072,AAPL,0.003877442408575904,,,,,,,,AAPL,194.5937023795137,0.9459370237951326
2017-02-09,131.65,132.445,131.12,132.42,28349859,AAPL,0.002877915783096041,,,,,,,,AAPL,195.1537266668828,0.9515372666688235
2017-02-10,132.46,132.94,132.05,132.12,20065458,AAPL,-0.002265518803805988,,,,,,,,AAPL,194.71160222948615,0.9471160222948571
2017-02-13,133.08,133.82,132.75,133.29,23035421,AAPL,0.008855585831062607,,,,,,,,AAPL,196.43588753533308,0.9643588753533265
2017-02-14,133.47,135.09,133.25,135.02,33226223,AAPL,0.012979218245930069,,,,,,,,AAPL,198.98547179098713,0.9898547179098671
2017-02-15,135.52,136.27,134.62,135.51,35623100,AAPL,0.0036290919863721793,,,,,,,,AAPL,199.7076083720683,0.9970760837206787
2017-02-16,135.67,135.9,134.8398,135.345,22584555,AAPL,-0.0012176223156962207,,,,,,,,AAPL,199.46443993150015,0.9946443993149972
2017-02-17,135.1,135.83,135.1,135.72,22198197,AAPL,0.002770697107392195,,,,,,,,AAPL,200.017095478246,1.000170954782455
2017-02-21,136.23,136.75,135.98,136.7,24507156,AAPL,0.007220748600058835,,,,,,,,AAPL,201.46136864040835,1.0146136864040787
2017-02-22,136.43,137.12,136.11,137.11,20836932,AAPL,0.0029992684711048767,,,,,,,,AAPL,202.06560537151717,1.0206560537151668
2017-02-23,137.38,137.48,136.3,136.53,20788186,AAPL,-0.004230180147327012,,,,,,,,AAPL,201.21083145921696,1.0121083145921648
2017-02-24,135.91,136.66,135.28,136.66,21776585,AAPL,0.0009521716838789551,,,,,,,,AAPL,201.40241871542216,1.014024187154217
2017-02-27,137.14,137.435,136.28,136.93,20257426,AAPL,0.001975706132006483,,,,,,,,AAPL,201.80033070907916,1.0180033070907868
2017-02-28,137.08,137.435,136.7,136.99,23482860,AAPL,0.00043818009201790353,,,,,,,,AAPL,201.8887555965585,1.0188875559655801
2017-03-01,137.89,140.15,137.595,139.79,36414585,AAPL,0.020439448134900173,,,,,,,,AAPL,206.01525034559393,1.0601525034559338
2017-03-02,140.0,140.2786,138.76,138.96,26210984,AAPL,-0.0059374776450388245,,,,,,,,AAPL,204.79203940212986,1.0479203940212933
2017-03-03,138.78,139.83,138.59,139.78,21571121,AAPL,0.005900978698906156,,,,,,,,AAPL,206.00051286434734,1.0600051286434686
2017-03-06,139.365,139.77,138.5959,139.34,21750044,AAPL,-0.0031478036915152385,,,,,,,,AAPL,205.35206368949895,1.0535206368949845
2017-03-07,139.06,139.98,138.79,139.52,17446297,AAPL,0.001291804219893944,,,,,,,,AAPL,205.61733835193695,1.056173383519365
2017-03-08,138.95,139.8,138.82,139.0,18707236,AAPL,-0.0037270642201835402,,,,,,,,AAPL,204.85098932711608,1.0485098932711563
2017-03-09,138.74,138.79,137.05,138.68,22155904,AAPL,-0.002302158273381205,,,,,,,,AAPL,204.37938992722633,1.0437938992722589
2017-03-10,139.25,139.3571,138.64,139.14,19612801,AAPL,0.003316988751081551,,,,,,,,AAPL,205.05731406456783,1.0505731406456742
2017-03-13,138.85,139.43,138.82,139.2,17421717,AAPL,0.0004312203536007697,,,,,,,,AAPL,205.14573895204714,1.0514573895204675
2017-03-14,139.3,139.65,138.84,138.99,15309065,AAPL,-0.0015086206896550713,,,,,,,,AAPL,204.8362518458695,1.048362518458691
2017-03-15,139.41,140.7501,139.025,140.46,25691774,AAPL,0.01057630045326996,,,,,,,,AAPL,207.00266158911313,1.070026615891127
2017-03-16,140.72,141.02,140.26,140.69,19231998,AAPL,0.0016374768617399837,,,,,,,,AAPL,207.34162365778386,1.0734162365778346
2017-03-17,141.0,141.0,139.89,139.99,43884952,AAPL,-0.004975478001279288,,,,,,,,AAPL,206.30999997052504,1.0630999997052464
2017-03-20,140.4,141.5,140.23,141.46,21542038,AAPL,0.010500750053575203,,,,,,,,AAPL,208.47640971376862,1.0847640971376822
2017-03-21,142.11,142.8,139.73,139.84,39529912,AAPL,-0.011452000565530973,,,,,,,,AAPL,206.08893775182668,1.0608893775182628
2017-03-22,139.845,141.6,139.76,141.42,25860165,AAPL,0.01129862700228812,,,,,,,,AAPL,208.41745978878237,1.0841745978878192
2017-03-23,141.26,141.5844,140.61,140.92,20346301,AAPL,-0.0035355678121906653,,,,,,,,AAPL,207.68058572645464,1.0768058572645418
2017-03-24,141.5,141.74,140.35,140.64,22395563,AAPL,-0.001986942946352599,,,,,,,,AAPL,207.26793625155108,1.0726793625155064
2017-03-27,139.39,141.22,138.62,140.88,23575094,AAPL,0.0017064846416383617,,,,,,,,AAPL,207.62163580146841,1.0762163580146797
2017-03-28,140.91,144.04,140.62,143.8,33374805,AAPL,0.020726859738784853,,,,,,,,AAPL,211.92498032546254,1.1192498032546205
2017-03-29,143.68,144.49,143.19,144.12,29189955,AAPL,0.0022253129346314626,,,,,,,,AAPL,212.3965797253523,1.1239657972535184
2017-03-30,144.19,144.5,143.5,143.93,21207252,AAPL,-0.0013183458229253375,,,,,,,,AAPL,212.11656758166774,1.1211656758166728
2017-03-31,143.72,144.27,143.01,143.66,19661651,AAPL,-0.001875911901618954,,,,,,,,AAPL,211.71865558801076,1.1171865558801026
2017-04-03,143.71,144.12,143.05,143.7,19985714,AAPL,0.0002784351942084484,,,,,,,,AAPL,211.77760551299696,1.1177760551299647
2017-04-04,143.25,144.89,143.17,144.77,19891354,AAPL,0.007446068197634048,,,,,,,,AAPL,213.3545160063784,1.133545160063779
2017-04-05,144.22,145.46,143.81,144.02,27717854,AAPL,-0.0051806313462734455,,,,,,,,AAPL,212.24920491288674,1.1224920491288626
2017-04-06,144.29,144.52,143.45,143.66,21149034,AAPL,-0.0024996528259965123,,,,,,,,AAPL,211.71865558801076,1.1171865558801026
2017-04-07,143.73,144.18,143.27,143.34,16658543,AAPL,-0.0022274815536683645,,,,,,,,AAPL,211.247056188121,1.1124705618812052
2017-04-10,143.6,143.8792,142.9,143.17,18933397,AAPL,-0.00118599134923969,,,,,,,,AAPL,210.99651900692953,1.1099651900692904
2017-04-11,142.94,143.35,140.06,141.63,30379376,AAPL,-0.010756443388978076,,,,,,,,AAPL,208.72694689496007,1.0872694689495956
2017-04-12,141.6,142.15,141.01,141.8,20350000,AAPL,0.0012003106686437892,,,,,,,,AAPL,208.97748407615154,1.0897748407615104
2017-04-13,141.91,142.38,141.05,141.05,17822880,AAPL,-0.005289139633286366,,,,,,,,AAPL,207.8721729826599,1.078721729826594
2017-04-17,141.48,141.88,140.87,141.83,16582094,AAPL,0.0055299539170508005,,,,,,,,AAPL,209.02169651989118,1.0902169651989073
2017-04-18,141.41,142.04,141.11,141.2,14697544,AAPL,-0.004441937530846984,,,,,,,,AAPL,208.09323520135817,1.0809323520135772
2017-04-19,141.88,142.0,140.45,140.68,17328375,AAPL,-0.0036827195467420415,,,,,,,,AAPL,207.32688617653733,1.073268861765369
2017-04-20,141.22,142.92,141.16,142.44,23319562,AAPL,0.012510662496445724,,,,,,,,AAPL,209.92068287593102,1.0992068287593058
2017-04-21,142.44,142.68,141.85,142.27,17320928,AAPL,-0.0011934849761302546,,,,,,,,AAPL,209.67014569473957,1.0967014569473914
2017-04-24,143.5,143.95,143.18,143.64,17134333,AAPL,0.009629577563786906,,,,,,,,AAPL,211.68918062551762,1.1168918062551714
2017-04-25,143.91,144.9,143.87,144.53,18871501,AAPL,0.006196045669730088,,,,,,,,AAPL,213.00081645646105,1.1300081645646056
2017-04-26,144.47,144.6,143.3762,143.68,20041241,AAPL,-0.0058811319449249,,,,,,,,AAPL,211.74813055050387,1.1174813055050339
2017-04-27,143.9225,144.16,143.31,143.79,14246347,AAPL,0.0007655902004453097,,,,,,,,AAPL,211.91024284421593,1.1191024284421545
2017-04-28,144.09,144.3,143.27,143.65,20860358,AAPL,-0.0009736421169760368,,,,,,,,AAPL,211.70391810676418,1.117039181067637
2017-05-01,145.1,147.2,144.96,146.58,33602943,AAPL,0.020396797772363362,,,,,,,,AAPL,216.0220001120049,1.1602200011200434
2017-05-02,147.54,148.09,146.84,147.51,45352194,AAPL,0.006344658207122267,,,,,,,,AAPL,217.39258586793446,1.1739258586793393
2017-05-03,145.59,147.49,144.27,147.06,45697034,AAPL,-0.003050640634533197,,,,,,,,AAPL,216.72939921183948,1.1672939921183896
2017-05-04,146.52,147.14,145.81,146.53,23371872,AAPL,-0.0036039711682306352,,,,,,,,AAPL,215.94831270577205,1.1594831270577153
2017-05-05,146.76,148.98,146.76,148.96,27327725,AAPL,0.016583634750563014,,,,,,,,AAPL,219.52952064868495,1.1952952064868443
2017-05-08,149.03,153.7,149.03,153.01,48752413,AAPL,0.027188506981739913,,,,,,,,AAPL,225.49820055353976,1.2549820055353922
2017-05-09,153.87,154.88,153.45,153.99,39130363,AAPL,0.0064048101431279925,,,,,,,,AAPL,226.9424737157022,1.2694247371570162
2017-05-10,153.63,153.94,152.11,153.26,25805692,AAPL,-0.00474056756932284,,,,,,,,AAPL,225.86663758470365,1.2586663758470307
2017-05-11,152.45,154.07,152.31,153.95,27255058,AAPL,0.004502153203706172,,,,,,,,AAPL,226.88352379071594,1.2688352379071537
2017-05-12,154.7,156.42,154.67,156.1,32527017,AAPL,0.013965573238064355,,,,,,,,AAPL,230.0520822587253,1.3005208225872473
2017-05-15,156.01,156.65,155.05,155.7,26009719,AAPL,-0.002562459961563124,,,,,,,,AAPL,229.46258300886308,1.2946258300886253
2017-05-16,155.94,156.06,154.72,155.47,20048478,AAPL,-0.0014771997430956807,,,,,,,,AAPL,229.12362094019235,1.2912362094019176
2017-05-17,153.6,154.57,149.71,150.25,50767678,AAPL,-0.033575609442336174,,,,,,,,AAPL,221.43065572949055,1.2143065572949001
2017-05-18,151.27,153.34,151.13,152.54,33568215,AAPL,0.015241264559068268,,,,,,,,AAPL,224.80553893495164,1.2480553893495112
2017-05-19,153.38,153.98,152.63,153.06,26960788,AAPL,0.003408941916874353,,,,,,,,AAPL,225.57188795977257,1.2557188795977199
2017-05-22,154.0,154.58,152.91,153.99,22966437,AAPL,0.00607604860838884,,,,,,,,AAPL,226.9424737157022,1.2694247371570162
2017-05-23,154.9,154.9,153.31,153.8,19918871,AAPL,-0.001233846353659307,,,,,,,,AAPL,226.66246157201763,1.2666246157201706
2017-05-24,153.84,154.17,152.67,153.34,19219154,AAPL,-0.002990897269180781,,,,,,,,AAPL,225.9845374346761,1.2598453743467553
2017-05-25,153.73,154.35,153.03,153.87,19235598,AAPL,0.003456371462110308,,,,,,,,AAPL,226.76562394074352,1.2676562394074296
2017-05-26,154.0,154.24,153.31,153.61,21927637,AAPL,-0.0016897380905959158,,,,,,,,AAPL,226.38244942833313,1.2638244942833254
2017-05-30,153.42,154.43,153.33,153.67,20126851,AAPL,0.0003905995703403775,,,,,,,,AAPL,226.4708743158124,1.2647087431581183
2017-05-31,153.97,154.17,152.38,152.76,24451164,AAPL,-0.005921780438602142,,,,,,,,AAPL,225.1297635223759,1.2512976352237533
2017-06-01,153.17,153.33,152.22,153.18,16404088,AAPL,0.002749410840534372,,,,,,,,AAPL,225.74873773473124,1.257487377347307
2017-06-02,153.58,155.45,152.89,155.45,27770715,AAPL,0.014819166993079946,,,,,,,,AAPL,229.0941459776992,1.2909414597769868
2017-06-05,154.34,154.45,153.46,153.93,25331662,AAPL,-0.009778063686072591,,,,,,,,AAPL,226.85404882822286,1.2685404882822233
2017-06-06,153.9,155.81,153.78,154.45,26624926,AAPL,0.0033781589033974324,,,,,,,,AAPL,227.6203978530437,1.2762039785304315
2017-06-07,155.02,155.98,154.48,155.37,21069647,AAPL,0.005956620265458179,,,,,,,,AAPL,228.9762461277268,1.2897624612772622
2017-06-08,155.25,155.54,154.4,154.99,21250798,AAPL,-0.002445774602561568,,,,,,,,AAPL,228.41622184035768,1.2841622184035715
2017-06-09,155.19,155.19,146.02,148.98,64882657,AAPL,-0.03877669527066274,,,,,,,,AAPL,219.55899561117803,1.195589956111775
2017-06-12,145.74,146.09,142.51,145.42,72307330,AAPL,-0.0238958249429454,,,,,,,,AAPL,214.31245228740443,1.143124522874039
2017-06-13,147.16,147.45,145.15,146.59,34165445,AAPL,0.008045660844450575,,,,,,,,AAPL,216.0367375932514,1.1603673759325086
2017-06-14,147.5,147.5,143.84,145.16,31531232,AAPL,-0.009755099256429589,,,,,,,,AAPL,213.92927777499403,1.1392927777499344
2017-06-15,143.32,144.4798,142.21,144.29,32165373,AAPL,-0.005993386607880957,,,,,,,,AAPL,212.64711690654372,1.1264711690654314
2017-06-16,143.78,144.5,142.2,142.27,50361093,AAPL,-0.013999584170767077,,,,,,,,AAPL,209.67014569473957,1.0967014569473905
2017-06-19,143.66,146.74,143.66,146.34,32541404,AAPL,0.028607577142053753,,,,,,,,AAPL,215.6683005620875,1.1566830056208697
2017-06-20,146.87,146.87,144.94,145.01,24900073,AAPL,-0.009088424217575608,,,,,,,,AAPL,213.70821555629567,1.1370821555629513
2017-06-21,145.52,146.0693,144.61,145.87,21265751,AAPL,0.005930625474105389,,,,,,,,AAPL,214.97563894349946,1.1497563894349891
2017-06-22,145.77,146.7,145.1199,145.63,19106294,AAPL,-0.0016453006101323497,,,,,,,,AAPL,214.62193939358212,1.1462193939358158
2017-06-23,145.13,147.16,145.11,146.28,35439389,AAPL,0.004463366064684449,,,,,,,,AAPL,215.57987567460816,1.1557987567460768
2017-06-26,147.17,148.28,145.38,145.82,25692361,AAPL,-0.0031446540880503138,,,,,,,,AAPL,214.90195153726663,1.1490195153726614
2017-06-27,145.01,146.16,143.62,143.73,24761891,AAPL,-0.01433273899327936,,,,,,,,AAPL,211.8218179567366,1.1182181795673616
2017-06-28,144.49,146.11,143.1601,145.83,22082432,AAPL,0.014610728449175658,,,,,,,,AAPL,214.91668901851324,1.1491668901851275
2017-06-29,144.71,145.13,142.28,143.68,31499368,AAPL,-0.014743194130151571,,,,,,,,AAPL,211.74813055050387,1.1174813055050339
2017-06-30,144.45,144.96,143.78,144.02,23024107,AAPL,0.002366369710467664,,,,,,,,AAPL,212.24920491288674,1.1224920491288626
2017-07-03,144.88,145.3001,143.1,143.5,14277848,AAPL,-0.0036106096375504437,,,,,,,,AAPL,211.48285588806587,1.114828558880654
2017-07-05,143.69,144.79,142.7237,144.09,21569557,AAPL,0.004111498257839852,,,,,,,,AAPL,212.35236728161263,1.1235236728161215
2017-07-06,143.02,143.5,142.41,142.73,24128782,AAPL,-0.00943854535359856,,,,,,,,AAPL,210.3480698320811,1.1034806983208063
2017-07-07,142.9,144.75,142.9,144.18,19201712,AAPL,0.010159041546976999,,,,,,,,AAPL,212.48500461283163,1.1248500461283117
2017-07-10,144.11,145.95,143.37,145.06,21090636,AAPL,0.00610348175891251,,,,,,,,AAPL,213.78190296252848,1.1378190296252804
2017-07-11,144.73,145.85,144.38,145.53,19781836,AAPL,0.003240038604715334,,,,,,,,AAPL,214.47456458111654,1.1447456458111613
2017-07-12,145.87,146.18,144.82,145.74,24884478,AAPL,0.0014430014430015792,,,,,,,,AAPL,214.7840516872942,1.1478405168729382
2017-07-13,145.5,148.49,145.44,147.77,25199373,AAPL,0.01392891450528344,,,,,,,,AAPL,217.7757603803449,1.1777576038034452
2017-07-14,147.97,149.33,147.33,149.04,20132061,AAPL,0.008594437301211233,,,,,,,,AAPL,219.64742049865737,1.1964742049865698
2017-07-17,148.82,150.9,148.57,149.56,23793456,AAPL,0.0034889962426194465,,,,,,,,AAPL,220.4137695234783,1.2041376952347784
2017-07-18,149.2,150.13,148.67,150.08,17868792,AAPL,0.0034768654720513936,,,,,,,,AAPL,221.18011854829916,1.211801185482987
2017-07-19,150.48,151.42,149.95,151.02,20922969,AAPL,0.0062633262260127776,,,,,,,,AAPL,222.56544178547531,1.225654417854749
2017-07-20,151.5,151.74,150.19,150.34,17243748,AAPL,-0.00450271487220244,,,,,,,,AAPL,221.56329306070955,1.2156329306070912
2017-07-21,149.99,150.44,148.88,150.27,26252630,AAPL,-0.00046561128109612326,,,,,,,,AAPL,221.46013069198366,1.2146013069198327
2017-07-24,150.58,152.44,149.9,152.09,21493160,AAPL,0.012111532574698769,,,,,,,,AAPL,224.14235227885672,1.2414235227885628
2017-07-25,151.8,153.84,151.8,152.74,18853932,AAPL,0.0042737852587284575,,,,,,,,AAPL,225.1002885598828,1.2510028855988238
2017-07-26,153.35,153.93,153.06,153.46,15780951,AAPL,0.004713892889878224,,,,,,,,AAPL,226.16138720963477,1.2616138720963432
2017-07-27,153.75,153.99,147.3,150.56,32476337,AAPL,-0.018897432555714855,,,,,,,,AAPL,221.88751764813378,1.2188751764813333
2017-07-28,149.89,150.23,149.19,149.5,17213653,AAPL,-0.007040382571732229,,,,,,,,AAPL,220.3253446359989,1.2032534463599847
2017-07-31,149.9,150.33,148.13,148.73,19845920,AAPL,-0.005150501672240848,,,,,,,,AAPL,219.1905585800142,1.191905585800137
2017-08-01,157.06,158.92,156.6701,158.59,21194042,AAPL,0.06629462784912277,,,,,,,,AAPL,233.72171508911754,1.3372171508911705
2017-08-02,159.28,159.75,156.16,157.14,69936800,AAPL,-0.00914307333375386,,,,,,,,AAPL,231.584780308367,1.3158478030836651
2017-08-03,157.05,157.21,155.02,155.57,27097296,AAPL,-0.00999109074710447,,,,,,,,AAPL,229.27099575265788,1.2927099575265735
2017-08-04,156.07,157.4,155.69,156.39,20559852,AAPL,0.005270939127081098,,,,,,,,AAPL,230.47946921487537,1.3047946921487488
2017-08-07,157.06,158.92,156.6701,158.81,21870321,AAPL,0.015474135174883497,,,,,,,,AAPL,234.04593967654174,1.3404593967654126
2017-08-08,158.6,161.83,158.27,160.08,36205896,AAPL,0.007996977520307258,,,,,,,,AAPL,235.91759979485425,1.3591759979485376
2017-08-09,159.26,161.27,159.11,161.06,26131530,AAPL,0.0061219390304847465,,,,,,,,AAPL,237.36187295701666,1.3736187295701616
2017-08-10,159.9,160.0,154.63,155.32,40804273,AAPL,-0.03563889233825912,,,,,,,,AAPL,228.902558721494,1.2890255872149354
2017-08-11,156.6,158.5728,156.07,157.48,26257096,AAPL,0.013906773113572024,,,,,,,,AAPL,232.0858546707499,1.3208585467074947
2017-08-14,159.32,160.21,158.75,159.85,22122734,AAPL,0.015049530099060293,,,,,,,,AAPL,235.57863772618347,1.3557863772618304
2017-08-15,160.66,162.195,160.14,161.6,29465487,AAPL,0.01094776352830773,,,,,,,,AAPL,238.1576969443306,1.3815769694433016
2017-08-16,161.94,162.51,160.15,160.95,27671612,AAPL,-0.004022277227722859,,,,,,,,AAPL,237.19976066330452,1.3719976066330406
2017-08-17,160.52,160.71,157.84,157.86,27940565,AAPL,-0.01919850885368113,,,,,,,,AAPL,232.64587895811903,1.326458789581186
2017-08-18,157.86,159.5,156.72,157.5,27428069,AAPL,-0.0022805017103764147,,,,,,,,AAPL,232.11532963324305,1.321153296332426
2017-08-21,157.5,157.89,155.1101,157.21,26368528,AAPL,-0.0018412698412697548,,,,,,,,AAPL,231.68794267709293,1.3168794267709254
2017-08-22,158.23,160.0,158.02,159.78,21604585,AAPL,0.016347560587748777,,,,,,,,AAPL,235.47547535745758,1.3547547535745719
2017-08-23,159.07,160.47,158.88,159.98,19399081,AAPL,0.0012517211165352649,,,,,,,,AAPL,235.77022498238867,1.357702249823883
2017-08-24,160.43,160.74,158.55,159.27,19818918,AAPL,-0.004438054756844445,,,,,,,,AAPL,234.72386381388327,1.3472386381388293
2017-08-25,159.65,160.56,159.27,159.86,25480063,AAPL,0.0037044013310729706,,,,,,,,AAPL,235.59337520743006,1.3559337520742965
2017-08-28,160.14,162.0,159.93,161.47,25965972,AAPL,0.010071312398348464,,,,,,,,AAPL,237.9661096881254,1.3796610968812497
2017-08-29,160.1,163.12,160.0,162.91,29516910,AAPL,0.008918065275283382,,,,,,,,AAPL,240.08830698762935,1.400883069876289
2017-08-30,163.8,163.89,162.61,163.35,27269584,AAPL,0.0027008777852801646,,,,,,,,AAPL,240.73675616247777,1.4073675616247732
2017-08-31,163.64,164.52,163.48,164.0,26785096,AAPL,0.003979185797367668,,,,,,,,AAPL,241.69469244350387,1.4169469244350341
2017-09-01,164.8,164.94,163.63,164.05,16591051,AAPL,0.0003048780487806546,,,,,,,,AAPL,241.76837984973662,1.4176837984973623
2017-09-05,163.75,164.25,160.56,162.08,29536314,AAPL,-0.012008533983541625,,,,,,,,AAPL,238.8650960441653,1.3886509604416486
2017-09-06,162.71,162.99,160.52,161.91,21651726,AAPL,-0.0010488647581442523,,,,,,,,AAPL,238.61455886297384,1.3861455886297338
2017-09-07,162.09,162.24,160.36,161.26,21928502,AAPL,-0.004014575999011782,,,,,,,,AAPL,237.65662258194772,1.3765662258194729
2017-09-08,160.86,161.15,158.53,158.63,28611535,AAPL,-0.016309066104427616,,,,,,,,AAPL,233.78066501410376,1.337806650141033
2017-09-11,160.5,162.05,159.89,161.5,31580798,AAPL,0.018092416314694493,,,,,,,,AAPL,238.01032213186505,1.3801032213186462
2017-09-12,162.61,163.96,158.77,160.86,71714046,AAPL,-0.003962848297213495,,,,,,,,AAPL,237.06712333208557,1.3706712333208513
2017-09-13,159.87,159.96,157.91,159.65,44907361,AAPL,-0.007522068879771249,,,,,,,,AAPL,235.28388810125236,1.3528388810125196
2017-09-14,158.99,159.4,158.09,158.28,23760749,AAPL,-0.008581271531475143,,,,,,,,AAPL,233.2648531704743,1.3326485317047392
2017-09-15,158.47,160.97,158.0,159.88,49114602,AAPL,0.010108668182966962,,,,,,,,AAPL,235.62285016992314,1.3562285016992273
2017-09-18,160.11,160.5,157.995,158.67,28269435,AAPL,-0.007568176132099147,,,,,,,,AAPL,233.83961493908996,1.3383961493908956
2017-09-19,159.51,159.77,158.44,158.73,20810632,AAPL,0.00037814331631680353,,,,,,,,AAPL,233.9280398265693,1.339280398265689
2017-09-20,157.9,158.26,153.83,156.07,52951364,AAPL,-0.01675801675801669,,,,,,,,AAPL,230.0078698149856,1.3000786981498527
2017-09-21,155.8,155.8,152.75,153.39,37511661,AAPL,-0.01717178189274049,,,,,,,,AAPL,226.05822484090888,1.2605822484090847
2017-09-22,152.02,152.27,150.56,151.89,46645443,AAPL,-0.009778994719342848,,,,,,,,AAPL,223.8476026539256,1.238476026539252
2017-09-25,149.99,151.83,149.16,150.55,44387336,AAPL,-0.008822173941668177,,,,,,,,AAPL,221.87278016688725,1.2187278016688685
2017-09-26,151.78,153.92,151.69,153.14,36660045,AAPL,0.017203586848222985,,,,,,,,AAPL,225.68978780974498,1.2568978780974458
2017-09-27,153.8,154.7189,153.54,154.23,25504227,AAPL,0.007117670105785567,,,,,,,,AAPL,227.29617326561947,1.2729617326561908
2017-09-28,153.89,154.28,152.7,153.28,22005455,AAPL,-0.006159631718861358,,,,,,,,AAPL,225.89611254719676,1.2589611254719637
2017-09-29,153.21,154.13,152.0,154.12,26299810,AAPL,0.005480167014613846,,,,,,,,AAPL,227.1340609719074,1.2713406097190703
2017-10-02,154.26,154.45,152.72,153.81,18698842,AAPL,-0.0020114196729821288,,,,,,,,AAPL,226.6771990532642,1.266771990532638
2017-10-03,154.01,155.09,153.91,154.48,16230293,AAPL,0.004356023665561315,,,,,,,,AAPL,227.66461029678337,1.2766461029678298
2017-10-04,153.63,153.86,152.46,153.48,20163750,AAPL,-0.006473329880890777,,,,,,,,AAPL,226.19086217212785,1.2619086217212745
2017-10-05,154.18,155.44,154.05,155.39,21283769,AAPL,0.012444618191295165,,,,,,,,AAPL,229.00572109021988,1.2900572109021944
2017-10-06,154.97,155.49,154.56,155.3,17407558,AAPL,-0.0005791878499258329,,,,,,,,AAPL,228.8730837590009,1.2887308375900046
2017-10-09,155.81,156.73,155.485,155.84,16262923,AAPL,0.003477141017385721,,,,,,,,AAPL,229.6689077463149,1.2966890774631445
2017-10-10,156.055,158.0,155.1,155.9,15617014,AAPL,0.0003850102669404887,,,,,,,,AAPL,229.75733263379422,1.2975733263379379
2017-10-11,155.97,156.98,155.75,156.55,16905640,AAPL,0.004169339320077015,,,,,,,,AAPL,230.71526891482029,1.3071526891481988
2017-10-12,156.35,157.37,155.7299,156.0,16125054,AAPL,-0.003513254551261613,,,,,,,,AAPL,229.90470744625978,1.2990470744625933
2017-10-13,156.73,157.28,156.41,156.99,16394188,AAPL,0.006346153846154001,,,,,,,,AAPL,231.36371808966874,1.3136371808966834
2017-10-16,157.9,160.0,157.65,159.88,24121452,AAPL,0.018408815848143023,,,,,,,,AAPL,235.62285016992314,1.3562285016992273
2017-10-17,159.78,160.87,159.23,160.47,18997275,AAPL,0.003690267700775518,,,,,,,,AAPL,236.4923615634699,1.3649236156346944
2017-10-18,160.42,160.71,159.6,159.76,16374164,AAPL,-0.004424503022371851,,,,,,,,AAPL,235.44600039496447,1.3544600039496402
2017-10-19,156.75,157.08,155.02,155.98,42584166,AAPL,-0.02366049073610421,,,,,,,,AAPL,229.87523248376664,1.298752324837662
2017-10-20,156.61,157.75,155.96,156.25,23974146,AAPL,0.0017309911527119137,,,,,,,,AAPL,230.2731444774236,1.3027314447742318
2017-10-23,156.89,157.69,155.5,156.17,21984327,AAPL,-0.000512000000000068,,,,,,,,AAPL,230.15524462745117,1.3015524462745072
2017-10-24,156.29,157.42,156.2,157.1,17757230,AAPL,0.005955048985080369,,,,,,,,AAPL,231.5258303833808,1.3152583038338035
2017-10-25,156.91,157.55,155.27,156.41,21207098,AAPL,-0.004392106938255869,,,,,,,,AAPL,230.5089441773685,1.3050894417736805
2017-10-26,157.23,157.8295,156.78,157.41,17000469,AAPL,0.006393453104021507,,,,,,,,AAPL,231.98269230202402,1.3198269230202357
2017-10-27,159.29,163.6,158.7,163.05,44454160,AAPL,0.03582999809414922,,,,,,,,AAPL,240.29463172508113,1.402946317250807
2017-10-30,163.89,168.07,163.72,166.72,44700772,AAPL,0.02250843299601346,,,,,,,,AAPL,245.70328734256682,1.4570328734256641
2017-10-31,167.9,169.6499,166.94,169.04,36046828,AAPL,0.013915547024951902,,,,,,,,AAPL,249.1223829917676,1.4912238299176717
2017-11-01,169.87,169.94,165.61,166.89,33637762,AAPL,-0.012718883104590684,,,,,,,,AAPL,245.95382452375824,1.459538245237578
2017-11-02,167.64,168.5,165.28,168.11,41393373,AAPL,0.007310204326202996,,,,,,,,AAPL,247.751797235838,1.4775179723583753
2017-11-03,174.0,174.26,171.12,172.5,59398631,AAPL,0.026113854024150784,,,,,,,,AAPL,254.2215515030757,1.542215515030752
2017-11-06,172.365,174.99,171.72,174.25,35026306,AAPL,0.010144927536231974,,,,,,,,AAPL,256.8006107212228,1.5680061072122236
2017-11-07,173.91,175.25,173.6,174.81,24361485,AAPL,0.003213773314203694,,,,,,,,AAPL,257.62590967102994,1.5762590967102943
2017-11-08,174.66,176.24,174.33,176.24,24409527,AAPL,0.008180310050912354,,,,,,,,AAPL,259.7333694892873,1.597333694892868
2017-11-09,175.11,176.095,173.14,175.88,29185668,AAPL,-0.0020426690876078624,,,,,,,,AAPL,259.2028201644113,1.592028201644108
2017-11-10,175.11,175.38,174.27,174.67,25145500,AAPL,-0.006879690698203378,,,,,,,,AAPL,257.4195849335781,1.5741958493357764
2017-11-13,173.5,174.5,173.4,173.97,16982080,AAPL,-0.004007557107688742,,,,,,,,AAPL,256.3879612463193,1.5638796124631877
2017-11-14,173.04,173.48,171.18,171.34,24782487,AAPL,-0.015117549002701569,,,,,,,,AAPL,252.51200367847528,1.525120036784748
2017-11-15,169.97,170.3197,168.38,169.08,29158070,AAPL,-0.013190148243258926,,,,,,,,AAPL,249.18133291675386,1.4918133291675337
2017-11-16,171.18,171.87,170.3,171.1,23637484,AAPL,0.011947007333806381,,,,,,,,AAPL,252.15830412855794,1.5215830412855746
2017-11-17,171.04,171.39,169.64,170.15,21899544,AAPL,-0.005552308591466937,,,,,,,,AAPL,250.75824341013524,1.5075824341013475
2017-11-20,170.29,170.56,169.56,169.98,16262447,AAPL,-0.0009991184249192875,,,,,,,,AAPL,250.50770622894382,1.5050770622894327
2017-11-21,170.78,173.7,170.78,173.14,25131295,AAPL,0.018590422402635642,,,,,,,,AAPL,255.16475030285523,1.5516475030285468
2017-11-22,173.36,175.0,173.05,174.96,25588925,AAPL,0.010511724615917872,,,,,,,,AAPL,257.84697188972825,1.5784697188972774
2017-11-24,175.1,175.5,174.6459,174.97,14026673,AAPL,5.71559213533579e-05,,,,,,,,AAPL,257.8617093709748,1.5786170937097426
2017-11-27,175.05,175.08,173.34,174.09,20716802,AAPL,-0.005029433617191548,,,,,,,,AAPL,256.564811021278,1.565648110212774
2017-11-28,174.3,174.87,171.86,173.07,26428802,AAPL,-0.005859038428399188,,,,,,,,AAPL,255.0615879341293,1.5506158793412874
2017-11-29,172.63,172.92,167.16,169.48,41666364,AAPL,-0.02074305194430004,,,,,,,,AAPL,249.77083216661603,1.4977083216661544
2017-11-30,170.43,172.14,168.44,171.85,41527218,AAPL,0.01398395090866189,,,,,,,,AAPL,253.2636152220496,1.53263615222049
2017-12-01,169.95,171.67,168.5,171.05,39759288,AAPL,-0.004655222577829354,,,,,,,,AAPL,252.08461672232522,1.5208461672232465
2017-12-04,172.48,172.62,169.63,169.8,32542385,AAPL,-0.007307804735457446,,,,,,,,AAPL,250.24243156650581,1.5024243156650527
2017-12-05,169.06,171.52,168.4,169.64,27350154,AAPL,-0.0009422850412250661,,,,,,,,AAPL,250.0066318665609,1.5000663186656036
2017-12-06,167.5,170.2047,166.46,169.01,28560000,AAPL,-0.0037137467578400862,,,,,,,,AAPL,249.0781705480279,1.4907817054802739
2017-12-07,169.03,170.44,168.91,169.32,25673308,AAPL,0.0018342109934323947,,,,,,,,AAPL,249.53503246667114,1.4953503246667061
2017-12-08,170.49,171.0,168.82,169.37,23355231,AAPL,0.00029529884242851523,,,,,,,,AAPL,249.60871987290398,1.4960871987290338
2017-12-11,169.2,172.89,168.79,172.67,35273759,AAPL,0.0194839700064946,,,,,,,,AAPL,254.4720886842671,1.5447208868426654
2017-12-12,172.15,172.39,171.461,171.7,19409230,AAPL,-0.0056176521688769965,,,,,,,,AAPL,253.0425530033513,1.530425530033507
2017-12-13,172.5,173.54,172.0,172.27,23818447,AAPL,0.00331974373907995,,,,,,,,AAPL,253.88258943440496,1.5388258943440438
2017-12-14,172.4,173.13,171.65,172.22,20476541,AAPL,-0.00029024206187966417,,,,,,,,AAPL,253.80890202817216,1.5380890202817161
2017-12-15,173.63,174.17,172.46,173.97,40169307,AAPL,0.010161421437695939,,,,,,,,AAPL,256.3879612463193,1.5638796124631873
2017-12-18,174.88,177.2,174.86,176.42,29421114,AAPL,0.014082887854227621,,,,,,,,AAPL,259.9986441517253,1.5999864415172471
2017-12-19,175.03,175.39,174.09,174.54,27436447,AAPL,-0.010656388164607122,,,,,,,,AAPL,257.22799767737297,1.5722799767737237
2017-12-20,174.87,175.42,173.25,174.35,23475649,AAPL,-0.0010885756846568118,,,,,,,,AAPL,256.9479855336884,1.569479855336878
2017-12-21,174.17,176.02,174.1,175.01,20949896,AAPL,0.003785488958990557,,,,,,,,AAPL,257.920659295961,1.5792065929596046
2017-12-22,174.68,175.424,174.5,175.01,16349444,AAPL,0.0,,,,,,,,AAPL,257.920659295961,1.5792065929596046
2017-12-26,170.8,171.47,169.679,170.57,33185536,AAPL,-0.025369978858350906,,,,,,,,AAPL,251.37721762249052,1.5137721762249003
2017-12-27,170.1,170.78,169.71,170.6,21498213,AAPL,0.00017588087002406994,,,,,,,,AAPL,251.42143006623022,1.5142143006622972
2017-12-28,171.0,171.85,170.48,171.08,16480187,AAPL,0.0028135990621338536,,,,,,,,AAPL,252.12882916606486,1.5212882916606443
2017-12-29,170.52,170.59,169.22,169.23,25999922,AAPL,-0.010813654430675834,,,,,,,,AAPL,249.40239513545217,1.4940239513545173
2018-01-02,170.16,172.3,169.26,172.26,25555934,AAPL,0.0179046268392129,,,,,,,,AAPL,253.86785195315835,1.538678519531579
2018-01-03,172.53,174.55,171.96,172.23,29517899,AAPL,-0.00017415534656917142,,,,,,,,AAPL,253.8236395094187,1.5382363950941822
2018-01-04,172.54,173.47,172.08,173.03,22434597,AAPL,0.004644951518318674,,,,,,,,AAPL,255.0026380091431,1.5500263800914267
2018-01-05,173.44,175.37,173.05,175.0,23660018,AAPL,0.011385308905970115,,,,,,,,AAPL,257.9059218147145,1.5790592181471403
2018-01-08,174.35,175.61,173.93,174.35,20567766,AAPL,-0.003714285714285781,,,,,,,,AAPL,256.9479855336884,1.5694798553368794
2018-01-09,174.55,175.06,173.41,174.33,21583997,AAPL,-0.00011471178663602366,,,,,,,,AAPL,256.9185105711953,1.5691851057119486
2018-01-10,173.16,174.3,173.0,174.29,23959895,AAPL,-0.00022944989387951864,,,,,,,,AAPL,256.85956064620905,1.568595606462086
2018-01-11,174.59,175.4886,174.49,175.28,18667729,AAPL,0.005680188192093594,,,,,,,,AAPL,258.31857128961803,1.5831857128961757
2018-01-12,176.18,177.36,175.65,177.09,25418080,AAPL,0.010326335006846099,,,,,,,,AAPL,260.98605539524453,1.6098605539524402
2018-01-16,177.9,179.39,176.14,176.19,29565947,AAPL,-0.005082161612739333,,,,,,,,AAPL,259.6596820830545,1.5965968208305403
2018-01-17,176.15,179.25,175.07,179.1,34386836,AAPL,0.0165162608547591,,,,,,,,AAPL,263.94828912580203,1.6394828912580155
2018-01-18,179.37,180.1,178.25,179.26,31193352,AAPL,0.0008933556672250376,,,,,,,,AAPL,264.1840888257469,1.6418408882574642
2018-01-19,178.61,179.58,177.41,178.46,32425067,AAPL,-0.004462791476068206,,,,,,,,AAPL,263.0050903260225,1.6300509032602202
2018-01-22,177.3,177.78,176.6016,177.0,27108551,AAPL,-0.008181105009525957,,,,,,,,AAPL,260.8534180640255,1.6085341806402496
2018-01-23,177.3,179.44,176.82,177.04,32689146,AAPL,0.00022598870056489417,,,,,,,,AAPL,260.91236798901167,1.6091236798901116
2018-01-24,177.25,177.3,173.2,174.22,51105090,AAPL,-0.015928603705377298,,,,,,,,AAPL,256.75639827748313,1.5675639827748262
2018-01-25,174.505,174.95,170.53,171.11,41529004,AAPL,-0.017850992997359594,,,,,,,,AAPL,252.17304160980456,1.5217304160980403
2018-01-26,172.0,172.0,170.06,171.51,39143011,AAPL,0.0023376775173864495,,,,,,,,AAPL,252.76254085966673,1.5276254085966623
2018-01-29,170.16,170.16,167.07,167.96,50640406,AAPL,-0.020698501545099335,,,,,,,,AAPL,247.53073501713968,1.4753073501713918
2018-01-30,165.525,167.37,164.7,166.97,46048185,AAPL,-0.005894260538223395,,,,,,,,AAPL,246.07172437373072,1.4607172437373022
2018-01-31,166.87,168.4417,166.5,167.43,32478930,AAPL,0.0027549859256155163,,,,,,,,AAPL,246.74964851107225,1.467496485110718
2018-02-01,167.165,168.62,166.76,167.78,47230787,AAPL,0.0020904258496088346,,,,,,,,AAPL,247.26546035470167,1.4726546035470123
2018-02-02,166.0,166.8,160.1,160.5,86593825,AAPL,-0.04339015377279776,,,,,,,,AAPL,236.53657400720957,1.3653657400720913
2018-02-05,159.1,163.88,156.0,156.49,72738522,AAPL,-0.02498442367601239,,,,,,,,AAPL,230.62684402734095,1.3062684402734055
2018-02-06,154.83,163.72,154.0,163.03,68243838,AAPL,0.04179180778324487,,,,,,,,AAPL,240.26515676258802,1.4026515676258757
2018-02-07,163.085,163.4,159.0685,159.54,51608580,AAPL,-0.021407102987180293,,,,,,,,AAPL,235.12177580754025,1.3512177580753986
